,user_id,fl_approved
0,000ade4b-897e-450a-89f2-2f5e3078737e,0
1,000b8d33-19bd-4ec0-b822-5ad42cfb83a3,1
2,0016326d-1bb3-490b-9f67-3b6a419d9e87,1
3,001649ca-51cd-47c8-b186-1f3b3576d468,1
4,0018ec37-df63-4318-aaf6-eb27f851964b,1
5,00244b6f-8b1d-4b7f-bc62-26664fbdad40,1
6,00283d2c-79cc-4e92-b915-47d224b01a10,1
7,002a5e8d-aa19-4f27-81e4-d6c115ac26f6,1
8,002d305c-c671-4125-b8cb-ccd7b2a72563,1
9,0032416e-9e2f-443d-881d-67d9807f3a30,1
10,0032a86c-3c34-4745-b504-c445bd20ad39,0
11,003490c9-4014-4869-805e-1088c814c867,1
12,0035c17f-1ee4-4e4f-8d9c-3c9c0f169733,1
13,003b8dd9-2722-438c-a3a5-03939830d383,1
14,003f2c68-3dd5-4a0e-b678-879879145dc5,1
15,003fab6a-09a5-412a-8c5b-abb8b6c2f256,0
16,0043ebdc-1f35-462f-843b-b4837c06e68c,1
17,0044dad5-5e29-4a88-819c-bfbf7d1cea7e,0
18,0045d860-1d9f-4ccd-b370-220f85742169,1
19,00485a0b-1c05-404b-b3b4-46a38e4597e1,1
20,004fa1a5-d545-4f1c-aca0-628a35132cfc,1
21,00581f5f-7287-4481-80f5-1ff95e325234,1
22,005d8498-6330-4bfb-9f69-285d3234dd35,0
23,00605a26-332c-479f-8f3f-5039e346849e,1
24,0065fae2-7157-4802-8428-03100b02ef29,1
25,0066356f-48d5-42e9-bd2f-82f7c2b63d6b,1
26,0066ed3f-4e8e-4542-8d9c-e17a0d0eea62,1
27,006ab2e7-537a-4ec0-81ee-ebeff9dada37,0
28,006b33fc-3c11-49ed-8f46-6fd44b4773bb,1
29,006ba5cb-5f2b-48f3-bc2c-560455e384f8,1
30,0070f50d-e71e-4256-a338-c31e53836d0b,1
31,00719b4c-b6eb-4474-9629-17beda00f390,1
32,0072a6f6-7278-4527-8c7a-70760d3001e6,0
33,0078267f-e3ee-4f6b-86f7-bf3d057cde68,1
34,007c2b11-a49e-46ef-8da4-e05755cdb7bd,1
35,0080cceb-e659-4aa1-ac2a-6e5d5d501c2d,1
36,00824957-1261-4cb6-898c-2e7398c73c70,1
37,00848d15-0ec5-4210-bf17-57839017efbf,1
38,00866152-e66a-42de-b580-bbbf65f94443,1
39,0087d7de-916f-4fb7-b258-31fce3a3e5ca,1
40,008e0e82-7058-49ac-92a8-b73a762cea10,1
41,0092298a-c601-4048-ac89-febd405facf1,1
42,00924714-45a2-4855-9e9b-02a313879383,1
43,00960768-8d10-4a70-a290-f493952e7d41,1
44,009ea4ee-4af4-4c6f-8a88-f4008fd3d498,1
45,009f2c0a-f079-417b-a99e-d0330a7c432b,1
46,00a1e7f9-01b2-4dd0-a98b-115f7ccdc642,1
47,00a4d705-153e-46e3-9156-358aa9aaed3a,1
48,00a94164-77e5-40e3-8021-07cd82e3ae78,1
49,00ba954f-e52f-402c-b3e1-cb8701e42c66,1
50,00baf588-4a01-45ef-b530-0b4327fc639c,0
51,00bc8a18-c5d2-49cc-b7ad-65193cc9cc71,1
52,00bf57c3-6e78-46f6-8548-768a62b13fec,1
53,00c786fc-215e-4aa9-8773-4488645069be,1
54,00c9f277-fa59-431a-bf27-d5af40e5d66b,1
55,00ce8d91-bb82-4480-9386-1ce08cf39848,1
56,00d05613-ecca-462e-9d70-263d21b5bb66,1
57,00d38057-291b-4f26-9e1b-5b95bab40c35,1
58,00d5d204-a17f-4cf4-bb78-58d60f069696,0
59,00d6acd5-bd47-4fa4-ac1c-c93f156d49cd,1
60,00ddd852-8805-4bdd-b43c-64d6d2a596b7,1
61,00df0d77-04f6-4495-9151-ba1f6b226c60,0
62,00dfb1cf-d9e5-4ba0-9f77-27a2162c6ea3,1
63,00e0432e-456d-48f9-889e-bbd849f83a00,0
64,00e73fe6-4172-4c8b-81a1-ab3eaccf03d8,1
65,00ee5860-12c2-4f9a-bce1-2f2181732221,0
66,00f0f18d-12d4-42ef-9156-d5af89adaac2,1
67,00faeca7-5fc8-4778-9f69-44ef3e288554,1
68,00fbb143-0852-4e1b-bbdb-8c23bb7d7e9a,1
69,0103d9cc-579a-450f-a5d6-be4eeed96a33,1
70,01075531-5a0b-4378-8778-bca3994b512c,1
71,011c2e6c-442e-43b2-b51f-3fd11de7150d,1
72,01236c23-e010-4de8-b76b-23b1e7cbe2cb,1
73,0123871e-d538-4ec9-9709-3ecc5bdcac44,1
74,01266aad-e7e7-4f63-9e4b-10fbf0da82ca,1
75,013d1464-7d69-4397-a443-3cfc3c2b4a10,1
76,0144c9f3-c143-4a9a-83bc-788cb31cdf91,1
77,01459a22-2814-48fe-93d8-5ec06a0ae504,1
78,014df34b-c53b-435b-a7fe-b1fe9df297ce,1
79,01506568-b3f8-4b3f-a164-204f09c17d38,1
80,01550a6d-2b54-442c-b822-77e9cc4dde4f,1
81,015b65f8-87bc-47e5-8cc2-3fffe26ae86a,0
82,015d93fb-60d2-4fe0-a4a2-ab6e4ef9565f,1
83,0163dfb7-af5e-4ef2-a767-8c0f657e0bdf,1
84,01647811-b918-44b1-ac52-5ed15a7c7e3f,1
85,01672aa8-5651-4629-a21f-0bc16769f605,1
86,016793e9-ca93-4044-b2b7-33b32d559e8e,0
87,0167ef05-f231-414e-bee6-244378499f08,1
88,016bfecc-b49a-4c89-aae3-7a3f4769d8cb,1
89,016c0772-f9f7-4120-aff5-f02569d61776,0
90,016db888-30e1-45b8-a6f7-fac54b790c1e,0
91,017216de-a181-4c2e-9220-2b8c67b10ad6,0
92,0178663d-fde5-40e7-84f2-fa135d4d2f8f,1
93,01795bff-b31c-4cf6-81ed-51f456f4cee1,1
94,017a72fc-212d-4716-8828-80b8bb8473b2,0
95,017e1514-497e-4095-87f7-3cd4dad0d92c,1
96,017e3708-5ffe-4d2f-ab5b-686389548efa,1
97,017e663d-a236-40d7-8743-de2aaa68d317,1
98,017f5b9e-f159-44d6-b803-2bec5683ffc3,1
99,01815808-194f-4e40-88ba-feac5d7ff033,1
100,018311d1-b203-4267-a954-4eaee3c18990,1
101,01859045-f4d5-4672-8adb-69e2ace5fe7b,1
102,0185b465-db4b-43c7-99f9-be7449cdf97a,1
103,0186ca53-0410-4270-b404-ff098c5fd5cd,1
104,01882d60-ae0e-4294-b1eb-863e570ba6d0,0
105,01887a1e-e732-4242-9c3f-e8be9004d008,1
106,01967550-b6b8-48e4-867a-c57b8bd96ae0,1
107,019b1489-8323-4bb8-91fa-a823b82349e4,1
108,01a2a7a7-d975-42a9-91ff-7ebf5c14f91f,1
109,01a62825-683c-4f29-a217-15f62d59048c,1
110,01a98adf-cae8-44b1-a3af-3c4ee6c6f868,1
111,01abc51a-7896-41ad-83ad-7eabeed7fab4,0
112,01ade440-0756-4927-b571-cf9477357124,0
113,01b835ec-92fb-4a2b-a325-5dd2903cbbeb,1
114,01bb3d39-88d6-4e8b-b254-2713b97dfc3a,1
115,01c3cd57-3f98-4d57-a1db-63dadbeee3f1,0
116,01c467e8-bf81-4469-b0d6-011e92d9b2fc,1
117,01c9ff9b-c0d1-491a-871f-3cc5dd06360a,1
118,01ca36c1-a5f8-4956-a93e-41e13da838f1,1
119,01d02df8-90d9-41a2-bae2-d9a14a42fb6a,0
120,01dc0607-4514-4a5a-8b86-96babaaeac3b,1
121,01de3ede-3e3c-495d-a40d-bd0889644d85,1
122,01e2b71e-fe3c-434b-815e-48900f668d1c,0
123,01e3ebae-2d30-495e-94b2-6c41bddcec9a,1
124,01e701fd-8ba9-472e-97cb-14f0528c0fd8,1
125,01ee5527-7246-4284-bdd9-217bce3215c5,0
126,01f82c98-52cf-43d9-9b30-a5274072549e,1
127,01fa5650-cd92-4550-84ff-7c20f79710f7,0
128,0205e424-fb81-4bad-903d-e9e2dde9dfd9,1
129,02083a6d-5844-46c4-a529-d930249f0c28,0
130,020ce970-b0a4-4e8f-af37-ce592c0ee446,1
131,0210e27f-10e8-4843-9885-47f52a2bb3f2,1
132,021c2e76-8eb5-45b7-ba93-9563e6eeadb0,1
133,021f3463-c067-4229-a4ea-250776b46684,1
134,021f6fa8-ffeb-4824-9fc6-10a32d9d8319,1
135,02217553-6673-44f8-b85c-2cdbbb189489,1
136,022324b1-4de8-4355-b74d-09e9bc332853,1
137,0223c893-37e0-4280-9367-b02aea45f4c5,1
138,02249bcc-546e-4559-887d-bb3012f7d52e,0
139,02259a79-8703-400d-90b0-b7af565d4be7,1
140,0226e5f7-5d0c-4f92-877c-a9fe91eec54b,0
141,0226fbe3-ecab-4cee-b719-839d3d4aaf87,1
142,02282c36-08d9-4c36-a029-40d168e82ee0,0
143,02352729-c7b2-4f9b-99f4-5eb6e0454d64,1
144,0235bae8-fdba-49bc-a476-8042749be43a,0
145,024c0c33-3463-4dfc-aaf5-78e480af69e5,1
146,024c5f51-91e7-41d0-89b2-6621f5eb9905,1
147,024fb2b5-50ca-42db-966f-962a2e3389b9,1
148,0252113b-434f-4622-97f7-59c469cf7c92,1
149,0254621f-9378-4cf4-a8b6-a73d547b6856,1
150,02572ef1-3e95-4e74-a45f-da97a857fdaf,1
151,0258f961-43cd-48a6-a73e-bb6069e8fec5,0
152,025ea548-2d48-46e0-8b59-c1d3f1f27183,1
153,025fca50-713d-4b69-82e8-9145766c0f35,1
154,0262949e-1084-4e5b-a263-1d56af9b30c3,1
155,0267d7d1-d931-4ed4-8321-fdc92b30ff04,0
156,0269b4e6-6d29-4ebc-9e43-4b8067830900,1
157,02723c58-39b0-480d-8d4e-8f2ac63cc9e2,0
158,02731724-a3eb-4540-a2f6-a20720222aca,1
159,0273f605-980e-4c33-a981-5b6c1ce7cf18,0
160,02835d43-7695-459a-afd8-7fca96782543,1
161,0285fcd3-7c9c-4a3b-9227-7253d351f27d,1
162,028792b6-8210-43fa-9776-ffd70a4a1a4f,0
163,028a67cc-735a-4815-95d9-62abbec4fcaa,1
164,028cc498-a7b1-46c2-aaca-f61eff68e024,1
165,0291fec4-0264-4c9b-b7a9-87b42100ecfb,1
166,0294ece8-008c-4ecc-881f-4e65013c8ca5,1
167,029aabba-3a04-4a8d-980c-f6d838420999,1
168,02a1f64b-9bcc-4b39-bb00-2dbca37b2f49,1
169,02a72e99-6818-4b24-b9de-05ab1b2be5eb,1
170,02ac8dc1-db23-4573-b2b8-a02a07a979dd,1
171,02bc09b9-8f1a-4e26-ae28-24824ec513bc,1
172,02be42fb-04af-4ca5-9d85-f0eaf071d312,1
173,02c1c0cc-eb9b-475c-9ab5-a71cf1e8edf8,0
174,02c25b9f-6132-4f40-b01d-bde628c5ccaf,1
175,02c599c7-71f5-4d49-a489-4c76c0b1c9f3,0
176,02d69a45-5ece-484e-b98e-477964451ab4,1
177,02d6f60c-1898-44ff-bd18-eda915a4bba2,1
178,02d7e09e-cb4c-4f95-af78-f323938ef3de,1
179,02da709f-690a-45ba-bc16-08d64e0fefb7,1
180,02dc01aa-654f-4e55-b3fa-88054ae2a369,1
181,02dc3b06-04e6-42ac-b75f-68ead78a83c5,1
182,02dcba15-58f4-4a9b-a256-0ccdb9e9be2e,1
183,02dfed7b-db24-44f4-afbc-26ef38e84fd1,1
184,02e41baa-b701-400c-87cf-13cf5036fa94,1
185,02ed1074-75a8-4c1d-beb4-b5a2c1246c00,1
186,02eecf6e-a666-4535-996f-72fceabe3888,1
187,02efe1d3-2afe-4dbd-a126-0048142f1635,1
188,02f499a7-6470-4698-b076-58851e550967,1
189,02f5b9d8-7530-4e0b-b675-fac6df60d275,1
190,03067728-37bd-404d-8f1c-a7a4b2a34a80,0
191,030bb2fd-8938-4832-9a45-7ce01cb4db19,1
192,03186e3a-539e-4f9a-bb2c-44d0f56e71a0,1
193,031c77cb-15ae-4ba5-ad29-2a37519bd24a,1
194,031c988b-9fb3-4c6c-ab34-929268d7b0e5,0
195,03219681-28e2-4fd8-b253-381749816363,1
196,03245dd2-9bce-435e-9905-11d3d5293f6b,1
197,03263986-f52e-4dc4-8085-46c2c07443e6,1
198,03357f26-bf66-440e-8ca8-efcbcdacb3be,1
199,033a1f18-5b4e-48d3-99e8-232773fc8028,0
200,033a8820-56b6-4514-832b-7049c9e078f6,1
201,033c022f-6cc5-4ba2-95e6-6540305b709f,1
202,033cb9e8-bb2f-4267-b7b1-d2293effa2b0,0
203,033e538a-8752-4e7b-9c36-5ad2b6f29d64,1
204,034b58b5-673c-466f-949c-1ff72523ca74,0
205,034e0be6-ed5c-4db0-a6ce-a5d52fa185c5,1
206,03578e9b-4771-4ba8-ad8f-3d14f5076589,1
207,0364750a-f8ba-4fde-91dc-79720e0004f4,1
208,03682250-e6f3-4cb8-9a3c-01293028b040,1
209,03787254-5165-43b2-b93c-70610e273d0f,1
210,037db534-c5d3-47c4-814f-bb492eaa8d29,1
211,037f51f5-bcab-4f15-b78f-7438b7aa7732,1
212,03805cf3-0b1e-4c42-8173-a91c37e09b73,0
213,0380fedc-37f3-4f46-bfb2-541a414a6110,0
214,0381ca6b-1c57-4425-8115-554fdd5c38d6,1
215,03889640-4250-42a8-93d6-71751381ab19,1
216,038c66a8-4273-45a9-85c1-3e22b0f7e6eb,0
217,03951da2-c02e-4bfc-b062-1c111ab051a9,0
218,0396d082-f204-49e1-980e-c01e79b48955,1
219,03999ceb-4c39-4038-af5e-ffc1b5c6ec42,1
220,039b807d-1f13-4ce9-9121-3e9e516181cf,1
221,03a2c750-fd3a-4dc8-a9cf-e2eef8123ba4,1
222,03a2df6d-86b8-45a8-9d54-6292fce9cf43,1
223,03a969ef-04a5-4abb-8ba9-ff0c959d3fbe,1
224,03ac70b1-0e32-4f85-b946-85bd9589ee6f,1
225,03acac6e-ecce-435d-8384-2978b7588605,1
226,03acc979-08ba-49e3-b53f-2ae07c278f44,1
227,03b2d54d-39a7-4677-9997-45fa7fa17fb9,1
228,03b33597-2139-4ad1-8ae9-27dd3a57a62f,1
229,03b9f900-5671-4ecd-b0dd-04f800a94f61,1
230,03ca2eee-777d-452f-aebd-ca0955846370,0
231,03ca8072-7f3b-4676-b165-7d488e1f3a2d,1
232,03cc8bd7-6340-40e4-bf40-ac2eacdc5660,1
233,03cd5ac0-678a-4e59-96f3-57d43089f5f5,1
234,03d15263-afee-447d-9023-ddd373d34e07,1
235,03d6276d-fc99-4da7-a898-b31827dcc64c,1
236,03e54f93-df6e-415b-93d6-af4dbbe5e43d,1
237,03e8e099-d922-4b9c-8879-f4d41752504b,1
238,03ebc097-afaf-43b7-8202-eb049696bf87,1
239,03ec2296-69b3-48d5-8a33-9126fcd04794,0
240,03ece982-a34b-492a-be70-fe59dde80616,0
241,03f95b97-b36e-4839-8ecb-5ee20a120761,0
242,03fa7564-2286-4270-a5fd-d6db8b63bc22,1
243,03fd6b75-4c3c-40bb-9c5f-74532e2cdb46,0
244,0400d443-cb5a-4acf-a70c-15a1c76fb741,1
245,0400df04-1785-4211-bc62-77e73ca988d2,1
246,04026832-b26e-4b6f-8037-04a24940a46b,1
247,0402945b-0c1b-4a27-b7ce-8b65f5a54f28,0
248,040866ab-89ad-45d5-83e7-3d9aea402127,1
249,0409d52b-4e12-4458-99a4-94f7b15601e2,1
250,040bce47-b359-4e0e-b364-a0902ab65075,1
251,040caedb-9968-4318-872b-717bf2b1ca80,0
252,0412a8bd-5511-4f46-a08e-7cc9b3a62a11,1
253,042193aa-a6d2-41b2-9ad2-1ebb23417967,1
254,0421a4ed-9eca-4832-964f-d17e1099e15b,0
255,04242c2e-dc5a-4c0c-9d89-3c53b91fa973,1
256,042747db-4dce-448f-aeb0-dd79b2408182,1
257,0429af97-22ff-42b5-a2ce-293d8c284856,1
258,04306ce0-1002-4ac3-815e-256162876007,1
259,04310ee8-d87e-4544-8315-37869addf6ec,1
260,0433b614-efd8-44d4-9f3c-7c12b13c1224,1
261,043c5198-bf8c-42ed-b99d-c361bb05951e,0
262,043cf09d-6ddb-472e-918d-c57fb7301bb9,1
263,0442ac06-006d-4be1-a177-d47f34f55102,0
264,0445e894-9eff-43ff-a841-9164c37ec7e4,1
265,044f6a71-3672-44e0-b386-1cd94e9a3467,1
266,04516fbd-e636-452c-a99d-c5c46e081514,1
267,045505ef-dc6c-4bc2-885a-107c865f0cf8,0
268,045b6339-16fc-40b3-9895-4960815a2644,0
269,045b94e6-c31c-45ae-8cb1-bdcbe16d2570,1
270,045bdbe0-da12-4361-bd9b-c12b280edf77,1
271,045e885b-c4b3-4cf2-a6f2-18d91c2ef940,1
272,04633d79-48fc-4654-925e-0419ff452a9f,0
273,04641518-77be-4b77-bf4a-a5b7913024a4,1
274,04651ac7-5612-4c81-91a7-11327445e7a1,1
275,046a312e-1389-4ee1-b197-d15fef0d255a,0
276,046b4a66-196d-4266-9afd-a90a81286f57,0
277,046ea403-872d-4067-9da5-027a357cac89,1
278,0472e27e-cde8-496a-80d8-6f34c5d1fac5,0
279,0477d698-6274-4fff-b9e6-35faf5b66daf,1
280,047df71b-6a9e-40d7-9861-3962059c6c28,0
281,047f9cfd-2050-4353-a3ad-0326cec958f5,1
282,047fe411-c32d-43dc-bb37-991fa4c90aae,1
283,0485baa6-721d-49a7-a812-d1bb7884db85,0
284,048e616e-d0f0-451d-bd0e-cb50f01022dc,1
285,048f60a3-59bd-41bc-9346-bdb079192766,1
286,0495264a-0a0f-480a-8dbc-ab23a872af10,0
287,049b8088-a9ab-4327-b401-2511ea33a2c1,0
288,04a16196-b93d-4988-8977-70c819de7c56,0
289,04a198a4-afc6-4d0d-8928-b1389765fba9,1
290,04a2d07e-bb8a-413b-9e5b-dbfd2a8754b5,1
291,04a2d2e0-6179-42a8-abec-b79d681e89be,1
292,04a387b1-8ffe-4d30-8ecc-53cabeaad94e,1
293,04a4de41-9cf0-4368-97b5-66c0a1727e10,1
294,04a57c24-75be-47ed-8e07-a886498bb0b4,1
295,04a87f00-0192-45a0-9cd1-8ea6ef00f663,1
296,04aa16ca-c893-4607-bb52-93718ecdf60e,1
297,04abc800-5432-488d-abc7-1337b4af04e6,1
298,04ad7e46-4153-4771-9237-b996f4b21fea,0
299,04b26636-98cb-4a3a-a877-bcac1f1d3caf,1
300,04b81638-0dc8-4543-8cef-a4354227afad,0
301,04b82689-6417-446f-ab7c-1614c53b699a,1
302,04c027d4-e207-4615-8bcb-47aad58a0bb6,1
303,04ceafc1-838e-4b4a-9554-51947ac7a087,1
304,04ceb9db-4d68-472a-9705-d9d6515c11d1,1
305,04e24c39-7fa0-4b84-b1a3-6e0ec6ab09e5,1
306,04ee546c-cf6f-4547-880f-4bfd586869a1,0
307,04f6c73b-931e-4d98-b61b-c670df8fb7a8,1
308,04f9c5a2-ea41-42cc-98ad-da29d8a45a71,1
309,04f9f2bc-9cb2-4a61-87a6-9b97568d6455,0
310,05036894-26fa-4e6c-ac86-112fb4620cdb,0
311,0504a631-2ce3-44ce-8264-90582afa56ec,1
312,0505329b-9488-4bd8-860e-1d324a041be8,1
313,05069073-c8db-4ec8-a82d-9dc828a1153b,1
314,0507e8ec-373b-472b-853f-6e9beed6d2e0,1
315,05081f72-defb-4a08-8670-4ef493d650ce,1
316,050a1e21-d51a-4ece-896c-e691d3a57a21,1
317,050b9fd1-dd11-4144-a7c6-97cec6148211,1
318,050be88f-e329-4f5f-8ebb-ed0fcec7a0ff,1
319,050e63d4-89ee-4f80-bb57-12ec522823d1,1
320,05209c20-6410-42fa-81af-5a7627944014,1
321,052ab5d9-4bbc-4734-988b-fcc6ae5d88f3,1
322,052c7a1f-5c94-439d-b81b-7f051e4e5e24,0
323,052cf9ae-722f-4de6-bab5-53a57a031b7f,1
324,052e3e7d-6db4-4a33-a7ab-8450ac79485a,1
325,053091f9-3db4-46d8-8f9e-013dd3b0071c,0
326,05322278-7daf-45aa-af25-08694c5a4445,1
327,0535114a-d3cf-480b-be89-26b2f234fa64,1
328,0535442d-d798-47b6-a127-b86a1134bcfe,1
329,053abec2-61f9-4578-906d-0b1928a69494,1
330,053e378e-a4f2-4a50-be45-71e8a5cb44c6,1
331,05414d71-54ba-46c7-87cc-5373b9b7e4ad,1
332,05463e14-d922-4fe0-b13f-c2d2615531f5,1
333,054b060b-10e1-413d-94f3-7059dba00be6,1
334,0551af37-be6b-4e44-88eb-b0f45036c986,1
335,05551aa2-4652-4d9e-8235-302008eb6854,1
336,0556368f-a430-43ec-aa32-f8a467641e84,1
337,0556a2aa-7923-46b2-881f-1989c04f7fb4,1
338,05592ac6-dfb4-403c-adb0-fcae26ad21eb,1
339,055ac931-8fa2-4505-a263-b7266600072b,1
340,055c778f-4d73-4eb1-ad68-3d781756aebe,1
341,0569ad94-25b7-4ded-8adc-9129a23b6901,1
342,0569cb40-8926-4f39-a3b0-cc1017e69c1b,1
343,056bbbc4-0975-48ee-8564-713ccd0b748b,1
344,056d7f84-89ab-4333-9a93-59ad9159c762,0
345,056fed33-6e5c-47e0-841e-27afcf45f03d,1
346,05710a93-213d-43e4-a5bb-7249be7b370e,1
347,0572724f-5c65-45c4-b96c-f15ec7e174d0,1
348,05769b9c-528d-4db0-85d1-9fd04156b4d0,1
349,057cf574-7bdc-4d1b-8a10-827ebe5f5178,1
350,057fa924-6b57-4f0a-bcc7-fe1c94e36f3c,1
351,0580bb01-db98-41ac-b978-17032d17ae40,1
352,0586662d-ee17-4d97-a4fb-7f6727d6ffa9,0
353,05869e98-003c-4e7b-853f-3aea46c24801,1
354,05886ec4-7191-4594-b54e-3700634d88c9,1
355,058d641a-3827-45e1-8761-c4a67ee875d9,1
356,058e124d-95dd-481f-8b49-034cb372529c,1
357,058ec483-b575-4b11-a413-29b94c3f19cf,1
358,05929809-c158-4741-8f8d-3359d0319f86,0
359,0593b244-de38-44bb-88f4-d560b6655118,0
360,059736a2-70bc-4cc3-a410-8d3b006980a5,1
361,05a0fdd5-08cb-488b-8cb4-a65607a30157,1
362,05ab5101-adb0-4e89-a1d6-101481d78032,1
363,05ad385b-8e91-4f9d-8818-c693c48cca68,1
364,05afa8df-62cb-4b64-9708-231a55cadac3,1
365,05b5b316-a210-45a8-b9d8-3d8629d7cd12,1
366,05b8861a-9a50-4228-becb-8d431e753f81,1
367,05bebd50-12bd-4e93-90bf-58065b19bebc,1
368,05c10660-f8bd-4131-9e93-5daae1f5df90,1
369,05c3a510-93e0-48e4-80c8-5d6ad126a6f6,1
370,05c5e004-c320-4f8c-8d21-6fcadd9fd3dc,0
371,05c84486-92fd-4b19-b9bb-f1d70c6997e1,1
372,05cce4bb-eef8-4023-ab66-d19e8c9f12db,1
373,05cceed3-fad6-4ee5-bf9c-3af3f5af2bab,1
374,05d69801-a4bc-4f9e-87f4-b0276a587b2a,1
375,05da113e-28ed-4c4f-b0a9-97d7b0900146,1
376,05dbe0d3-a7ea-472e-b4de-3701b2d25a6c,1
377,05dbe5c2-4687-41cd-b7c0-da8f1f67ee71,1
378,05dda4cb-b6de-4598-bf4e-807b696a43e4,1
379,05dfb8e6-8d9a-4fb7-ab94-dbcd6d55b15a,1
380,05e08e5c-e9d0-4d57-9872-c0492ca81efb,1
381,05e2366d-c85e-4d2e-9289-55f6564a3374,0
382,05e42ac7-4c13-47ea-85e8-40be5596159e,1
383,05e6e318-7a56-4b0a-833b-0b0cbd5dc267,1
384,05ea47e3-c8b6-4d29-bf02-93bb19e25b8e,1
385,05ed84e4-01c1-43a4-94c0-4dac55eb840b,1
386,05f4b73b-a76f-4487-84ec-5e0b3130203f,0
387,05f74bde-14d3-40ca-a282-20cf020b950e,1
388,06014580-2d14-482b-9325-0ac51e1c22a7,0
389,0605a7ec-2b43-4ac3-86ab-bbfdb4f0a1a7,1
390,06069cea-0e0f-4532-8b69-f35f7c8bfb87,1
391,0606ab52-2dc5-4f38-a37a-e9567f4cc474,1
392,060f1e34-8091-40c9-85a7-e6c197a330b8,0
393,0612405f-4155-426e-a8ef-d3ad4d744147,1
394,061ab1ba-23bd-41e8-87cb-0371f93fafb3,1
395,061bdb7a-fcc8-411d-b915-fc798c2b9a06,0
396,061e0691-b895-480d-8a60-741b73ca5e68,1
397,0622195c-ea90-4adc-8549-d187974aa2ad,1
398,0624208f-0685-456a-bae9-540ec986b407,1
399,062688d2-0d26-4266-93e5-b91c4ce297e1,1
400,06285903-b5e9-4eb6-b1b8-cd0fc997f3f3,1
401,0628c034-0059-4f46-9593-eb0c8992afbb,1
402,062b0e28-863f-4b3a-bfab-faabb641a5ac,1
403,062e4ed5-1d46-4eb5-9fb2-a973b6d31527,0
404,0638c161-e6ed-42c7-bd9b-a7938d068c72,1
405,06398ced-531f-4a62-8591-541d7064408c,1
406,0643f2d1-f06f-4048-ad5e-968caa2f9e64,1
407,0645f429-1cd7-4bcf-8191-6f48fc3fc9b6,1
408,0647ccda-2d81-4263-98e6-d7d4e8883c78,1
409,0648d41a-89d2-493d-a0c9-cfd2f972d548,1
410,064eb218-b2ed-435f-9013-a86aa34b3bf4,1
411,0659d156-bda5-4146-8024-93f1491f0604,1
412,065b5ee5-8927-47aa-87b1-b221822ab137,1
413,065d3c71-927a-4a9d-b5fe-9d42d0799839,1
414,0660d03c-c5b2-4680-b5ec-d92821aa73bd,1
415,0669703e-3169-47b2-9d5b-35c4f7f0f830,1
416,0669b336-9d59-405c-9e13-101f85e7e113,1
417,066b372a-3b8a-4cfa-b73b-21e153d63cf1,1
418,066ef08b-dac7-4c46-94ac-b56cedaf8c42,1
419,06762c84-b0d4-48b8-8103-7a4f90b881c2,0
420,06777861-9b4b-4a4e-928a-5eba015f014c,0
421,067b8938-d428-4b34-a5c6-ac24b24ad3b7,0
422,0680266f-76fd-4a5a-91e1-547154f86555,1
423,06802e8b-d7f3-4abd-8a6f-2a77b2755322,1
424,0689960f-dbb6-43be-bc1b-9593b6dfebae,1
425,0689cc43-dac1-4ff2-9f7f-a124ed6e0afa,1
426,068ae0dc-f56c-4918-8b45-e339cc337469,1
427,068cf9c1-371d-4ed3-b0e4-caa1b028c74b,1
428,068ffee0-42b4-4317-b877-83a105d5d697,0
429,069513c8-d074-4acb-afc4-4289018c7183,0
430,0696c4ac-65d3-4b72-a0f6-852eac02670e,0
431,0697d428-93f9-4c92-9a2a-b72fd5c1f7b4,1
432,069a43e5-f588-4403-9c2c-5f93f7ed6e7f,1
433,069a5146-e816-44d6-92b4-334bd3d5d433,1
434,069bd965-6574-430d-85ce-e45ff42eff21,1
435,06a31857-bc1e-4a3c-9725-6d9d7a27336a,0
436,06a77acc-d450-4f92-9b47-21de5603f532,0
437,06ae4314-dfc5-4b0e-892b-1c95f3f7c6d9,1
438,06b19b14-9d7f-4565-98a0-82fd4e8aab3a,1
439,06c142bc-0454-48e8-8d0b-4f00a5e3fb55,1
440,06c19372-1848-4ecc-9c22-a45ca96b2ea0,1
441,06c48d16-98e9-442f-b313-5d93427d6179,1
442,06cf1c0c-1987-4ed5-a993-370308eb5e0d,1
443,06d1336d-1a25-4cca-a86e-1275dab1aad2,1
444,06d20e28-c5c0-4c09-96ad-e7d61dcf71df,1
445,06d3479f-e1cc-43ba-a6fa-49929fbd636f,1
446,06d8a390-1dcc-42e8-91ad-e59f7677f81b,1
447,06d9bf66-43bf-4f8d-924a-a70d8f5a2379,1
448,06dc6b9d-2b67-47ff-a42d-92aeda341827,1
449,06df35f8-1475-4cf2-a3c4-dfeb3c8658ca,1
450,06e0dff2-79c8-4eb5-996a-fff870ce8362,1
451,06e97c98-ac69-4452-b8a8-21afdfb463b1,1
452,06ed8fa8-ab37-4db8-8819-9bc9f8e54715,1
453,06ef7ec0-0244-4141-8744-e5fa1aa1a84d,1
454,06f0b5e6-cd1f-482d-9cbe-5da269077db8,1
455,070352ec-75f7-479e-b08b-4d60305ae7f0,1
456,0703d9a3-d71c-4e4d-a107-2b74f90d9a59,0
457,070de175-2aaa-481c-8078-a84fe8fb4012,1
458,0712ee81-d073-467b-b265-1bb1696bb551,1
459,0719ff8e-0946-4f42-aebe-3799e275d9f1,0
460,071a0cc2-9940-4346-bfb6-3af1a383cdab,1
461,071b1942-bdd1-4bd9-b0e3-976c8e56ee1c,1
462,0722bc16-3bf0-4ae3-924f-5655a0363212,1
463,0722ff62-3382-458b-aa5d-be9cc9ea3576,1
464,0729770a-2aed-4cbc-9be3-89de79b770bd,0
465,072a17f7-f139-4dce-b561-480216de2414,1
466,072fcc04-5ca4-41a9-8227-d26111243c44,1
467,0730652e-eda6-4047-ac72-006aa76b0f03,1
468,0734a9d7-d199-4e77-a222-af9897cd9ead,1
469,0735ee30-ea2b-42a0-896c-3dc3d0df4802,0
470,073d992b-aa7b-4037-bf6a-f4c58ec7c27d,1
471,07427062-8149-4f34-8fe5-197801ad0f04,1
472,07475ee7-4471-4a0a-9865-f33895362511,1
473,074b5c20-c11d-4581-a3db-388a121e8418,1
474,074bbc7a-f1c1-4b58-9271-53acb129d70e,1
475,074c5f98-8ace-4c18-b3dc-ecb6938f4613,1
476,0750a318-db8c-4346-bdb2-b416cb1a29ff,1
477,0752812a-ab71-428c-97ae-e4aa3b590366,1
478,07534ead-8548-45e1-b942-0b60e7d26ad2,1
479,075deb6f-b306-45f2-bbfd-8b010a3cb1c0,1
480,0761df7d-d488-49c0-b9fb-591acbf9da87,1
481,076245c2-5d13-49d9-9dec-4f8ab444142a,1
482,0764d643-c06d-45e5-bab6-befca738c129,0
483,0767fcdf-9d12-4332-adec-e5e46e135dbd,1
484,076aa291-49ec-4699-80db-c48d00200e21,1
485,076ef81d-9b9a-44a9-829f-cf7e13c97df7,1
486,07711e7a-3bde-4ec5-8bb3-e025c2f6fcfc,0
487,0772f306-2d27-412a-bf67-1ecfaa104dce,1
488,0777131e-5f09-4f30-8a4b-80836fe9f174,0
489,077828e8-a724-4f7b-b00c-a279f1fe8e4c,1
490,0779350f-2f1e-4989-b9a8-8f0596b54bc6,1
491,077a9a0d-6321-4ed6-9935-c71218f8fc31,1
492,077f324d-5814-458f-91e8-dd36800efe7a,1
493,078231c0-771d-45ec-a062-cac368666ed5,1
494,0783dcbc-c003-4f1d-a56b-2ae899185728,1
495,078434f1-de2d-4b70-99fe-18b40ae39a2f,0
496,078dafb6-0700-4d18-8b7a-08c451427fdd,1
497,078f0633-3566-4e06-af07-e59b9d8d9a5f,0
498,0791c7e0-d4db-41da-9349-eca23956c299,1
499,0793a697-18d2-45a6-a79d-00a6c9b3e5bf,1
500,07967261-8f47-4333-b2e2-000dcf5efa4d,0
501,0797183c-4393-4d6e-a711-edbf1cf01cb1,0
502,079fbc95-297a-4a89-a9a4-b244a04a5093,1
503,07a064db-5ea5-444a-b9d5-8fee54d28507,1
504,07a292e5-63b2-45e5-879b-250db36123b2,1
505,07a8ffdb-d5cd-4d31-a51c-86290e1133a0,1
506,07ad57ab-06b9-4b92-8770-3c5d12c01d37,1
507,07ad7f90-e228-449d-82f8-eee4a7d7672d,1
508,07b638f5-d52f-4393-a0ce-e5b038f74458,0
509,07ba064a-3f92-480a-98d5-70d244330938,1
510,07bfc4dd-b2e3-47de-9cd9-67fba6b8ecbc,1
511,07c254ac-fa94-4776-af7c-1c35c648863e,0
512,07c3a681-9ddb-4571-af2d-167bc0340287,0
513,07c9e680-49d5-4964-96c9-9e9c2e4b5132,0
514,07ca784b-3ee5-4c60-9c18-9cbce7976770,1
515,07cb847e-7db4-4b36-b03f-7957acf1eb1d,1
516,07cfa54b-1792-4335-a813-6cc3603d0694,1
517,07d37d26-9bea-4766-8157-6290e6523288,1
518,07daaa54-9d88-42fc-b636-4cc964a6c69b,1
519,07dd80f1-bf71-4a1a-b090-24e82b95e74a,1
520,07e1cbfd-a1ee-4291-95ff-53860dded83c,1
521,07e54a86-87ac-4018-b9b9-7c2bf56b297a,1
522,07e695bf-3450-47b0-95be-cc46f1d12975,1
523,07eeba3d-6d00-4264-a32f-ab0c28251694,0
524,080abae3-3ffd-4bc6-9eea-bd607a77a26f,1
525,080e2003-e8f6-4476-9762-2f6556962ef4,1
526,08120eea-2521-45a8-ad59-35cc26c8629d,1
527,08166bb1-98b4-4901-b6b5-72dcd0d6b59d,1
528,081fa3e3-3440-419b-85e6-f673842fa58c,1
529,082118b2-5e31-4fd5-a04f-eceb326f8d27,1
530,08245fbe-6671-494d-82bd-27ef2663d339,1
531,0826af7b-b986-4d81-be69-70468dfcdfe3,0
532,08291d0f-19c5-4b08-b675-fce22beedb86,1
533,083058d7-2d51-47fe-9d13-94ca53e8515e,1
534,0830a324-6353-456e-bd97-8bb1061a98ba,1
535,0835efc9-d077-496b-89d2-7fed2feae5cc,1
536,08364c75-180c-4792-978f-86ec0bfea39b,1
537,083a67d5-09c3-4bdc-86ed-883a7f26e776,0
538,083c975c-bce2-4b34-9e77-de5eaffe72cb,1
539,083e85ab-da3e-4104-bff2-148c09147b79,1
540,08481156-7ad8-4895-8f9f-6901a84c1c47,1
541,084d4b94-32d4-429f-96c4-22f633c380f1,1
542,08580604-5a2d-434d-92ce-d819e1361b6e,1
543,085b53dd-c409-486d-ab65-3d4a54388ab7,1
544,085e82ec-07ca-4e12-b233-9ebafad62d54,0
545,0864c611-5b3c-4b73-8547-407bb6a48d0f,1
546,08651ec0-443f-42ac-94d8-b02aff4b0d32,0
547,086708c9-5bf6-40cf-a9d3-8d9694ee08ed,0
548,086c9c75-6a5f-4c1b-a42d-ede352aefae6,1
549,086d775a-12d6-4afd-93af-30cd6b311e81,1
550,087715c2-13ef-44e7-bd0c-f2487aaccb2c,1
551,087e68bc-4575-4fa3-a7c7-f139ac7f8ccb,1
552,087f5a5b-9338-4db5-b23b-7755b6300a20,0
553,08849994-78e4-412e-921c-d888883b9211,1
554,088811c7-4db2-4cb4-8d24-980b69fedd03,1
555,08882a4d-ca54-4b5f-a6cf-8fcf1e50b5a4,1
556,088b27dd-e0e9-4625-b8f7-0963fda274b6,1
557,088c7368-f519-47ec-9259-817c2c80146e,1
558,088cfb19-0640-473e-bc7b-42378ddf3ace,1
559,08920061-c3f7-490b-bc23-1d736f54c2f9,0
560,0894df0b-ea8f-45b6-9cc6-a9a0b00d3223,0
561,089b0897-cc28-4083-88d5-4613c5c0898b,0
562,089e83e7-c483-49e2-89b7-ce8848726beb,1
563,08a2d7b6-d3a6-4ddb-9546-c2408441275a,1
564,08a6275a-adc2-4883-b90b-fcca9136fcb7,1
565,08acea34-7260-4a67-be21-5252b284998b,1
566,08c6ab5a-875f-4d81-85a1-1d952f7347d8,1
567,08c79303-20a6-49eb-8bad-a904204aa8c5,1
568,08c87dea-7f98-4594-9c3e-fa8958b3b996,1
569,08c8cb15-3d82-46b9-829c-24158eb22695,1
570,08c913cd-a93e-4bdb-a9de-3ec48749d865,1
571,08cb1488-5e41-4f4b-84cf-cb95420e7afc,1
572,08d0ac05-4a7b-48d0-9bac-331c8e16dab4,1
573,08d28fb7-ae22-4fe8-aab0-b3334f88aae1,0
574,08d2d320-2656-4a3f-836e-6db80a7d1a87,1
575,08d62e6c-f5a4-4dd8-ac17-e5e976bb66dc,1
576,08d7d920-7f94-4d2a-83a3-a26c52ac2d15,0
577,08da50ff-8078-4afa-ae66-1960c2067d63,1
578,08dafc43-e963-4d4c-99c0-df6cdbf1f893,1
579,08e24004-e28c-40a8-ab5c-3f1659840638,0
580,08e56941-e8c6-41f5-8c36-49c482ca5a1d,1
581,08e99031-a9fd-44c1-8348-0b7311fdb6da,1
582,08f2ffd5-a8d6-4855-aaca-964624fc0f7e,1
583,08f3fa4e-9229-4d5d-a8b9-8f6c79efe448,1
584,08f7ba51-3219-4a76-a1f3-ba5af2a0ef83,1
585,08f8bee9-7893-4043-a61f-90212a3b9941,1
586,08fa26f4-095e-4a54-afab-1fcca24340e1,0
587,09049779-1f05-426b-8f4b-955ea2d6f2b5,1
588,09102e7f-a4df-4fe3-ade9-0ceab32d4fb0,1
589,0919dfd0-3a95-4c5d-a1b0-5f89b9d19e44,1
590,091b1a1d-16fd-4d6f-b1e9-8d92a78adf89,1
591,092101ac-ff73-4091-8cd8-83e1b9f4b261,1
592,0922473c-9940-447b-bccb-0b4047410815,1
593,09232532-cfaf-4b77-8982-66a0ba95291b,0
594,0923a46e-58c7-40b5-8e97-69924cf49948,1
595,09260157-7040-4b35-bd5b-f8b110c110c2,1
596,0926b049-7ad5-458a-bc49-6cf743a6f97c,1
597,092a6a88-4d8e-4e1b-8c0e-44249f8eec28,0
598,092d732a-f541-4f62-8206-188f09f0b46b,1
599,092f481b-60be-4a24-b913-b382d0436ed2,0
600,093012fb-33be-41cb-b4fc-9fc00c011b6f,0
601,093316c9-2dac-42c6-960b-734014d2f03e,1
602,09351082-a47d-483f-92b7-3d05afcc9f2b,0
603,093cd787-9e64-46f2-8dbb-41cf68737e02,1
604,0940c6c0-b1cb-486e-afaa-5d05f895a9bc,0
605,0945a037-3d43-466d-ba00-8d09446f455d,1
606,094fd0e2-bbc1-4483-aa7f-bd125ad010c9,0
607,09521e8f-e336-4cab-a988-3be0acbf0076,0
608,09578d1b-cdf0-46fb-a05d-88e841620191,1
609,095d5508-2e84-4a69-b6a0-15ce26f90a73,1
610,09683d2e-b25a-44ed-aa81-e7d55e06d86d,0
611,096a736f-f479-4f2c-a5c3-36142f970f55,1
612,096f985a-5a32-42b5-a120-c79c979d487f,1
613,09713575-4a0a-465f-852c-3ac7e586c3e9,1
614,097a26b9-9efc-4489-86fe-1990d6e78488,1
615,0980661f-0567-488f-a16e-870ddb6c27f5,1
616,09892f77-d4ec-4459-bdfc-a236f2533610,0
617,098b3cc1-0489-4450-8dc3-d51d54892600,0
618,098cc1f9-8f39-450f-b121-faaacda876af,0
619,098d3391-8a6e-4147-b270-d8522af5fac4,1
620,09913077-6ca6-4cb6-929a-0bc37e96e99b,1
621,0996a106-a410-4201-a73c-7f6991db6f92,1
622,099f832e-d123-4cac-8695-f25649b96d3c,1
623,099fa9be-fcda-49bb-b9e6-5e877499d073,1
624,099fe0de-e955-4b30-8e3a-f0abdb3563f0,1
625,09a20df1-31d9-4b9e-adeb-768ca9575e0a,1
626,09a85597-2a1f-4312-8080-c8dc68368c83,0
627,09ab9e01-191f-475e-86cc-3abfcbc368c9,0
628,09ad20c6-0481-4b70-860c-3324fa84ff55,0
629,09ae2916-f73a-4522-b3af-3ed5d4ce00f6,0
630,09b76f4e-c7e0-477a-b1c8-a7ba26a202b4,1
631,09b84c08-c5de-4dd0-bd2e-e36e4d7546d1,0
632,09bb2fca-3d28-4340-a6a1-a39c1d9f0e9a,1
633,09c16b1e-4b57-46cc-94bc-af9d52c20104,0
634,09d009fd-9e76-42be-bcca-e37126c60263,1
635,09d628cc-794c-464c-b5f8-de29ffd1312a,1
636,09e5617b-9d22-442e-98eb-3cd109dec908,1
637,09e5f27f-621b-488f-b52f-ee990a78c3e4,1
638,09f07f1d-f1a7-45c1-848a-5b9dc2dde322,1
639,09f380a1-c70e-40a1-8d2d-f6d23d9b6981,1
640,09f3ca13-0986-4356-85f1-849be2571040,0
641,09fa3b07-e866-478b-a6e7-fed9e29e0b14,1
642,09faf30a-8562-4e8a-ad3f-517f9e103ce1,1
643,09fbb46d-3e38-4398-bcd2-71b155f2f6f4,1
644,09feab2a-3f6b-4cfd-9c94-ff440af7a344,1
645,09ffb779-3a56-4ff0-bc95-7d45ab6262cc,0
646,0a00db4e-12e0-411e-91d1-3b51b33bf52e,1
647,0a027610-7934-48cb-addf-2dcfe62c4735,0
648,0a06c12f-6b17-46c0-92c0-8beafe638ef7,0
649,0a0b0fd3-393a-4871-89b6-6907b366d9d8,1
650,0a0c9f81-ed82-459b-8c3a-74cfd3c003d6,0
651,0a0dc9af-10e1-4c7a-8075-1dd674610dcc,1
652,0a0efebd-35a1-41b6-9a2b-885533e7e3f2,0
653,0a13bd2b-d2f0-4aa6-8c21-44a133323347,1
654,0a197028-d9bd-4e3c-b8d7-a87c3603bf26,1
655,0a19abe6-7670-4dd4-86e6-51e1365e670b,0
656,0a19d217-921f-4132-8818-a98503143573,1
657,0a19efbe-2fb5-436b-929a-1aa0d6450083,1
658,0a229345-d806-4721-815b-9485856dbed7,0
659,0a22c021-cd86-4afd-a1fc-19bcc830f936,1
660,0a26217e-f85e-427f-b5b7-bdc4ed0153f6,0
661,0a2c3d9a-647f-4986-bd5b-9ba1994f7b32,1
662,0a2e4eb7-cc93-4ee9-9825-dc20cd906f64,0
663,0a394d94-dadf-44a4-80d2-6090cc5515c7,1
664,0a39dc36-4879-4255-995b-04202cac2fc7,0
665,0a3eb1fc-3abf-4c19-80f1-60b728511258,1
666,0a457f95-5992-4abb-81cc-b61f905919cb,0
667,0a4a1b60-b8f8-4664-a99b-4fe2ae3b28b4,1
668,0a4b7231-d6d6-490b-b6c1-b1e3457e69ba,1
669,0a4bd91f-0ba5-49b6-b071-e433763a0058,0
670,0a533eb3-7690-488f-9976-0674103dc10d,1
671,0a624931-2905-444d-8189-d412dc6822a7,1
672,0a64f668-cfdd-41e1-a9b0-9f811239cead,0
673,0a651af9-65f3-4f8c-9319-826ee302e3aa,0
674,0a69b8f4-7300-45c4-b7f3-b738f68621cc,1
675,0a709a50-6aad-467d-9797-9fe9704d7421,1
676,0a724272-cb4a-4b6d-b291-b5c0647ba7f8,1
677,0a724ce7-5abb-420c-b869-48c78df922cd,0
678,0a781a73-b2fd-4617-b75f-82943d31e8c9,0
679,0a7d0c8b-02c4-4470-97a8-1216c2dc86f2,1
680,0a7d7414-db6a-4f02-8054-5058febb12ec,0
681,0a854081-8456-4aca-a37c-9460f3b863a9,1
682,0a8b1554-be2f-4a05-a254-c97f79b8b822,1
683,0a98c3b1-8ad2-4eef-a046-b2ae41473cd5,0
684,0a98e66b-c537-4e87-bce3-a84a7bd2e724,1
685,0a995464-8c8c-4847-80d3-8f32255daccb,1
686,0aa34582-3b7e-4e61-8e94-b430b66b2490,1
687,0aa80211-5a15-4587-a6d0-fd41866e8686,1
688,0ab7db9f-78a2-49dd-85d2-cef6025de376,0
689,0abe91a6-aae2-45f1-ac34-7068ebb437db,1
690,0ac36344-752f-4d36-b265-76a849fa57b1,0
691,0ac95a40-3f07-41f1-bb6b-20fe44082b87,1
692,0acba6b0-29f6-4647-8dba-140fb9bd5279,1
693,0acdaf97-b881-493d-9008-496295c47ba3,1
694,0acddc90-0730-4501-bce5-804ce540504c,1
695,0acea1bf-2df6-4949-82f8-f00b28b01894,1
696,0ad0bfc9-a266-4b39-b6d2-4f8d2ac1aeba,1
697,0ad3e863-5e65-44f6-9906-2ac91ea3eff0,0
698,0ad67b52-e6ab-40dd-8122-2190d8436401,1
699,0ae69921-1c93-471b-a4a9-42bfaa724e8d,1
700,0ae6e948-49ce-418c-bc75-70555a2df4bb,1
701,0af2fda3-2dfc-4ee0-9532-c97f46d16e6d,1
702,0af4106b-51af-4e16-9c29-cc824729abba,1
703,0af6dc16-cd70-4747-bed5-f76da2d2cede,1
704,0af84e29-0a0e-44e8-adf1-dca27a121583,1
705,0af859dc-67f6-4954-b2e9-c410752a9608,1
706,0afe9ac6-947a-45b1-93fa-ead714436986,1
707,0b04a687-95eb-4c27-b3f5-eb677d6ff827,1
708,0b061049-47f3-45a6-92fa-2e09fbf13242,1
709,0b08029d-6ccf-462c-abce-f70f9ffc5dab,0
710,0b0b3552-baaf-452d-9c1c-8aaea161f122,1
711,0b10f975-36bf-46ce-ba84-b34b357f2b97,1
712,0b16146e-1f36-4482-837c-7b24d9b86bc8,1
713,0b1b88a0-399d-434f-8d66-d43de55f187e,1
714,0b1fef91-7a44-4c2f-845a-374deaeb4b2c,1
715,0b279850-d086-4f7e-934f-d73106b5e470,1
716,0b2effa7-2ddf-4d42-a1b1-5b1ec1f78ed7,1
717,0b307c84-9a34-474c-be80-a5ef17f49e15,1
718,0b34be20-577d-408c-8d32-4870a6e14f28,0
719,0b356466-e53f-4c21-8fa0-a4760f3131e5,1
720,0b359578-7512-462d-bafb-24da252d356c,1
721,0b3b81f3-20f6-47ff-a4bd-f139686112e4,1
722,0b3bf3b5-57c4-4f9a-8e2f-ea8fa00bbff3,1
723,0b3cf5ee-afaf-4cd0-80da-5d4b87f4172c,1
724,0b448ff1-613d-457d-9d3d-63f95cb0112f,1
725,0b4c13c1-3759-4632-b89d-ef0d628b6a00,1
726,0b4ec0e8-639b-4101-83ce-c5455ba78f15,1
727,0b4f1d13-6f87-4eb8-8cb6-472e46bf7722,1
728,0b508a28-8fa1-41ff-bef0-161d83ee1d96,1
729,0b56663b-cddf-4ff3-bd36-fc207f04998f,1
730,0b567df4-4dab-4b38-8cda-5b86d0391790,1
731,0b5e760e-db7e-42c0-b18c-42f7801b3445,0
732,0b6af87c-0eff-478b-9d9c-6bf75cb5ee3c,1
733,0b6f81e8-e3fd-4d35-9d4c-076a03a038e3,1
734,0b6f9fd3-d6bd-401c-9fc8-c3e608e963a8,0
735,0b71c7b5-f338-44a8-8ffe-78eb705358aa,0
736,0b75f59a-fb1b-4739-90b2-e92d843afe26,0
737,0b785636-b6e3-48c4-8c43-ca88e386e825,1
738,0b80fd34-87cf-483b-9e4d-ade7fec0930a,0
739,0b81d583-8239-4825-b362-24aa3836f724,1
740,0b834a61-4cb9-4253-a983-a98194a20b3f,1
741,0b850408-20f0-467d-803b-488459dc8426,1
742,0b85cff3-0501-4541-ab33-a471c9f96bff,0
743,0b88af36-e754-42c2-a8ca-1aeae371107f,1
744,0b896c14-b9d1-4e8a-9d0b-214abde91cca,1
745,0b8a4836-58db-4cf1-a824-9e29921276b3,0
746,0b8c17ae-276f-4584-a844-128ff9961808,0
747,0b945344-fea9-4c6e-8646-27df848586c5,1
748,0b981a69-1486-48c1-b70a-4c97ee0d999f,1
749,0b9977ce-d1b9-4106-9f88-fde804c1a1e4,1
750,0b9d9caf-1ee3-4a62-a26e-79dbf9001bf5,1
751,0b9e5d39-fab6-474e-917c-99b0ae2b29db,1
752,0ba1e051-e995-473f-8f5a-3ae2ba5660bc,1
753,0bae7afa-f5a4-4773-846d-bc10d1a77742,0
754,0baeef96-da22-4d63-aa35-9dbe7dd22014,1
755,0baf1a9d-259e-4e5b-b152-aa8b95c97930,0
756,0bb386f1-71f1-45be-852d-c136fe5d16f2,1
757,0bb7e54c-5b2e-4569-b2eb-1b9de81c7ac5,1
758,0bb862da-ed4b-475f-a5fa-3afa42908d07,1
759,0bbf2a4a-a393-4414-a188-aa3ff0b1fa52,1
760,0bc28abd-83ea-4381-adcd-394e3d8d1b40,1
761,0bc2b908-f85f-4f23-bcea-d0cbee4ce734,1
762,0bc59407-e6b3-4de8-94fd-bf13dc4fb707,1
763,0bce80ce-ae3a-40ca-bf9c-d83ab2227b68,0
764,0bcfc852-8188-42d4-ae13-b1b7c106e0ed,1
765,0bd2e0ea-914b-41ba-8432-1bf00174de6a,1
766,0bd38f06-daec-4130-8b3d-d7b958f7cb73,1
767,0be3d982-62ca-4d09-aae1-e8f323bba69f,1
768,0be5319a-6d5b-42a6-b59e-0f50c643b26d,1
769,0be8e40b-28c3-40e9-a891-e1d4301378d0,1
770,0beba956-53a2-42c5-88d7-8ef92adb92d4,1
771,0bed32d6-1c8f-4bb7-a008-c4a9329c28b8,1
772,0bef1c86-f808-4730-a329-7e6b1f77c020,1
773,0bf957c7-a61e-4eb7-8218-47abf5ecd4cf,1
774,0bfad5e7-9e4b-4d47-8dee-590a050d0eb7,0
775,0bfbf0b9-ccbb-4baf-9937-2c91f677843c,1
776,0bfe55a7-92b8-477e-adc5-95ae7bb244b8,1
777,0bffeaf0-791e-4e30-b3f1-196266b0a04a,0
778,0c03f922-f274-4bca-a8b6-20b1fbbf1024,0
779,0c0a97f2-43ae-4a82-90ec-2752f7c6ae06,1
780,0c0b8411-d2cc-4bfe-8d1e-077eda0dd988,1
781,0c0e084a-7a17-421c-a797-1e27740e2f60,1
782,0c118597-eb14-4980-a26e-73579be169c3,1
783,0c11ccf1-9d94-4312-bb90-ab2f2801cfef,1
784,0c13704b-c89c-47aa-add7-d53e70e899bc,0
785,0c18b8b1-5165-4e56-abca-2288df05fcf5,0
786,0c19ce17-6b28-41ec-8b04-87cb38cfab47,1
787,0c1bcc84-f262-459d-8387-4e96f4a43188,0
788,0c20e267-16c3-47f5-8316-744199bfe9ad,1
789,0c258595-8f81-4d82-8c4c-a856c9ac8eb9,1
790,0c28aae9-5867-4020-9bc4-f54d85434007,1
791,0c3175c1-9257-483c-ad64-bf202a7ed5ca,0
792,0c3745ab-3602-452c-83f5-762c61bbab8b,1
793,0c39c0ea-f85f-4e2c-bee1-c9b2a36d72e9,1
794,0c3e594f-5340-4826-9f70-d4524a54b047,0
795,0c3e738b-0e09-424f-adc2-71a15a5e0eed,0
796,0c4a5294-6687-421b-aee0-ce5126d3d4d4,1
797,0c4b47ac-acc5-4d61-9233-5ef99ff58324,1
798,0c698a65-bfa6-4e56-8abf-c781db77989e,0
799,0c6ac92f-aed8-4b0d-aebc-d24c2a8bcf56,1
800,0c70d547-7e1a-46f7-a2d7-9f95c3b46cda,1
801,0c717075-2031-455b-99d6-128c1e068c9b,0
802,0c75f389-586f-4541-b5b7-5505c3f11d90,1
803,0c76015f-8cb9-47b1-9e87-0036b600dd39,1
804,0c76519f-5466-4078-a2a7-2b1121c548d0,1
805,0c7812e3-f384-4c15-86ae-77381d3822da,1
806,0c7959e3-a20a-44c4-a570-0e2ea3a16a3f,0
807,0c7a5d13-3e80-4325-9b17-5bd5228a7eb5,1
808,0c7eb1f4-4129-48f7-8ff9-8ceca5d64ce9,1
809,0c81b2f8-9bd2-402b-872f-5d57e7cde854,0
810,0c85e426-79f3-42a4-b429-a14c3e49dd2d,1
811,0c890933-2efd-4cc8-84e2-a2bc3ad2c92e,0
812,0c8e9034-c9de-406c-8f70-4f560dfd8e4c,0
813,0c8f0cab-ae91-4800-822b-e664e87e6acd,1
814,0c8f9b33-270e-46b9-878b-f9b87129bcc0,1
815,0c8faf91-5be6-4378-acee-5c7c8e3dd436,1
816,0c90ee8f-d3b2-4c45-8871-227ca8d5d7e1,1
817,0c92ba66-d19d-40b5-80ba-64203e3ab899,1
818,0c938339-84aa-489c-9bf9-004e66b5809f,1
819,0c9c33dc-348b-431f-b6c4-508bae1a1427,1
820,0ca5ec91-fbf0-4938-8783-5396e6882d9a,0
821,0cb2fdce-99b1-45b2-b81a-070072c8c28e,0
822,0cb5fe9a-c3c3-484e-9a6f-45a95507466b,1
823,0cb9da9c-4af1-4656-97c8-c7af5be45efc,1
824,0cbb40df-8bd6-4359-a472-d39d84e85929,1
825,0cbf9a4c-19ef-446a-914b-89925255ccb7,1
826,0cc5516d-e30c-4aea-8484-4edfcab1b2ce,1
827,0ccb35f5-c748-4442-93f4-4dd1b63b98f8,1
828,0ccee807-c86d-4782-bbd4-1802643a9f50,1
829,0cd3e4e7-c006-4bfa-ab4a-f19ea8df706e,0
830,0cd74f96-8aa1-49a2-ad8f-90bbcf9fe513,0
831,0cd96819-26b2-4744-b7cf-c9ab019e40d0,1
832,0cda1c1a-3b5a-4e78-b5f5-990269fc0143,1
833,0ce236c8-2dde-431e-9b10-66edcef0edcd,1
834,0ce5a361-1d5b-4adc-b0d3-9ae482c8532c,1
835,0ce7bfef-a30a-4243-859e-0f321a025c0f,1
836,0cf198b2-4973-488b-a3c6-139dc9d8259e,0
837,0cf34cd1-1603-4b43-bf8f-e52836f847cf,0
838,0cf3eba2-dbe5-4d63-b889-c69b665cd497,0
839,0cf98d91-de8c-48a6-b724-e7a162d57cef,1
840,0cfff98c-4583-428e-9915-959dd69d68f4,1
841,0d018ad7-3b85-44f5-a5ed-0f1e78092890,1
842,0d05763d-6183-4edc-abb4-33128c53c7f8,1
843,0d05d0c9-71d9-4e17-8ab7-b79715829099,0
844,0d0f0205-48ce-474e-bfe7-d8ca420f0a38,0
845,0d1b7b36-18a9-4f2b-a05a-8fb2b68cebe9,1
846,0d23da7f-3691-467a-8e94-078cc2439aea,1
847,0d2a14ff-edbf-48a0-8fc5-082898c665ca,1
848,0d2ff2d8-8440-422c-bcd3-a6b503730c64,1
849,0d33c6a3-60b5-452c-b254-69b6aca11735,0
850,0d3cac1e-4936-40e6-a3be-7c672dc0c9ee,1
851,0d3d2117-dd78-467b-8ca8-a0899afbbf72,1
852,0d3d7d87-8a6b-4f11-993f-eefaaa70e1ad,1
853,0d3e808c-4738-481d-a016-a574916cfd6d,0
854,0d5435b6-0eb1-4894-82f2-0ed1e6216af0,0
855,0d60c608-38b9-422a-9db1-e7706f49f827,0
856,0d6375a5-4af9-414e-9514-22e38f9840c7,1
857,0d63ad9c-b4a6-42f4-8825-3217465ee0dd,1
858,0d6487ed-e847-40a1-aae1-72dd6c60002e,0
859,0d666edb-7717-4723-8f92-7ada48326646,1
860,0d6b0878-ae31-4c23-8567-8eee4865a442,1
861,0d6b611d-ba22-4ad3-a345-747e8b49cd9c,1
862,0d6be808-76f9-4a9d-bba8-6d37985113e0,1
863,0d6ebb46-67bd-43fd-8376-a8d9742d9455,0
864,0d713ef8-377e-480e-86d0-69b5c4c2050b,1
865,0d721743-3bf8-470a-b415-12d24a4ecc5e,0
866,0d753282-62a6-48ad-be9e-362c03741fd4,1
867,0d78fa09-dad7-4414-a965-6d4abef3ce0f,1
868,0d7c9ab6-b292-486f-97b0-2c486003d6e6,1
869,0d8348c1-745d-435c-932e-9f896f4de1cc,1
870,0d868764-3ed5-4363-b7d0-78d711348e80,1
871,0d893579-c8b6-40c0-a9f2-2297aa936309,1
872,0d8aa887-3e7a-4f24-9291-b4f673143e8a,1
873,0d8cac65-3f1c-4914-8005-874743a4dfe6,1
874,0d93c26c-0ca4-4ce6-8d83-e0a44981e857,1
875,0d9813ba-53ff-4712-bd1c-42c3a30f9c40,1
876,0d98701a-5023-4971-b2b7-4ff40481ccf4,1
877,0d9a5b49-17bf-4302-bf14-d23580c95fcc,1
878,0d9ccb7a-f886-478e-9b2b-94dafd92ff3f,0
879,0da0bb78-bbdb-4e12-b0d5-87f89f1e0547,0
880,0da2ab45-89c6-4bf1-8cdd-25ba0c53b7de,1
881,0da33250-2cfe-4bd7-84d8-589e5147e263,1
882,0da989c3-5b37-40c0-8f14-3ba69c0e6bc5,1
883,0dae3475-855d-4962-ae48-247ee393af8f,1
884,0db1e532-146e-40f3-bef3-9ae5b0862e3b,0
885,0db22f26-35ef-47a9-aecf-507650a2a4b7,1
886,0db4dba8-a9bb-4c33-a768-63c318bd6f25,1
887,0dbbb4c1-f6fc-41d3-982a-0b8229c40f8d,1
888,0dbc5157-25a6-49f5-b036-29fa1a037fb9,1
889,0dbd721b-4e22-48ab-9530-aef04dd2cdd3,1
890,0dc505e9-cc34-4ee9-b1f8-641c4300b008,0
891,0dc5752e-9b96-4699-a840-65fe6580f158,1
892,0dcc8488-d8ad-4de0-8691-286157256a16,0
893,0dcdd2d2-7277-4e32-a19f-7029ec318c23,1
894,0dd13cb9-6315-47ef-8815-8a26451119d0,1
895,0dd2f580-bf71-4acf-aa4e-5527dc06b657,1
896,0dd3271f-e59b-4557-8534-1b8d98120e96,1
897,0dd82e8d-3b42-4b47-8640-887d299ec0e3,0
898,0ddb7386-dbac-40c1-8566-6057d9c3172e,1
899,0ddcc061-d1aa-4d29-9c63-319a4dbb1b82,0
900,0de10a8b-9172-4f96-8e8a-ee5203af1087,1
901,0de1bd9a-1f36-424f-b855-15afab1f7582,1
902,0de3a310-ba58-40f2-91de-e684ef235505,1
903,0de77f84-93f6-48c6-8b21-97216c43aceb,0
904,0de83d24-309c-4a2b-ac05-998d601471d8,1
905,0deb4955-e23d-4e6a-901d-32c2f7905525,0
906,0dec65a6-b886-4272-bd6e-6e1f0440c620,1
907,0deeba63-243d-4392-b5b0-2eb5dc8d2a26,1
908,0df517f1-4a57-4b7a-9636-20d71624b9c8,1
909,0dfbad41-5132-49aa-840f-ce14b96156b3,1
910,0dfd79b4-28e9-4a3e-8594-fe580101d156,1
911,0dfd9c60-4db4-4b5c-b6f8-fbd1f874ae24,1
912,0dfe0ca2-48cb-4065-ad7e-06e23cac9cfa,0
913,0e0575df-4066-4b52-91e0-efa7b9500a37,1
914,0e06b762-3d66-460b-bb6c-b64e7b6b195d,1
915,0e0d61b8-255c-4bf2-bfb5-62d53de1d2b4,1
916,0e13c2d4-0750-4fe8-8d67-6d3faa79f94b,0
917,0e1791cd-0deb-4f23-af23-64df35c991f0,1
918,0e1d65a6-0110-49a3-a659-57c19ab65ac5,1
919,0e210eef-4b9e-45fa-b766-276aa4dd9974,1
920,0e216aca-d7f2-4aee-8701-10b9cc8b5aed,1
921,0e251c48-e707-43f6-9852-86893aa8365c,1
922,0e27331d-58a8-4a43-9cbc-8794bcf5068c,1
923,0e2a7f58-7b2d-4a9c-bb0e-d1cdbaa47ebc,1
924,0e2b1cff-3742-43e8-a142-05fc46d7089d,1
925,0e2b75a0-438a-46ad-b829-0b5413b37046,0
926,0e306acc-26fb-4218-9778-e89ad8da38eb,1
927,0e3545b5-1300-4251-8a9b-f38be41ad700,1
928,0e39857a-8e63-4294-a1cb-3ce0c1cb829d,0
929,0e4e748a-5d63-43be-a27f-fc495edddbff,1
930,0e4f8afd-c523-4eb0-9520-2fc403b292b1,0
931,0e54fa72-6b29-44e0-883c-581dc24bfdc1,1
932,0e5a9b92-490f-4f33-bf00-acb91f87446b,1
933,0e5cc64b-ff3a-4f34-a30f-7a2647dea839,1
934,0e5d7d68-e7e6-4da3-af81-bebb690cbc45,1
935,0e60e24f-bf29-47a3-be7f-c3d7e6784e1a,0
936,0e6daaa2-6877-4323-bb88-ad3ef51211b5,1
937,0e6ed7a8-efb8-4300-b166-c93e69fb43f2,1
938,0e6fe311-3d67-4230-ba94-afedfaf9947d,1
939,0e7402da-7316-48bb-ae9e-c10525c110f7,1
940,0e774e04-baa3-47b9-9958-3f2b710064ac,1
941,0e7cdf22-693d-4d7c-b8aa-9d3bcd8de8ba,1
942,0e83d4c0-ac39-49a1-8899-4b30d9aab9fc,1
943,0e8ecb04-a9d4-4ebd-98a3-13fea846d9fd,1
944,0e95326e-895e-4837-9f4a-20cea60f8e98,0
945,0e9591b2-dab1-44b2-a336-bda8be31baa4,1
946,0e97d4da-f556-40c0-816d-9dd00c4a23cd,1
947,0e9a7feb-164b-4b07-b421-19d4c3a41385,0
948,0ea1cba3-456e-48a5-af8a-4d7498750777,1
949,0ea289ab-9745-43d9-a4b0-2dbf4db43408,1
950,0ea5674a-0368-44af-a74e-52c8ad0c58a2,1
951,0ea769e0-1042-406d-aaf7-c69ab76be30e,1
952,0ea865b1-7b93-4c5f-9140-65595ba9d3cb,1
953,0eaa6aa2-5a41-4a87-a601-810bd0d95189,1
954,0eaa87f1-2cae-4d60-98f8-61512abab114,1
955,0eb101e4-aee9-431d-b9b7-33613a497b4e,1
956,0eb11749-151e-4efc-9f34-29cecd546805,0
957,0eb34796-17a4-4bbe-aab5-29d4df050039,1
958,0eb7d095-74af-4540-bb84-fe57b7886090,1
959,0ecb247b-7f73-47a6-9ae5-343f02275513,1
960,0ecc0d5a-3605-4cfd-b5cf-247d5c91ba33,1
961,0eccd8e1-f1bb-4e5f-8999-2db303e4f62f,1
962,0ecebb84-a6bb-4e37-a39f-102344f630ab,1
963,0ed39722-cad6-4dbd-800d-f218662af819,1
964,0ed8d705-85da-4f1c-a769-2ea6e12261fb,1
965,0ed95460-0c03-40b4-8aea-7f2e3120cfb7,0
966,0eda7008-22b1-4b6c-8db5-a86f7ca25e4e,0
967,0eda7014-aa81-4fe1-92d6-3b33a58f3faa,1
968,0eda70b7-8acf-439e-b4b8-ea74f129d226,1
969,0edbf808-5996-466b-a08b-4d1ea0974d7c,0
970,0ee23b58-7869-4ea5-8a6a-ad3820a6bf40,1
971,0ee7ceaf-0dea-493d-b0bc-a4793dbf984d,1
972,0ee99b28-8cdd-406a-a9c4-5ba9a5c01f27,1
973,0eed0a49-f40d-48bb-a21e-65869d0779da,1
974,0eed1a3a-4953-4fb5-98a4-bf32e64726d1,1
975,0eed5f1a-5712-49d6-9ad3-160662151a33,1
976,0eeea361-52cd-4d1d-b138-67480e02a340,1
977,0ef083c4-16f0-4140-94f3-d4f9cb3c2a02,1
978,0ef1ed1e-eb01-4b1a-a750-e8a819882aec,0
979,0ef23fc4-4473-43d3-89c2-cc39aa230963,1
980,0ef25900-79b4-4f0d-be2f-dda876a87614,0
981,0f011307-7ca1-4f1f-bf83-c55e92da36d0,1
982,0f020c5b-3794-48c1-9f65-986009bd02c4,1
983,0f055c9e-a583-40a4-b6d0-3b0dd5454333,1
984,0f07feab-a1a0-4487-a9a7-fb72990d8973,1
985,0f08bb2c-c776-483b-8414-f42c4c1a6774,1
986,0f0c04f3-0932-4e52-b3f6-bf655196dc0c,1
987,0f0c8140-f785-4095-939b-e165b2ff610c,0
988,0f151d80-b82a-4a67-a84a-a5bbd773eef3,1
989,0f1bc63f-cedc-4175-afba-672f01b9587a,0
990,0f1e84f8-b3a0-4c85-b7ef-78818fdfc13c,1
991,0f205650-a989-4f64-b9bb-c7598efd9f06,1
992,0f21f621-49cc-4186-8c8d-f5c0372e95bc,1
993,0f358ece-a5ee-413c-ab2a-40d928c555ea,0
994,0f382155-1a09-4b1a-89b6-d5b4c4a8da6a,1
995,0f3c8499-4a7f-4c04-8340-bbd0824d2584,1
996,0f3d8947-9b11-4405-abbe-edaa6f2c3314,1
997,0f3e79fc-7198-4365-9ebd-47d2ba39eb39,1
998,0f44dae1-1a68-42b8-9f43-6021859c8395,1
999,0f4662b2-779b-41b1-9d03-50e555555321,1
1000,0f481ef5-37b4-4c33-aeab-aed53b11906e,1
1001,0f4c1f84-a16f-4cee-95bf-e13b0ccc66f7,1
1002,0f4f677f-b086-4e66-9311-3801df530e9d,1
1003,0f539015-5daf-4b0c-8fc3-2f9eec233454,1
1004,0f5618f7-5f62-4450-ab05-89d44221c2a7,1
1005,0f5fe5d6-1ccc-4b2f-aaec-fad5e09a6f6f,1
1006,0f6686a9-ab31-4bc3-b402-03abdc280138,1
1007,0f67ee74-7b72-4b47-a0ce-7e7669921dd3,1
1008,0f6db1f6-ceda-4f48-a13e-795bf668be0d,1
1009,0f6f7d6b-4ba0-432b-8be8-cd2fcc8b9570,0
1010,0f71e389-f63a-40ef-a62e-122e5f15ac0b,0
1011,0f736100-3414-4642-8e09-a37d6b750466,0
1012,0f75683c-1efe-4a72-97a5-bd7fea3cce05,1
1013,0f77c5e3-729d-48fb-916f-81ea3ae71608,1
1014,0f7919ad-a1d9-4f60-9f19-233440ff2b4c,1
1015,0f7b80a5-b422-4133-8794-9403b22d64b6,1
1016,0f7bf947-588f-45d8-9808-73ba7bf6bd94,1
1017,0f7d6543-a1ae-469b-8f00-2a2e0bf679f4,0
1018,0f8027bd-0b4a-4c42-a82e-ef0282b2c7c4,0
1019,0f852ad6-77da-465e-ace9-7f85353097fd,1
1020,0f85e9e2-ee2d-4895-b643-17709fcb1b40,1
1021,0f87bcee-2813-489b-a0f7-fc212b0f099b,1
1022,0f885f99-71c0-4de6-96e1-ad3ab2434aa3,1
1023,0f8dd2ac-c853-493c-b0d1-30a2ce430a03,1
1024,0f90e220-d528-4e33-a321-755292217799,0
1025,0f99d40c-cf1d-4dc8-98ca-c7898c2c5c3d,1
1026,0fa0bad2-2495-49cd-98c9-d1b7d036dba5,0
1027,0fa13261-cf61-498a-93fd-8b7a10ee2b88,1
1028,0fa6bdb7-60e7-4977-bab4-1f935d20bd1a,1
1029,0fa98b18-5f81-44f4-b77e-151349318628,0
1030,0face8a1-e89a-425f-8348-22f680268438,1
1031,0fadec21-7bbe-4fd4-be36-9778151eb144,1
1032,0fb3ed9b-8231-4b02-bebf-736ae9c700d8,1
1033,0fb4c5ce-2023-409d-ad3f-a429f3a7d03a,1
1034,0fbbf133-0f51-4664-9e13-3fb7cdb9d9c7,1
1035,0fbc0b66-e84e-4f2b-91ce-ec666f7b794d,1
1036,0fbcf28f-8d96-4e83-94bb-294daf398829,0
1037,0fbffc56-6fd9-4f9e-a6d5-ed4303d5ae3b,1
1038,0fc154f2-720d-40ab-8cd3-a83e1b13d23a,1
1039,0fc33f89-37a0-4ae0-a43c-f60978846eca,1
1040,0fd2d93f-eeff-4b29-a23c-6adde73cc356,1
1041,0fd4ec00-cf7a-4497-a0c5-eb788667c582,1
1042,0fdedcf4-d8e5-4686-99a5-2c32fff86097,1
1043,0fe16341-9c2e-4a10-8867-b366d78384ad,0
1044,0fe4324c-03eb-41ad-91b7-80bf528323bb,1
1045,0fe6c42c-d904-481f-abb2-4771b3f2712f,1
1046,0fea5279-bf0a-48ec-ab8a-60799802078b,1
1047,0feb42e6-b79a-4771-b659-5d493f27ae74,1
1048,0fee8a6a-63b6-41c5-818b-7b50753da63a,1
1049,0fee8f4a-2d7f-4494-a679-e427b2e3e943,1
1050,0ff303e9-7678-45b9-a627-053ba5b9f595,1
1051,0ff615c3-449e-4b2e-bcf6-17ce32733756,1
1052,0ff816eb-a815-4bea-a319-dbe517b70325,1
1053,0ffc2de2-a3a5-4629-8048-4a875613e30d,1
1054,0ffe6f27-0c85-4801-8207-ad2c5822a9f2,1
1055,1005bdb7-0d1b-4ae6-a145-36d5103e58b9,1
1056,10060844-1629-4ea8-85c5-ae6174f07db4,1
1057,1009da18-fcbf-4687-8984-ec630832b5d3,0
1058,100dfe9a-7cfa-4ca2-a22f-43b6461175e6,1
1059,1014f201-62bc-4b2a-b957-df147171e0eb,1
1060,101540f4-b6f5-4750-a93a-a44e1f52efde,1
1061,1015df01-fb68-49f5-b4d5-875cb2ee41eb,1
1062,10167581-2fb4-44fe-85fc-5387e342aabc,1
1063,10184773-20f4-4f5f-826b-43dc0cef5aa6,1
1064,1021090a-fb1f-4143-8f1f-dbd9c7581bf0,0
1065,1027060a-5496-4e0b-b43f-634190b20ff8,1
1066,103222bb-8244-4848-a5d8-63768689b967,0
1067,10357866-d551-4344-91c5-15528f9637ea,1
1068,103b07ab-3d6c-42f1-918e-ff0c3205c585,1
1069,103c21b4-bedf-4d68-b537-d28ce73157c4,1
1070,103fddd2-420f-4b25-8714-cbd296107261,1
1071,10404a76-0ac2-41dc-87f7-973d253cfc85,0
1072,1040caa9-e9d3-4a83-9402-f48231a9c2fc,1
1073,104464c6-5174-45f0-83ef-2dea85d495ad,0
1074,1047b593-5c9c-4429-8ebe-1f80ff03da95,1
1075,104d7dab-40e0-4bb8-8d5e-ad1c341abf16,1
1076,10585cfe-00b1-42c6-9cb1-a8ed8a699db5,1
1077,105b5ffb-1a78-4d0c-8ff9-ad89886f10b9,1
1078,105c71ee-86dc-4229-b5a9-1d7d532f093f,0
1079,105e0594-0474-4fb2-86da-9ad413a95737,0
1080,105f10fe-6491-4667-a2b6-5c60dbb4f9a8,1
1081,10636a4f-142a-4040-b80c-b20b5243e53f,0
1082,1063831b-7f93-423c-988f-f161ba05c1c6,1
1083,1065f7e7-f8c5-4b00-a49d-ba5240b67f4e,1
1084,106617a1-65ec-40a7-80da-2424c2aaea5e,1
1085,1072a49e-50c2-4c1b-9486-966f6ae70672,1
1086,107938b3-7556-4010-bffb-a4834189bb9e,1
1087,107a1447-3a90-4fe1-a9ff-c20a7da50056,1
1088,108f0816-47c5-4d0f-be3b-7ea48e2cfa04,1
1089,109cd87b-b976-4291-a09a-b8169c34808a,1
1090,109e5c8e-5469-4513-a53e-d6382422f020,0
1091,10a00ed0-7537-452c-93dc-eefc1a6c05b6,1
1092,10af3ef3-5c8d-4bd4-a9b9-257cef398d95,1
1093,10b04899-19b9-444b-b3cb-23a7caae1db8,1
1094,10b078d4-c2da-4212-b954-2cd7d92c92c8,1
1095,10b3a19a-c7cc-4a92-abbc-d985ac2f4a8e,1
1096,10b61921-c34b-4ee1-99da-e796e09bb4d7,1
1097,10ba8e06-4c76-4c4d-8a7d-8071a47342c6,0
1098,10baa2a0-bd41-436e-88ef-32f98f96d1c0,1
1099,10be0475-48d7-43ad-aca2-458f0a102e42,0
1100,10c04c97-87ec-41eb-94fb-5b0f8da1481b,1
1101,10c3901f-f46e-496c-9bd2-e7eccdeee00a,0
1102,10c8dc24-bc81-4749-bc3c-09b748325555,1
1103,10c90f55-8126-4ce5-9d03-699854a5b5fe,0
1104,10cb49a2-5f0e-4ddc-bd11-6511751b6250,0
1105,10d398d0-6d55-4fee-8e99-c05c979a5b5c,0
1106,10d628cc-2a3c-4ecc-a579-2efa6075535c,0
1107,10dd8ca0-b279-482b-844b-0da05cf2dbaf,1
1108,10e01cad-ed6f-401c-a761-d233585358fa,0
1109,10e398de-e31c-46c3-93aa-cd35786a63e1,1
1110,10e441df-bc7c-4e64-9a68-1181178b7863,0
1111,10e6b4f6-0742-4ab3-81eb-ef804e08b52c,1
1112,10ec55c2-253a-402c-9215-34c1b49ec2d1,1
1113,10edffd8-093b-4a9e-abe8-abd3938c6278,1
1114,10ef27af-2313-45d8-9bb2-0c2938a431c5,1
1115,10f0d04d-5591-4517-9fe0-ad95033999ff,1
1116,10f7a8d0-54a4-40e9-9041-9c1e00fb0a8a,0
1117,110254cb-d6fd-446f-aaa2-91a71b1b1864,1
1118,1102591c-d504-4a95-91dc-73926ba13317,1
1119,1109d731-f798-4105-91f6-0ea74a76e2c5,1
1120,1114bdef-1679-433d-842f-c08755d4d425,1
1121,11189e2e-3906-4abd-8ce2-ccf6e8e09496,1
1122,1118dc7e-2eb2-49f0-875b-a73726af3dbb,1
1123,1119d389-d305-408d-91e6-47db1119b004,1
1124,111a208e-1aa7-449a-b7f6-8799ed8fe509,1
1125,111a9715-1f31-4f39-b2f7-e43d230e00c9,0
1126,1122ff72-d8ba-4a7b-86d1-6758a6fe17d5,1
1127,11240bbe-fe2f-47b8-90a5-cacbbfadea38,1
1128,112f10f0-37c4-4222-867c-4d464ec5314d,1
1129,11319855-d425-471f-8421-098cf61fec9a,1
1130,1135a63e-d4d1-489d-9fa0-6b188aca1f17,1
1131,1138feb4-20d6-4aa5-92d5-c431bfae5e29,1
1132,113988c5-2cc8-4286-9a69-ad36f717b502,0
1133,1139a2cd-79b2-4509-ba09-b84bc63834fc,0
1134,113d0727-0848-490a-aa17-0c5b6b0a397e,1
1135,113e4d3e-6d35-4481-b24e-e23252d75c7b,0
1136,1141075b-540e-49bf-afce-af2ed280bd41,1
1137,114949d8-c32d-405e-b299-0dc0a955aa44,0
1138,114ba16f-5bbb-4355-a416-ce2818893913,1
1139,114e7af2-49fb-45eb-bef2-14af3b880581,1
1140,114f96ae-6ff5-42cb-9a0e-17a0ddfd789c,1
1141,115c40a0-55ac-4132-ad91-316bb2baffa7,1
1142,115c70d2-559b-4151-a2c5-b00601850bc8,0
1143,116172c4-0434-46e1-aca8-07489b42bd79,1
1144,116a9823-f430-44a4-beb2-8d5a200a4a0c,1
1145,1174e898-ab04-4c26-bf1f-746da768759e,1
1146,1185b4d9-3105-4a21-9425-212408d7fba5,0
1147,1185c4be-df76-4938-b51e-3bd9010399a3,0
1148,11881efa-be09-4001-87d7-a562767c27bc,1
1149,1188d767-d2f2-4e91-9892-ec4c8c489064,1
1150,119716fa-afa9-4d41-977a-85d56e08e44f,1
1151,11990bca-0e29-41db-8689-a4cfabb2e4de,0
1152,119ed37c-141e-4480-8ce3-089de9efb962,1
1153,119fc1a2-61c6-42a4-835b-9ad6ef01a5c4,1
1154,119fcb72-e73a-4a40-9393-4a84c25fea4e,1
1155,11a0e464-fee8-4901-a5c1-87e31c87d86d,1
1156,11a24045-95c8-4b1f-936b-bda62c5e5541,0
1157,11a4b774-d905-42b2-8fcc-5feb2dfe42b0,1
1158,11aa96b6-450a-4ff8-a374-96b9dcd257b4,1
1159,11ac0ba2-ca04-46d0-8153-8c560b782161,1
1160,11b2d293-e869-4910-8b1e-738f426a70e2,0
1161,11b507b1-d5cd-4c90-ae28-e3b412483124,1
1162,11bed007-cfbf-405b-8ed6-e1fb86d5fae8,1
1163,11c5e020-1441-473f-ab0b-5933110cbd57,1
1164,11c86584-ccfc-4559-ae03-5dc8948c9ae1,1
1165,11ca74ab-37f6-4659-b4b6-4b8005e4f298,0
1166,11d8c24b-6cda-4a7b-b011-3f03fbce1d07,1
1167,11d8d601-b24f-4485-af88-dc830be6999c,1
1168,11da31f0-9967-4f5d-b944-ce8d0a905f21,1
1169,11db1ede-35bb-4e31-8968-438c5f1790a2,1
1170,11dd3ca5-eb9d-42f1-9025-2579f8aa5ec0,1
1171,11de8b04-7eff-4abc-b992-23951e374679,0
1172,11e77d4c-5a34-4270-a076-c7d261f6b062,1
1173,11e8b73c-1b40-42a3-bbfc-fced0eb6a0da,1
1174,11e973b6-7e53-4010-8e4f-9ec59f5f1aeb,1
1175,11ef4c64-9529-4aa1-8c76-d3f4cd44288e,1
1176,11ef5760-3ab5-48dc-a45f-35bdb542e53f,1
1177,11f1f827-ae60-4d6b-9977-d3cd68f7e3af,0
1178,11f3b827-0ec5-46b3-a630-5820ae70c742,1
1179,11f5281c-6a26-4f3a-9acc-5fc91739bebe,1
1180,11f7e547-2ae3-4095-b692-e5d5a68971df,1
1181,11fd155a-4b33-4d48-9e49-e31ee3e3bfb6,1
1182,11fe7293-bfb2-4e9e-885b-1706421f808d,0
1183,120491e8-f683-45fd-9693-ef95134feeb5,1
1184,1204b50b-4154-4f5f-a8e1-93285fe248b5,1
1185,120c4a62-9a5c-4dd7-ac93-19a08b7f5efa,0
1186,120ec8a3-d827-4a5d-8711-d165f126b5be,1
1187,120f2489-f32e-4687-b84e-294020101f5d,1
1188,120fd595-830b-4d94-873f-30380e06f297,1
1189,121175ad-0de2-4feb-8f34-2fd3f07de23a,0
1190,121702c3-aca5-4e3a-822a-e9fb86d06b20,1
1191,12173b62-62c2-4d83-843d-735ce192c944,1
1192,1217718c-ab8a-45ab-a7a6-4ed85c1d423b,1
1193,12216eaf-9898-4971-ab98-c0ca2195b1ea,1
1194,1225f1bb-b9d7-493f-bcd3-5beac9c2825a,1
1195,12271281-c36d-4d86-a8dc-cf44062329e9,1
1196,123cf3cd-f88c-4f0b-926f-9aa0dbc22c5a,1
1197,123e1581-5379-4079-aef1-653bb7c97603,1
1198,1240c755-13d0-4306-a668-822cf2ebb8b2,1
1199,124a7399-aadc-4bd4-804e-35a875d1c381,1
1200,1251e643-22d0-423d-8939-eb19c26dd726,1
1201,1253d5c6-f9ae-45dc-aaea-ab4b5b9f03cd,1
1202,12554de5-2ab8-4c3c-b799-212b7578c172,1
1203,125734c0-c043-4015-a954-a38ce8667b03,1
1204,125b41c6-f91a-480a-8e55-0764f023c242,1
1205,126249df-f220-4662-9a7a-939c0193e9ee,1
1206,127064e5-6952-4b98-874a-33bc37476b73,0
1207,12710b1d-db62-42f7-9b00-f69824dec88f,1
1208,1273976f-cf68-4b7c-8a24-c55de79b0c4b,0
1209,12763e15-0cbf-46f4-ae13-2084ae95ebec,1
1210,12770085-88a8-44e6-80d9-664bbf32c591,1
1211,1278766a-46cf-4036-a384-3d0edaf8da4a,1
1212,127896da-17f2-4c0a-8a37-8591916f1e83,0
1213,128270c6-cb63-4e1e-a25e-7effcc9d0db5,1
1214,12862e96-5b04-478f-b7a2-46ecf25eb414,1
1215,1290f50e-ae00-4182-a11d-747879c87e7e,0
1216,1293b957-2904-4552-9f9c-24c7234174d6,0
1217,129c599c-d3eb-4d13-a94a-73eb8af5c56c,1
1218,12a51bc9-2abd-45ee-8a25-8c9fe88e9949,1
1219,12a5241c-e2c9-4a77-89f4-c0f369592484,0
1220,12a6908d-39f0-4221-84fc-c691b442a2ec,0
1221,12a7e6e7-1480-4642-ac10-d65b93092252,1
1222,12a7f81b-000d-4d38-9174-630fac2bf4dd,1
1223,12a8a954-499a-4b7f-97d9-57931c5975c6,0
1224,12a92e91-83be-43c8-b2d3-5b70cc4a957d,1
1225,12ab3b12-3b0a-40b9-910a-df94eebec308,0
1226,12adea20-779f-4b3d-abfc-9feaa7ddb24a,1
1227,12b0703a-5668-42cc-afa1-d6be02f7d4ba,1
1228,12b51c43-8881-4358-a89e-92531eb6b1db,1
1229,12b547d1-d19b-4665-bd26-292376207ac8,1
1230,12b5de5e-0420-47a3-b468-00e51e30cfaa,1
1231,12b7fd05-5239-4bd3-9dd3-bc463abff211,0
1232,12bb7ee9-e524-4133-b718-91812e36e99a,1
1233,12c5e48e-e258-4d1a-97e7-a14cf148cd07,0
1234,12c92777-da8f-4cb9-a759-186d0e5ea998,1
1235,12d4f838-471b-43f2-925c-8b0251f3c3f1,1
1236,12d6d05e-2415-4674-96b0-610ba85ffa92,1
1237,12dc17c1-771c-4ffe-9396-54a7e15d99c1,1
1238,12e24129-43a3-4ff6-9d8b-933c78a308ef,1
1239,12e873c9-1f24-437b-a38e-633eb3282a28,1
1240,12ec716d-4dd4-4f85-826f-46b642c4d7d2,1
1241,12f2d5be-4968-46ce-84cc-fa0a1326e1bb,1
1242,12f64c07-918c-4980-aad1-2eddd189a98a,0
1243,12fc1a38-d2b2-4c0f-8ad9-085b840f3284,1
1244,12ff6a37-03e8-4a09-a486-1b7c610dd2e2,1
1245,1301f620-1836-4f35-b6ba-eed4ad694e96,1
1246,130937fd-017f-4e74-ab33-77707f72e977,1
1247,1318087a-9ce0-4ca4-b929-60afa820c04b,0
1248,131a123c-f4a5-42a3-9e6e-0dccc0d10a3d,1
1249,13221574-5d40-4a51-a9ba-e2ee5c9652ef,1
1250,132a5183-1423-4ac0-bdb6-19b8a2e5f155,1
1251,132d3b93-2aa6-4c02-a83a-c7242118ba51,1
1252,132e47c8-c29b-4e6e-b328-333a90e38e62,1
1253,132eb85a-7e4b-4db1-8338-36eb8c1609da,1
1254,1334f56d-5b4f-4493-831b-3dcfa0aec7af,0
1255,133977ff-3147-4030-a2fe-369f89d160f3,1
1256,1348400d-b7b7-4920-a745-6332e4b98c53,0
1257,134e072e-b299-449e-b78d-cf42a4947c4b,0
1258,134eed2e-9634-41c8-924b-f839ded3c46f,1
1259,134fd3d2-bf00-4724-8f5a-d40bee4a1a3f,1
1260,1350a833-5ed1-4acd-bde7-eaf2e6c0c2a3,1
1261,1363a7d9-5596-4296-b3c7-0ddf5514e110,1
1262,136a6a41-4c53-497d-860e-c8d55fa563ad,1
1263,136c0cad-dde1-46da-8acc-f48c2f62540e,1
1264,136e4639-f38b-462a-acb4-51750e12108c,0
1265,1374c283-e28c-4be4-8556-b30dcb060fec,1
1266,137d058c-7b57-4679-9202-1987bb9b0937,1
1267,137e0e87-a38d-46cf-b774-6162b076ba08,1
1268,137e76e3-0f7d-4051-b6bb-634e8114d049,1
1269,13846a57-afed-4258-a1b5-b5e16a7e95ed,1
1270,13849624-489f-4143-b289-6833aaf4ff1c,0
1271,13860e32-9a57-4fa6-ace9-5a6610d20244,1
1272,13a7dca1-2084-462b-b3b8-8895401f8426,1
1273,13a9314c-a868-479a-999d-a309d1443ba5,0
1274,13aacd1f-96c1-4116-ba04-d8be3901a481,1
1275,13b76fd8-bd1e-42b4-869f-45fae9b6bbf6,1
1276,13b84fcd-7a68-482e-8bef-0523d9b55a61,1
1277,13bf87b5-c6c5-41fa-8870-027f4e5d2212,1
1278,13d013dd-038d-4a24-a074-3f82dc873079,0
1279,13d5aaa1-e6fb-4997-a844-0231562128fb,0
1280,13de5fdb-af36-47be-9c79-0a26c3d94bdd,1
1281,13e96163-8981-4814-ba00-7dd9710291d3,0
1282,13ef16bf-8e8b-44db-97e9-33c65b453744,1
1283,13ff2152-1f26-4a1b-8909-70ad600ab173,1
1284,1405abc2-935b-4094-94af-c6c8eeb2a65a,1
1285,14087d41-aa9a-45e3-a827-e28df38173e9,1
1286,140c7ce9-caa3-42b6-aceb-572d115ef04a,1
1287,14107f21-138e-4c83-8404-20b4038d0bd5,0
1288,14150f93-4ec2-44ab-b110-ae7e84ece020,1
1289,141b4ca0-fbe2-4c15-a1bf-8d1d3c7705c0,1
1290,141ca19e-b0f9-4f62-8e81-ff1109764f0a,0
1291,141da42b-813b-442a-8960-dc022894744e,1
1292,141dd55a-be1e-49e4-85b4-f8403ba567d1,0
1293,141fc1a0-1cea-4599-ad3d-8dc8353fd6ab,1
1294,1421829f-3271-4dd4-8e31-a0296c596a1f,1
1295,1422db43-80fa-47e9-8fa0-fb876b994dbe,1
1296,14295984-cc53-4ed1-89cd-ea7ec682006e,0
1297,142a6e4e-5cfb-4a03-b42e-dfab2a071a11,1
1298,142dc03d-3534-49a0-a4f4-0a397eeb8482,1
1299,142e1a3f-4d11-42e4-9635-29d62303520a,0
1300,142ed156-0385-4e13-be72-a8eae14c902c,1
1301,142f8916-bbd5-4e46-b30a-d4c633262e00,0
1302,142fd57a-9fba-4238-bbc7-54e2b6d41b5c,1
1303,1432791f-fda6-4f55-8512-c91810acbf2f,0
1304,1433e8e3-74e1-40ea-becc-28f273f2b2fd,1
1305,143616b1-40d7-4005-b07a-52db315ec300,1
1306,14378610-e87c-4d1b-ab8c-186df51b0d36,0
1307,14398c42-c1f0-4aaf-b542-94071a72d78a,1
1308,143a9fdb-b97c-4ed2-9e05-580b0a05c65a,0
1309,144189ab-0cba-4ca2-a7de-8d804a4fb258,1
1310,1443fe54-84db-4841-a19d-2c332eac5f7c,1
1311,14499ad8-bf88-4bfc-b5e7-060f9f28a16c,1
1312,1449c02d-01c7-4129-b275-5e876a6b5e3b,0
1313,144a0771-d7f7-4da2-946f-c450d1a7c18c,1
1314,1452c71d-a3f4-4e04-b2ba-f87de88fad8a,1
1315,14611a28-71df-41f2-8c58-ba832fdd15cd,0
1316,14623807-e9ae-4988-aaf8-3c6d3b74a53d,1
1317,146bfc49-476a-4215-a0ff-981bfcbdbe09,1
1318,146e9565-bfca-4bd7-aad2-0bf85a0fb20a,0
1319,1474ceab-c83b-4763-a37d-48389ebba2b9,0
1320,1480a57f-cfa3-4a7b-9ca2-e264e0a3d687,0
1321,1480e567-85b9-4fe8-9aef-ef3199f16cf1,1
1322,1481fb4d-9fb0-4c21-948a-bbc9bb327aad,0
1323,1487103c-77e8-4c8f-8b2a-6b7b0c18fcf5,0
1324,148e878b-8831-4eb1-9194-48d4c58a6c27,1
1325,14917b2c-703e-4ff1-980b-4c8d5e83c8ac,1
1326,1492e946-e870-415c-82d0-9bc8fbc4f962,0
1327,1497a4ec-ba33-419e-802d-57a5691d3980,1
1328,149b4195-c747-4eba-a016-73fd21cd78d9,1
1329,149c2119-d9a8-4b8f-a040-097c66e91886,1
1330,149d8a5e-b6a1-42e3-b211-05b710293f43,0
1331,14a7cf3d-e9ea-4243-840a-e19db0606c94,1
1332,14ab8b3e-9285-41b3-b80a-b9ceaa28e352,1
1333,14b21e29-e42a-49cd-bbc5-358fb6ede566,1
1334,14b54ae0-be20-4577-88ca-6ce357007b17,1
1335,14be88eb-9c5d-4e1b-acb8-052e5bd0e451,1
1336,14c587af-436c-4ff2-a830-52ffd45a0dfc,0
1337,14c5a3c6-997b-4258-a2e3-0021b0cd291d,1
1338,14ca3d31-a27b-42f6-93a6-96b9fd95c8a8,1
1339,14d10b93-7b36-4708-b02d-681b2484a6ec,1
1340,14d6ade6-5256-4b36-8f82-5f195605d5c9,1
1341,14da44f9-6db1-48d2-ad1b-78a6bc61e5c0,1
1342,14da7614-36c7-4f2d-84c0-10f2bcdb1a45,1
1343,14daa72f-fd05-4086-826a-67fca7c2c4d0,1
1344,14dd40c9-be89-4024-a0d6-6014fe6d9e40,1
1345,14ddc776-c090-4098-b5f5-3b7cde8c5a09,0
1346,14e0e233-8382-472d-a845-1c6f9664eab2,1
1347,14e68ae0-622e-45ad-8f8f-cd43b39a5f81,0
1348,14e7ce41-b541-4f75-9e35-6c0cb229c36d,1
1349,14eb45ae-f5d6-4f78-9d8a-3fd79b9bd2c5,1
1350,14ed6c56-c8d5-495c-afca-a4c1874cb9f5,1
1351,14edf58d-d4db-4473-a113-03e32417c691,1
1352,14eeae74-4467-4b1c-99ab-780a70df99d5,1
1353,14f20a85-b1db-4370-b224-e3322703412d,1
1354,14f431a6-f224-4bea-b26a-6fc735e5b6a8,1
1355,14fd629d-3d89-477e-99f4-32ec323c5bda,1
1356,150394fb-97dd-4cad-9b9f-a10d3b1d1e03,0
1357,150b4dbe-b2b1-4be0-9ff2-90bae7729954,0
1358,151c66c3-c893-41d6-b53d-5a882120e812,1
1359,151d79a3-1f1f-4249-920d-6e6f5a62f740,1
1360,15215f70-6917-43ec-8d9f-f52a4d5be2ee,1
1361,1527ca52-ebfb-40bd-852d-0fe449fac955,1
1362,152a0ad8-8ed2-47fa-aa51-af10ccee089e,1
1363,152a7f63-b4e4-4b21-a477-4d3064ed60bc,1
1364,152f892b-febb-4e45-b7c5-4c04f7d44050,0
1365,15330558-7f2c-40f7-9112-9014c186ed6d,0
1366,15403241-9681-4ac7-a123-0c047532b7ed,1
1367,1542907f-3c17-490a-95cb-ff51732847f4,0
1368,1543fd8d-a983-49e8-8896-762afd173134,1
1369,154b6f60-dbd1-498b-ae20-dfa10f22a7ae,0
1370,15515841-7f3e-48b3-8f6f-a4a991d1ad45,1
1371,155326e4-dfd9-4da2-aad7-8fc40e7b6afc,1
1372,155e9e77-92da-4e72-9ce0-e379e80e1e0e,1
1373,156a658a-2fb7-4a0a-aae7-8a1f66be4e06,1
1374,1578aa75-a8d9-463c-81b9-12d36e13f72e,1
1375,158512c0-5a89-4bb4-9e5f-afd11cd0101f,0
1376,1585d2c3-1e5c-4950-9937-7e182f644f51,0
1377,15865da1-0dba-4881-ba2e-968dd8d88a4f,1
1378,1587fa40-cc66-4d5c-a6d9-eb8f275a3c45,1
1379,158e4be8-02ce-4cf2-b472-2637ec4b6b60,1
1380,1590f532-84c8-4ba3-adae-1d1a973a1194,1
1381,15934a40-b7a8-42fe-bf18-83def9e798f8,1
1382,15935f61-bb3d-4369-83fd-9cbae4d74831,1
1383,1593aa82-7eff-4053-bcd5-b3f6f5e8a666,1
1384,1595cef0-366d-4217-8da8-f68da630b3d8,1
1385,1597e2da-3b4b-4000-a1e9-af5b6125b910,1
1386,15a24242-277c-43e0-8582-6a057920fe8f,1
1387,15a986f7-372a-4e4e-bd42-c7c24f8e42c1,0
1388,15a9ce56-20e0-4cf0-8c52-1683da50f23f,1
1389,15aaeb2b-a2f2-4f10-9653-db502fdd9ace,1
1390,15b4b4e4-be3f-42fe-9c19-d29ac65b4249,0
1391,15b6e255-2ee2-4c8a-9fac-08b7a0b2ddd6,1
1392,15b73ad4-fcf9-4f8b-bcec-bdc8335265ff,1
1393,15b9d72b-d17c-4315-aa61-8f4921a79bec,0
1394,15ba652b-7e11-4874-a40e-7d09ad6885e4,1
1395,15bc1e02-cd5f-453c-856f-390b32ec4867,0
1396,15ca1984-0579-48ac-90f2-db0a772b79cf,0
1397,15cb1e44-c69e-4c9c-90ed-4143ba561bf2,1
1398,15cf1c85-4924-426f-a264-bd52143b4609,1
1399,15d1a4b8-b297-40d4-a9e0-cd02456fd7e1,1
1400,15d1d5f5-f164-4da1-9bf0-5605bdedf0be,1
1401,15d5ee48-60c2-4125-b952-61bb04e3dadd,1
1402,15db9e5f-4fd0-4cee-a69e-549f8863f79e,0
1403,15e1f96d-f953-4760-875a-de9cc97564ef,1
1404,15e77753-09d2-46d5-a5c3-5de9d11ff94e,1
1405,15e81aa1-0f8c-4124-86bb-78cccd4bef50,1
1406,15ee38d9-4e8a-4689-9bae-59fe521a794d,0
1407,15ef9b55-424b-4241-86c1-01d293e63bfb,1
1408,15f98eac-6efd-46e9-b0b3-b90bcd1f1b0c,1
1409,15fd3591-b4f2-4004-9200-9f84c2ed5054,1
1410,15fe98d4-db6e-4540-bce7-9d1c5177be12,1
1411,16001a0e-779a-458d-a704-719fd709806e,1
1412,1602b0c4-cfa2-41e5-95cd-dfaff0e7f4b6,1
1413,160631de-5e0f-4290-8bdb-3eae9bbfafd4,1
1414,1608bbcb-1452-4789-b3bd-93472a8e47e7,1
1415,1608db54-4501-4513-bd37-0f82bd00f8cf,1
1416,160e95cf-e897-4980-a8f8-c4a35f26fd68,1
1417,16110a6c-e690-4719-94ae-0946e6c21ec7,0
1418,161313f1-da38-490c-931e-99f93d29e6b0,0
1419,1615e97c-07ca-41db-a16a-3725f237852f,1
1420,1617c4b5-2c69-42dd-b40e-19f5f3e5c07d,0
1421,1627b7ca-314c-4ca6-899d-2146842c6320,1
1422,1632ed9b-8e45-4210-a2f4-e08b2fe821ae,0
1423,1636387b-d858-4259-8a23-49505d9dfdc4,1
1424,163a839d-c5a1-47c3-8ab7-76e31940ea8d,1
1425,16421e5a-3c81-47ba-bd6e-14e0d2041b36,1
1426,16432d6f-7fa3-4fb4-a14c-23816ae8d549,0
1427,16451bc5-fca9-4434-a1da-8e38b8e915f0,0
1428,16486b5a-b8ab-4b7b-a2ad-1fbe30e44d7e,1
1429,164b1648-7150-4765-b652-079b64ed1d84,1
1430,164ba0e1-6c25-4d4d-8c97-560e30459943,1
1431,164bbba4-a41d-4379-842d-57ba13c3277d,1
1432,164caa70-6f7c-4c20-9146-c55ef6929b9f,0
1433,164cecb9-fc4e-4a2d-b6b7-819415142f64,0
1434,16562050-7007-45ce-90e4-37243b61df2b,1
1435,1657ac50-0c7a-41d1-91ce-eb92293e7afa,1
1436,16583509-88cc-4bf2-a291-efcc146a0338,1
1437,1659f7d2-d8ce-4480-9067-0390cfba89b7,0
1438,165b4363-916e-432d-95be-192244bb5b76,1
1439,165b7bff-80fc-45d2-8343-dd4312a9d633,1
1440,165c0ada-1795-4d82-b04e-13387b6558a5,1
1441,165cfa56-0632-4b0e-bd6d-8e63555110e6,1
1442,165d04c0-a0d3-4d6f-b0b5-0bcb8657c81a,1
1443,165e546f-873a-4299-871c-fc2cc6ca6b04,1
1444,165f1ab4-c009-4dd9-bb16-b1bd8ec0d17e,1
1445,16681008-4724-4d6f-a965-6a2a6aa841f2,1
1446,1668c3d2-44ba-49aa-bb24-c74cf158dbf5,1
1447,166d5f0c-cfdf-47ff-b0fb-bed3bbe658d1,0
1448,167266f2-3bff-4455-a71c-298d5722ec7f,1
1449,167472f8-3112-439b-b9ce-6fd2b13d5155,1
1450,16787da2-2c91-42d6-997b-bc25e75a39b1,1
1451,167e7a23-194d-4b13-b2d2-b430064dda8e,1
1452,16811b98-b556-42b0-9ff6-5ab0ed05da2c,0
1453,16829e2f-36ef-407e-8741-e13ab25403cb,1
1454,16872acc-e663-4b29-ab5f-49171bc98c95,1
1455,168be985-6cf1-41af-9eff-c44e48e672fe,1
1456,168d82e7-f89d-46db-b391-80b6047f361d,1
1457,16981919-0754-46e7-87d1-ff7c2e800058,0
1458,1698a7bb-e6da-4866-afa2-1cdd97e58264,1
1459,169cafb8-db0a-4cec-8a8f-1d7f54b28f16,1
1460,169e849a-0a3b-4d74-a290-8d27976ba60a,1
1461,16aa8c4a-8aa0-4093-ae58-1091244dc25c,1
1462,16aae8ea-3ed9-4165-8b2d-6212c76dbd12,1
1463,16abc1b3-d9d0-4641-a99f-f2c9c25f136b,1
1464,16b1b533-f4db-499d-afa7-3a1b39832e0d,1
1465,16b42570-3d60-49c7-b976-f9e5a3e4e5ad,0
1466,16beda89-e5dd-41ea-bb3a-f8aa2a36681f,1
1467,16bf6645-c408-46e6-a959-6f2ef74a90c5,1
1468,16bf9494-e8f2-4bfc-b3c9-1e6965717496,1
1469,16d2e13d-de50-4f7d-b997-749a431920c4,1
1470,16d6317b-9315-4d3d-88be-daa57fd793c6,1
1471,16dcca10-ca3d-4645-aac3-95a3d273f33c,0
1472,16deb653-1b4a-4430-b72d-a5ddc0135149,0
1473,16e254ee-d8b2-4193-b2a3-039741cd2a49,1
1474,16e83abd-cf94-4e5f-93a1-d4f594a2f845,1
1475,16ed8e88-56cf-474e-8c6e-467da165fdee,1
1476,16f05cd1-30d1-421e-ae9f-e895fdaa115a,1
1477,16f3d122-8ab7-4134-9210-73581d9fff18,0
1478,16f76361-5949-4065-b89d-3331c2d6372c,1
1479,16fa67c5-292a-4ad3-91b3-88ad4aa3e0e5,1
1480,16fdf9f0-97d7-4bd5-8be7-d975669d3f4b,0
1481,170e461c-16bc-47af-994b-b4b4bb8e773e,1
1482,1710776a-1a59-43b7-9cc8-3afa30424133,1
1483,1723d28a-f2d2-4141-8f66-aa09dd59b11e,1
1484,172b47ec-3f9b-4e57-9d1e-c64a25544ebf,1
1485,17301c09-2bd2-4645-a9c1-c0aaf9ae9fba,1
1486,173d358a-c85f-4d76-87df-bc3d4af01e31,1
1487,173f61c9-1b49-4159-a607-b79ab09f8e53,1
1488,173f91f7-e10f-493e-b39a-915e247fa31a,1
1489,17409aaa-b729-4892-a969-3a1fd2bd4424,1
1490,174444ab-c925-47d9-8c67-d3257cfdacfd,1
1491,174a6ac3-fd7f-4c32-be0a-2b1ff2217d9c,1
1492,174dfc72-b652-4d09-a287-285450130e95,1
1493,17517036-9e5a-4ca3-901a-0783a7b05f1f,1
1494,17592e0b-65c3-4499-a88d-28038016503b,1
1495,1765b1b9-7c1e-4114-a859-3dd2d38ce428,1
1496,17695dca-7c46-47af-90b2-40a20c7716a9,1
1497,176cf178-25d8-49d0-ba5e-6f2f4b1b12f6,1
1498,1772ba8b-ae13-47b2-8dcf-72f29e5e86ba,1
1499,1776e4f7-40b0-4d98-b06d-cddee39cbd2b,1
1500,17771d7e-2546-4aed-8034-e914b5652775,0
1501,177be977-c51f-4459-82f8-cf481d54b742,1
1502,17883367-0223-4796-af9e-427df210a3a2,1
1503,179371c5-f4fe-4c93-8265-300013fbdf74,0
1504,17942091-068b-4833-aa89-d28a3cd555c7,1
1505,179745ef-debe-448a-993f-c2c9f132ec57,1
1506,179dcd51-184e-4537-a6d7-39eadfaf8a1d,1
1507,17a16406-bf93-4d74-b14e-f45653769588,1
1508,17a32dce-8f88-4ac1-8c79-9bd0fab7b7dd,1
1509,17a75f9c-7a27-4892-b486-cbf895436a08,1
1510,17ab172d-0f36-48ac-b46b-fe52f9cad1f4,0
1511,17aba129-3c18-4093-86cb-8ef70b93c5a3,0
1512,17af57c1-6d5f-40ed-add0-88c670f428db,1
1513,17b148c4-d6f2-48ca-8fb0-71c1cb8aa7bc,1
1514,17b1587e-0fc8-4582-abac-4a35b27c578d,0
1515,17b1774f-d0f1-4eab-ab84-ce289adcebba,1
1516,17b95405-fba6-406e-823c-cc0ad2af90e5,1
1517,17ba3c43-27ec-47d7-a5c9-ccdefc46116e,1
1518,17ba86f9-a9e2-4808-8342-d1e121942949,0
1519,17bb3a03-4198-47a6-856a-c1dffe5ccb13,1
1520,17bc5f04-f6eb-4e0f-bdf5-c3241bc04924,0
1521,17be0608-777a-412d-9e1e-79f6a2023998,1
1522,17bf87a1-55c1-41e4-bacb-19f26875ac70,1
1523,17d3d056-40c4-4c0c-a479-bb25f7274c68,1
1524,17d7d3d3-1fb6-450f-a5a8-cce656147039,1
1525,17df54d9-8504-4144-acaf-33e6137412d8,1
1526,17e1e5a5-193b-4ac0-b98f-9cf7ca2c7755,1
1527,17e8f037-7bad-459d-8062-5776937821e9,1
1528,17ecde98-808e-4fba-8ff1-146dbe8103a7,1
1529,17eda6ee-b213-4458-8fe9-04a357d031a2,1
1530,17ee8712-7eb4-42c1-8bb8-7ca54b14be73,0
1531,17f00219-bf0e-4164-b1a3-666ad8834ed2,1
1532,17f4dbc1-d81d-420c-9f9a-1f4a634d665e,1
1533,17f61de2-f6a0-4253-9066-2e0544e2b716,1
1534,17f79a59-03c1-47e6-9e08-790f76730b20,1
1535,17f8575e-e660-42fa-a300-37b0a407a3a2,1
1536,17ff4df4-503d-4527-958a-70ba9eb7e3b0,1
1537,180253e3-883e-4e6d-9dfe-2b6de1c37328,1
1538,18063750-6c08-4de7-9d2a-fa408d5b54c0,1
1539,1806a0e1-c027-4cdd-83f4-5c38147925c8,1
1540,180adf84-9bf6-41b1-865d-160d6fe24ce2,1
1541,18134af3-187e-4abf-afd4-f4b7b89a8aab,1
1542,18173646-f343-4fd3-b180-87ccc80e28f0,1
1543,1817d662-95d0-46f8-83b8-2b268ab03371,1
1544,1818e34e-1cda-41e5-a589-d740f1656447,1
1545,181b7128-fa21-408a-bc12-bb249fee98f4,1
1546,181c2b45-a17a-41b5-9a41-deadce61f991,1
1547,181dc2e5-1bca-4de8-81c9-f2f5548d50c3,1
1548,182e634f-213b-43a3-93b8-9a21aafa1202,0
1549,182ed193-10e7-4582-9517-7447998380ce,1
1550,18362375-e86a-451e-9b99-84ca3be3d103,1
1551,1836b875-8604-45f0-9a54-71e2a257ff8a,1
1552,183b2647-62c4-4bc3-817a-a3e00787bca9,1
1553,183c38d3-435b-4cd0-9f58-775188e15247,1
1554,18447aa8-6ab7-4110-9c33-c6bd2e7815fb,0
1555,185be563-a62e-4174-abc9-ac7bfb0b4a4f,1
1556,185c0963-1e0d-4736-8ffb-81bc4dcfccfa,1
1557,185eb80f-ffe0-4a13-be43-30d4f7cfe8cf,1
1558,185ed6dd-ade6-495a-b361-f99fd6bb1ed6,1
1559,1860c3e0-1479-4890-bb01-37b779786378,1
1560,1860e0fb-e906-4cb4-b9c0-1fccebad249e,1
1561,1865d9ea-284f-4255-a558-7000bf47f807,1
1562,1868402b-6e30-4f5e-ad55-adf1e538489b,1
1563,186e6b68-a1fb-4e28-8241-e4b682d28c56,1
1564,186ee852-3f17-42e7-bf85-f4ac8e8cae12,1
1565,18728ebc-456b-4ac3-bce1-4adecf473136,1
1566,1875b614-48c7-4877-89a4-49056b44760a,1
1567,1879d0da-867e-47af-be9f-1eeb6ee585f8,0
1568,187d6947-d006-49fb-8f05-b54b173805b2,1
1569,1884b5c6-3191-45ae-879a-8b4d957eefca,1
1570,1892feb8-4c00-43bd-88fb-07c82c26fec8,1
1571,189568f3-fed1-4541-97d9-2013b3a13f51,1
1572,18987a75-7fec-4e3e-bee4-dd531b49fbcc,0
1573,189f3a8e-5e91-4623-bed2-2739ca13cc2f,1
1574,18a073b0-67b4-4352-9ac6-a153588024f7,1
1575,18a5f342-9300-479e-a70b-d36d0243ac76,1
1576,18ad8c5b-1a71-436c-8076-7eb9361cc91f,1
1577,18ae5b8c-9250-4191-9480-9445ae57e06d,1
1578,18ae87e3-7d4d-4133-9ae2-3b09c9f13b5c,0
1579,18b06bb5-353b-4625-a68b-f80e589a6d7a,0
1580,18b131b0-e657-4629-a352-e9c8552fb205,1
1581,18b98a3e-7c8d-4f60-a41d-a7a1aa6dabc4,1
1582,18bd5446-d246-4ff2-bbf9-a2b9656cb00d,1
1583,18bd57b7-2b1d-42cf-beb0-b2377c39584e,1
1584,18be9b16-c30e-4a41-b7b5-8a50aca56df6,1
1585,18c41e71-021e-427c-9a06-872080a6c2f8,0
1586,18c615c3-26f8-474b-b8e5-e4e55b518195,1
1587,18c9b6a8-150c-4809-a095-5753fa83a852,1
1588,18ccb1e7-eed9-48d4-a510-a0511c480f8b,1
1589,18cf0706-776e-4457-9f7a-c03e053fff32,1
1590,18d08952-9bfc-4bc7-8be1-2e21e40be88a,1
1591,18d1fba6-5823-4324-b1f6-a7842d2a4ed8,1
1592,18d5755e-e3b0-4c5f-a7f7-d2e154b99922,1
1593,18d5cf51-f48e-4168-8a68-bdae9e754c0b,1
1594,18e186ae-fee1-4370-9f1e-e6352b1821e1,1
1595,18e967a5-66f0-4cb9-8041-ce2f70e2f386,0
1596,18eafcf1-3786-4c11-b9c3-cfbd63bf98e2,1
1597,18ee407b-0cea-47ba-8ea3-fd97c4d0f1ae,1
1598,18fbd150-a945-47c6-97ab-8840f78b2535,0
1599,18fc955c-3506-4200-8b10-5f8892bb6b40,1
1600,190cb351-9027-4973-a107-366fd112165d,0
1601,190f0a08-5cff-43f7-892c-fd088bb5db48,1
1602,1912c884-cd6a-4d69-937f-d796c0990820,0
1603,19144785-0729-4f42-94f6-b9631ca453b3,1
1604,19203f58-8277-4f0f-b89d-cd6e1296603c,1
1605,19270704-6afc-4e34-9194-1f104b08cee0,1
1606,1929208f-2141-41c5-9175-3010d9da0658,1
1607,192994fb-7253-4a14-abb9-8b8201af709f,0
1608,192c7296-26e8-4262-83c3-870679fa2b95,0
1609,192dc514-6e7b-46a5-b36f-51832c51223f,1
1610,19323d09-a2fb-47f2-90db-7c34b7a2b05f,0
1611,1933d047-2441-4d27-86ed-afdc93de3233,1
1612,1933d8e5-45b5-42af-85a5-693d871896b2,1
1613,193549dc-6a78-4508-8631-34d517117a8c,1
1614,193859c5-e92f-4c35-80e8-98ffa3607c08,0
1615,1939ea7e-75d5-4ccb-9e22-b0cb8b234e6e,1
1616,193a9769-3eab-40d3-b7f2-257de0269659,1
1617,193b9f98-26d0-4b17-b363-b2007c6fd0a7,0
1618,193c476d-21a1-40ac-b86e-5caadee0ae81,0
1619,193d563d-7006-47f5-83d4-d20df4e97d8a,1
1620,1947af15-fd5c-40b0-957f-c2768b6bd228,1
1621,19544425-8b56-4d2f-99a4-50c73d4bf71f,0
1622,1954e0d0-324f-4553-80df-6a2328c44fbf,1
1623,1955b14f-28be-410e-bf03-ce53edf3f9dc,1
1624,1958f8a0-0573-48f2-b997-9ceb1acfb42a,1
1625,195d22a6-3298-4dc0-8d94-fcc518013d37,1
1626,19616cee-53ed-4863-a6df-6df7d488a57f,1
1627,19637107-74a3-445d-92e2-e829e36a2ce7,0
1628,1964242a-551a-4490-9c3e-343a1c0eeb38,0
1629,19682eac-f85e-4631-b2d6-b8e8644cf856,1
1630,19756c06-920e-4f8f-a55a-95060be9bb97,1
1631,1975ddca-5d5c-4b4e-ac6c-8a62326cbc1f,1
1632,19778405-41eb-4420-8c31-9e4f297c9cc8,0
1633,19790bb2-f43e-412b-a2df-cc566c38b436,0
1634,1979b2fe-831f-4495-80f2-1ed3250a3fbf,1
1635,197ac29c-fc1e-4c5c-9273-1a7662e42fe9,1
1636,1980ff0a-e22c-4708-a6eb-38117e88f779,0
1637,1984a382-cef7-4552-9b8c-ae9534a65b8a,0
1638,19883082-fc92-44d2-aeb2-168d6a9f4ef9,1
1639,1988e31c-d752-4024-a128-3b79d1ce9333,1
1640,198a17b9-5975-4495-8c5b-2524d7806b33,0
1641,199873b7-4b93-47ec-b9bf-d5512822ceeb,0
1642,19989461-30b9-4c25-9afc-94f8dc2b8ad0,1
1643,19a3e625-bd4b-4ff9-a81f-778d9476fcc7,1
1644,19a4863d-9f72-4889-bf05-770b73c3e98e,1
1645,19ab3ac3-9820-479f-9e66-97552dcefad0,1
1646,19b1ace2-8c35-491e-aba8-1a945c6f32d8,1
1647,19b41a6c-88fa-4b4f-9c10-25fdbd5fb0a4,1
1648,19ba4b10-77cd-42e9-9b34-0e2934e6ca24,0
1649,19c083b7-d6c3-4d51-b9d0-39dee19c6e8e,1
1650,19c084b7-8ba5-40b3-9d1a-593d4fc02c05,1
1651,19c6d205-e03f-40b0-8efa-8c8f8ec5981c,1
1652,19c82f3b-c784-46ea-bca9-d33193f0a32e,1
1653,19cdd145-b599-4a8c-bf47-8d4cc7fe995c,0
1654,19d3e5f0-d475-4138-9822-38c6b035e20f,0
1655,19d3eb42-1475-43c6-bb3d-ad4731604e41,1
1656,19e0e8ac-498f-43fe-89f9-f213e23c3edc,0
1657,19e2e944-636c-4831-aec8-31091deb0e28,1
1658,19e4bb76-762d-49e1-82bb-b22811bc0c3a,1
1659,19ecd829-e036-4446-ba08-fff357f69026,1
1660,19fbc226-1235-4cd5-9a58-a7987ff4d2b1,1
1661,1a015890-df7b-4898-9fe8-78dbf98656f5,1
1662,1a01b466-1eb0-48fe-ac71-e1595bfe8e97,0
1663,1a0cbfd9-45a9-45ba-976d-2bd76f278070,0
1664,1a0dedea-4dda-4aec-9569-e6c624e24e15,1
1665,1a0fb8fb-d63b-4ba6-89be-992ad42809eb,1
1666,1a11444c-a987-4920-a323-ce19abf4dd4c,0
1667,1a13d223-7046-4689-8b88-7c31590ab6d8,1
1668,1a1bd450-ab6f-4d03-9cf3-c5624e53c17c,1
1669,1a1cd719-99b1-4202-a356-93c08ca105ea,1
1670,1a1ee36b-1225-41fb-8758-1b66c5065f7b,1
1671,1a20e7b4-b6de-4f3e-be62-aeca319f5f74,0
1672,1a2ad5e9-f7bf-4eb5-981f-55cfae63863b,0
1673,1a2b51ed-cd5f-498f-b249-c3578e762b7f,1
1674,1a304ba0-1f18-4bb5-8cdf-e16117addd9b,1
1675,1a32029e-e7e8-4461-b2c8-e158fe7245de,1
1676,1a34a207-8dc5-40ab-b3da-fd79ba5583f4,1
1677,1a358489-51f5-470f-86bc-00f2e16a780e,0
1678,1a376397-2e65-4fdf-896f-96e3100d90b1,1
1679,1a3912ca-5636-4617-b2d7-1e744b190d9c,1
1680,1a45c764-3461-4fc1-be3c-71bcd7092212,1
1681,1a47d255-0031-4a4b-9614-21d98da9c9b3,1
1682,1a4b88a1-f901-4879-a926-e39d80ad21d8,1
1683,1a50d8c1-023e-4e4f-b4ff-bca09b04280e,1
1684,1a52f5f7-4b34-4f0e-adc7-564bb13994f9,1
1685,1a537901-fb67-4520-b5e0-a7d57688525e,1
1686,1a53bce3-f82c-475f-a073-23315b68e025,1
1687,1a540977-2fb0-4dc1-9a59-c8c14df615d1,0
1688,1a54681d-b0fc-484d-9d60-2a04f7f9e50b,1
1689,1a5ec42c-79d2-41db-b4a0-87b8e724110b,1
1690,1a5fa276-ff60-48ea-a7d6-a138f209c930,1
1691,1a60862b-96a4-446c-9a05-9e2e5bd81a9f,1
1692,1a67cff1-a6fa-4b62-b69e-e7d9bbd9e805,0
1693,1a6933fb-5789-4d97-9644-a1014affe1cb,1
1694,1a6a94aa-d3a9-4b90-b6a2-65d654189bc7,1
1695,1a6f4749-2a97-4011-b075-752191801194,1
1696,1a6fcd0c-2986-4699-aac4-239dd36c33a6,1
1697,1a6ff4e3-486a-4a61-8e12-129b8889aeb9,0
1698,1a702cea-2c41-46f8-b99a-4cf7034bbc8f,1
1699,1a7898b4-e9c2-48a7-87e7-41aa0d732d84,1
1700,1a7a945e-49d3-458f-ac07-9740d97d6791,1
1701,1a7ebb6d-cd86-451c-8d2e-8f2e1a76883c,1
1702,1a80337a-0c3e-4410-9f9f-8a1611c52b00,0
1703,1a807011-ae82-47c0-855d-451cab0229d8,1
1704,1a83fcbd-4b1d-4621-b377-2c8fa79fb424,1
1705,1a86e7ca-6f6e-4b48-8ce8-7d3dbb5d8fd2,0
1706,1a888106-1755-4494-ba3f-8d1ecd2aa205,1
1707,1a88d4b0-8fd1-4813-82eb-0b92871d03ba,1
1708,1a89da2a-12b5-42e7-8a6c-f9c6e45e2c47,1
1709,1a8d3478-bd51-4e86-ad23-197d55d5e0bf,1
1710,1a90a6aa-9d5a-4288-9c9e-f3488fbfb57f,1
1711,1a924717-72b4-435a-8fa9-90f0aad6fb3d,1
1712,1a93fb18-2e6e-47ba-bbf1-ec62079f609c,1
1713,1a9aec66-d299-4912-b123-187d57c931a4,1
1714,1a9eb6b7-2286-4c69-98d1-847097e90698,1
1715,1aa470f9-840e-4d07-8d3a-1b2d321b595d,0
1716,1aa5e26a-afe0-4c5c-8fb5-04f2fb0588a4,1
1717,1ab14a68-e6ad-4c19-beb5-143161852e30,0
1718,1ab749fb-fff4-459c-829c-fcefd0e8b0cc,1
1719,1abb8edf-bb6f-4c1f-a7a9-319ab9f3369a,1
1720,1abbb8c6-291b-49d6-a923-7c333092f841,1
1721,1abd767d-fc90-4581-99eb-7487dec19abb,1
1722,1ac0058d-9a44-4f8e-9893-01fdef36b905,1
1723,1ac26144-5988-45fd-a102-a43548ec454f,0
1724,1ac4765e-9910-4997-8962-7b985e898d87,1
1725,1ace6f82-d14d-4c45-8c4b-578151f0e124,0
1726,1acf23be-4ec3-4e14-b042-26c97f601d8c,1
1727,1acf5515-a84a-4a03-a843-761c1b827b3e,1
1728,1ad51c35-bc51-48ee-bd3f-0d5d82f05b27,0
1729,1ad5a793-277f-429f-8443-07779e2ce004,0
1730,1ad7b7ce-d26c-465f-8b82-92db18efdbe6,1
1731,1adf65ff-defc-48a3-8905-414436fd9d05,1
1732,1ae14767-abbf-4462-8cc3-f3401f06e549,1
1733,1ae27f1e-59c5-4c06-afdc-c3dae380430e,1
1734,1ae55e3b-47cc-4349-b853-d8649255e0f7,0
1735,1ae63a58-ec64-4481-8fdc-9bf50cee783d,1
1736,1aeba542-d921-4960-8ecd-485f1297c791,1
1737,1aec6923-5bf4-48e3-80b2-251fb822a301,0
1738,1aed47f5-1730-48be-99b0-1b59de6d141a,1
1739,1af3443a-5e95-4932-8182-5c3065df17ce,1
1740,1af3ed9f-0e57-4f4c-b1eb-6313d374f433,1
1741,1af72a6f-9ea9-419d-9e38-c96fdfa470e0,1
1742,1af7ce82-b5d0-4642-a9f1-89ded1461724,1
1743,1afdd387-3da7-4621-8213-dad26a19c01c,1
1744,1b022718-6137-4be5-a3bb-65ab4a5ef290,0
1745,1b0a7553-e5b3-4cf9-ba7f-29ab094df3f7,1
1746,1b0cc123-9bde-436f-acc4-3c746548f1f0,1
1747,1b108c43-65bf-4c28-8b47-6fbf8d9a51d3,1
1748,1b12fb55-3076-4f2f-94a4-9af43a9bc99d,1
1749,1b14ddf0-bcd2-4d61-a554-bb93f7df61a5,1
1750,1b1b455e-9d95-4912-95f4-98a6cab6e2fe,1
1751,1b1dd804-03ce-4c20-8730-81d281987054,1
1752,1b20d13e-df5d-43df-b96c-ae75de002ba9,0
1753,1b22ce0e-192f-4a0e-ac5e-7068206d9fee,1
1754,1b29f43f-851a-48a6-87a9-17e1db71df8c,1
1755,1b2b9a35-88e1-4cad-8295-a57709ec885e,1
1756,1b2e5169-85c7-4e3f-a04c-2264851e3a26,1
1757,1b3991d4-1f94-440c-ad0f-579497ec4e4c,1
1758,1b3ac412-ce86-46c9-aefc-4955c95115b8,0
1759,1b40f8b2-f830-45e1-9634-80aaa5f04334,1
1760,1b465533-5d1e-4c09-800d-4c384a634cd4,1
1761,1b4e04c8-4723-4cd4-ae32-7c7f80c0ed6f,1
1762,1b50dcaa-a664-4932-a172-5f8cc1aa61eb,0
1763,1b5a377a-669d-407b-babd-53a16a6ce8fb,1
1764,1b5aa391-ceca-431d-abdc-f2079e68e5c8,1
1765,1b5dc14b-521c-4e7d-9e70-f33cc96a5c7f,1
1766,1b5f9916-7e9b-4cc7-8378-57cf9225b117,0
1767,1b672c89-8052-4348-9a83-1a53dd0f67bd,1
1768,1b6bb8f3-5963-44ec-8645-ea7329725a97,1
1769,1b701746-544e-46bd-8183-abd62c41121c,1
1770,1b733601-685d-4b8f-99e0-b41950348cae,0
1771,1b74903b-5d21-4aba-b316-0aa7bdf863d2,1
1772,1b77e703-a898-46b7-a090-3e693bb291e8,0
1773,1b78bcbc-4dc2-47c0-8622-5f690ae9afdf,0
1774,1b7ee2b1-d523-4b92-b639-415ba42e2ee6,1
1775,1b820ecc-2179-4346-8116-29818287bd4e,1
1776,1b8359e1-c4d9-43e1-8d79-c4396e8d4b88,1
1777,1b908b0c-3a7d-422c-a93d-4bf33b5c063d,0
1778,1b94cb82-d9be-4022-adb6-ca88dfdf083f,1
1779,1b97a46c-3057-4169-b420-975dda6223b8,1
1780,1b9ac637-27b3-4d88-8a44-ef572bbd91e7,1
1781,1b9d36db-bf44-483b-80fd-ea1ecb9d57f9,1
1782,1b9f2f78-170b-4d66-85f9-c180a7322842,1
1783,1ba12d1b-949d-4af0-ae85-ac384dda4651,0
1784,1bafb19f-6cf0-472a-9ae2-034de962e56c,1
1785,1bb08919-f384-425e-b6f3-198db91ff7dc,1
1786,1bb092e9-2207-4acd-b9fb-30ff46d7d9b1,0
1787,1bb18f56-ea83-4150-bf70-275d2edf027b,0
1788,1bb3f941-5bf9-4f41-9ad6-48ce2b632c58,1
1789,1bb6fb45-a746-42ff-acb8-229524bcba73,0
1790,1bbae369-da68-48fc-8c29-08b9bf5dedd3,1
1791,1bbbafb2-ef5c-441a-a3cf-9a191ae36d28,1
1792,1bbc30a6-a7db-4451-bbf7-424daf8a10d1,1
1793,1bbc4f54-4089-4af8-b643-76e7448efd93,1
1794,1bbf5817-f6df-459b-a461-5d5b081a7811,0
1795,1bc1cf8a-fe78-4d5e-887b-aacbac50708c,1
1796,1bc89014-9643-4143-af45-91db1dfd075f,0
1797,1bc9b81e-c7d1-41c2-ae48-1119ca9fdcd1,1
1798,1bca0247-26a8-4b65-aa48-2a720b33d5ef,1
1799,1bd1d199-f113-46ba-b737-0d38eb9cdfa1,1
1800,1bd52c40-edbc-4909-9b04-2575b18d179b,0
1801,1bd794f6-d7a0-408c-9640-dc78d71d4cd1,0
1802,1bde272b-2a29-4437-ae29-45c745ad8fd2,1
1803,1be2c517-a37e-48ea-9976-fce35b1f8a54,1
1804,1be2eab8-9ef9-4881-9430-f5853b32820c,0
1805,1be4345b-dc3c-4e32-a3c8-6c8efda2ea08,1
1806,1be62b84-7a19-4c03-a79c-aa2eb6fbed02,1
1807,1be8b93c-51df-419f-9a7a-cdcc4c6b8af4,1
1808,1bf00b0a-d978-4fdc-884a-49bc040f29a8,1
1809,1bf6d1b7-979f-45e9-b576-1c580e4be208,0
1810,1bf8711a-9c22-40c8-94db-78a3346a15f9,1
1811,1bfcdd86-ffc7-4f69-b799-f4cfee448d23,1
1812,1c02d194-2a62-42b7-b0f3-ff800c50fb58,1
1813,1c095c88-9428-4eb0-8271-e4044b6b69e6,1
1814,1c0edda3-2eb6-4717-883b-7f6715d715a8,1
1815,1c10302b-0f3f-4773-b79b-c0f978b6e5a1,1
1816,1c1100a0-79c1-46f1-99c7-42bcd8f134c6,1
1817,1c163aab-6334-4dc6-aa1f-a7c517789552,1
1818,1c1abca6-4ee8-44bf-a0a8-ccb9ea27ec7c,1
1819,1c1b3f53-dd73-4ec1-be4b-6c8cea328bf8,1
1820,1c1b4e56-234c-4bb3-ad80-c94915fc3352,0
1821,1c1c5da6-3fc4-455e-bab7-bd812ca8bbfe,1
1822,1c1e3dc1-dd6e-4987-a7db-576244e22310,0
1823,1c1e8e59-9447-46c7-9e4f-8ff9c164389a,1
1824,1c1f1dc5-fa84-4835-95c1-be6efeb0160b,1
1825,1c25da6f-d8b5-4dd8-a345-9a3cb668f9be,0
1826,1c282bad-86b2-47b9-91db-071dbd555f75,1
1827,1c2b2fca-0c29-4f5e-b60c-3c38d7ba074f,1
1828,1c2b9e2f-a5aa-4e5e-b258-4ae83fc00278,1
1829,1c3416ff-6346-4ebf-ac8d-3e769d2d00e4,1
1830,1c39b46b-e093-42bc-ab71-3936561acd22,1
1831,1c3b1fb4-8db4-409e-a32a-a7f48a289add,1
1832,1c3bd411-7b14-4052-a2f0-cd30764d5188,1
1833,1c3c6d12-a278-4e42-8d5d-59255ec66e0f,1
1834,1c4984c3-21c8-42f8-995f-0a00e68722cb,1
1835,1c5753ca-14b3-4e68-9e29-26561fa03b8b,1
1836,1c626dcc-95e9-4ef5-bded-bcb0d20ba946,0
1837,1c6a94b9-76f1-44f7-938b-3768acbe04d0,0
1838,1c6ab077-7664-4f4e-8824-6267437cb67e,1
1839,1c6ea697-9165-4daa-b823-70f34d2c2bf6,1
1840,1c72ec23-22b1-4fd7-ba95-5c1e1aa7f80d,0
1841,1c74527a-2140-49e8-9452-e1b8c7c1e70d,1
1842,1c7c814c-518a-40a4-8669-eb85ac31cd72,1
1843,1c8ac6f3-8c07-4490-9207-0df577ae6e18,0
1844,1c8cf534-1858-4d42-80de-495441f57907,1
1845,1ca44da5-75bf-4b8b-95f9-1c225114c091,1
1846,1cac832b-fd18-416e-8d5d-173841ac8a18,0
1847,1cb0e5e8-c502-40b6-bce1-1c51a04c049c,1
1848,1cb298f4-5a18-4016-bef9-bf7071acce20,0
1849,1cb54173-84a6-4a8a-9d0f-faa576ac0653,0
1850,1cb5a7e4-52cf-4b1b-a555-9e451972025a,1
1851,1cc1c7c7-63c4-41ad-bf5a-22e1f0195c50,1
1852,1ccd810a-115f-4e76-a8ef-e9bb77345845,1
1853,1cce6b72-d1c6-42e0-b779-780fe4e61f35,1
1854,1cd2732c-7b85-46fb-b32b-68915f078ce3,1
1855,1cd72d46-d98a-4d01-958b-005a6dd111d1,1
1856,1cdcccc6-8386-4347-9540-929558230b76,0
1857,1cde50eb-b60a-45b4-ae36-bcd79ec94481,1
1858,1ce81ea5-9601-48d9-a420-0ebd91395857,1
1859,1ce8bee2-a769-4f94-a2d7-d7e865f678fc,1
1860,1ceae399-971e-40a1-85ac-44509e9fafbf,1
1861,1ceb7563-b04c-47a2-8233-337f3ef5aab8,0
1862,1cec4274-61f7-4a1d-9432-9ae13057e7d1,1
1863,1ceca567-a5f8-4db9-8dd0-ad82196cf85f,1
1864,1cfa7f46-ddbf-4a05-9814-65d4312de57f,0
1865,1cfb13a8-55c7-487e-8428-7828ebc07871,1
1866,1d008758-f860-4a30-b484-4a0c55dd7294,1
1867,1d017769-663d-4842-b14b-92bc520bba3e,1
1868,1d0283be-c7bd-451a-956f-777e6be8c31e,1
1869,1d03d73b-fa88-4357-9438-c0b2ef09bda8,1
1870,1d064e40-a244-4b7f-839a-83e33dc4bb07,1
1871,1d0e5682-c8ea-4100-b27f-4b91950d9a92,1
1872,1d147d3c-d3e6-4c93-a458-90d8a5bd8836,1
1873,1d1658d8-b4b2-4d8f-bd2f-479ce1ab2b9e,0
1874,1d184ebe-39b8-4518-aa83-14a8821a52df,1
1875,1d18f8ce-f739-43eb-ad2c-4209d9ad8a0c,1
1876,1d1f6da0-3753-4340-a7f1-a95321edf191,1
1877,1d2c2225-e134-47ea-9366-499a9c25acaa,1
1878,1d33be81-70f9-4eb8-9074-c9e573d7d45d,1
1879,1d344c96-2f9b-4309-ad05-56e0251d8549,1
1880,1d3ab06c-41ee-471e-945f-58534c7764c0,1
1881,1d3b02ff-162c-47f6-a776-07d95df219fa,1
1882,1d3c0310-9796-4d30-82c5-c24a91721aa8,1
1883,1d405507-efe3-4cbd-8b80-8e57e9eab86d,1
1884,1d432747-5650-43a2-9f10-9fe7e0e8d9dd,1
1885,1d47ed3c-52e7-4586-b156-790ad1be703c,0
1886,1d48bf42-f5bc-463c-83a3-6494111de798,1
1887,1d4b7ccd-92a7-42ac-a04a-be2749a71367,1
1888,1d4ba6e6-deff-43f0-9bc7-7ca9b8a01267,1
1889,1d4e8366-1d51-4ee9-92f4-318780bfe10b,0
1890,1d4ef623-0e52-4ac3-9acf-3afdb512e21c,1
1891,1d55b753-81cc-4473-a679-df21cd513874,1
1892,1d5723c8-cd7f-49fc-adba-2b7f315116c7,1
1893,1d5745e5-364a-4e20-9ef3-60cd2871aef6,1
1894,1d57c09f-326d-4810-918c-09417730067c,1
1895,1d613f58-27b1-495c-b1d6-53c182b9c384,1
1896,1d64e431-7ae1-4606-8228-6d5fe9e780b3,1
1897,1d6634bd-7a64-488d-bcd7-6a9d72329f5c,1
1898,1d69fd32-b119-447c-9fda-3ad0e91e934b,0
1899,1d6a326b-7b3c-4820-8836-c419cc16a1ea,0
1900,1d6d714d-5f39-4237-93a7-1694dfded33c,1
1901,1d72ec5c-973d-4b87-b83c-31cec708fc30,0
1902,1d78495b-c666-463a-9641-a04104b1ad84,1
1903,1d7afa36-1391-4cc0-99c4-a8a2c5ad2ac6,0
1904,1d87065f-826d-41af-b59d-4235c4259b20,1
1905,1d8b85ea-8aba-4eb6-aa64-2999313139e5,1
1906,1d954d0f-3fd0-4be4-9b0a-d7b03f46c6cd,1
1907,1d96d6aa-c582-4664-bca2-f5acaff2828b,1
1908,1d984e13-7fea-4461-a0dd-7fdcd967b7c4,1
1909,1d98fc99-6ae2-4b5d-8180-0da8f783985a,1
1910,1da3d213-48fa-49f0-87bb-d0222c07831a,1
1911,1da65b20-8480-4c88-9b05-fed4db8d1ae3,1
1912,1daa312f-f126-4c90-a1da-40ad4eeb5824,1
1913,1daf3c49-c1c9-40cb-a777-d7c0e6968f47,1
1914,1db28d20-fe51-4af3-a325-986e43720391,0
1915,1db34573-acbc-46c5-b9c2-2c652d6c9b58,1
1916,1db43c67-a574-41aa-90ae-df2237cfa16e,0
1917,1dc3ae32-8a1e-4603-becd-022d9aba9fe4,1
1918,1dcf08ef-357b-4aa1-ae1e-4b5a4aad774f,1
1919,1dd35b7f-f608-47c6-ba87-08fb1435bc29,1
1920,1dd664e8-b152-4e5e-b368-13ce1b587535,1
1921,1dd6d269-f747-4dbc-8dfb-13ad2c50cae0,0
1922,1dd8a305-c339-41f8-bd50-51222dcc81be,1
1923,1df5266a-f53d-475c-aa45-dfd686083212,1
1924,1dfa4bf1-3b12-4c40-ac5d-0639410a6b17,1
1925,1dfb4b32-523e-4ed2-8720-1342a91c3745,1
1926,1e04ad17-2b7c-4f94-addf-f22270105eb6,1
1927,1e06da35-e7b2-4e72-bf35-f38b4be3fa3d,0
1928,1e0a5ff1-7be0-49fe-b6ca-9c503eb1dd43,1
1929,1e0a62ab-3e29-4144-afd3-ec80fc27ce7b,1
1930,1e0ac5ab-964b-41d0-a08d-b823e31e2de4,1
1931,1e0cd8a8-562f-4fce-8e34-3ebff7f87fb5,0
1932,1e0cdcee-0b1a-416f-8b8a-5f0d7f027516,0
1933,1e0e5768-2b77-4f8e-9578-e0c60e58f038,1
1934,1e12f49f-2ef1-4078-8046-cba439270640,0
1935,1e1443b5-b4be-4f45-8529-991f59f2e0d6,1
1936,1e1793d0-c1f4-4972-87d0-cdf2bbf72209,1
1937,1e186fe1-558e-4713-b9cc-b38afe28bef0,1
1938,1e22f575-15a9-4dbe-a7f2-5ad95c59e119,1
1939,1e25e0d5-9737-4a88-a54b-04cb250f28fb,0
1940,1e25f0db-fad4-4a1e-b37d-eb7522abf31e,1
1941,1e294fe5-46ae-4699-a415-78daf35b3325,0
1942,1e2a7ffb-d805-4d4f-bf0a-3d0cd2eeee1b,1
1943,1e2f5c2c-c118-4b54-8b7d-7875dd85ccaf,1
1944,1e3663a5-466c-4caa-a7ad-02038dfab093,1
1945,1e3685c8-6c3e-4c92-819f-5b7b9460d9ee,0
1946,1e3855f4-5df0-42c1-bb64-3ddb9aaba9a0,1
1947,1e39cfce-0d0b-4eaa-8009-6879453acc7a,1
1948,1e3cee17-e633-4962-8f1d-d9e62c033a60,1
1949,1e3ef3c6-f6ee-45ab-a4ed-a23ce8f62f39,1
1950,1e486737-5a22-4252-bead-3a95639ff512,0
1951,1e48f6a1-7462-49db-971c-c118c339d25d,0
1952,1e4a7961-614a-4032-b04d-df315191b5e6,0
1953,1e4dc392-d5b3-4d92-84d0-f1a9b568ee0a,0
1954,1e4e2a89-1fff-46dd-a0df-9384c9acc179,0
1955,1e4fca5a-1f4c-47cd-9656-264bc277d1cc,1
1956,1e519f86-3fe4-4e96-b4a4-b5ac1df01cfb,1
1957,1e547b33-91c3-4e9c-a44a-5c5f4ea5585e,1
1958,1e548e9f-f284-4480-8c79-607f58488464,1
1959,1e552a19-5fea-4895-abb0-635dca2e1892,1
1960,1e5598d5-fd1b-4275-8e39-f0997edba8c5,0
1961,1e56d087-6b0d-4550-bc0a-cbc25157478b,1
1962,1e587151-a26b-467d-812e-ada2f2629541,1
1963,1e691074-aabf-40cd-9870-37ba37b86ec8,1
1964,1e69ad6f-c5d2-4af9-aa3b-1cdb33da9e89,1
1965,1e6b5dfa-cd0f-4cbe-b6c8-d3c8ec8305b9,1
1966,1e6c408b-2ab7-4120-9efc-0d416661f4bd,1
1967,1e6e9297-e099-4ff0-9891-d5114f34cd26,1
1968,1e7b8519-13ec-40ce-a195-8733ff6b3c52,1
1969,1e7c0c5a-7589-4b0f-99e2-2fcac946db77,1
1970,1e7d1e87-74ff-4de5-b05e-7bf34bd337b7,1
1971,1e7df885-cc1a-437a-8e63-45f6923bd777,1
1972,1e80317c-8252-4e4a-9fb9-8ffcc227d282,1
1973,1e8293e8-f139-4a68-9cd9-eaf7dfc4c243,1
1974,1e840576-9884-4fc8-bb6e-b2c4c2a80f34,1
1975,1e88b11c-8399-4523-9469-d8be9ee33969,0
1976,1e936d75-dd1a-4ee6-8269-f04df4441d65,1
1977,1e97320e-3337-465b-8071-e9395cfd80f4,1
1978,1e9733d7-f18e-4488-a3f7-d70282fff45a,1
1979,1e979010-b796-4a84-a106-6a286b10fa23,1
1980,1e9cd0ab-155b-4d21-bcee-576a199bb72a,1
1981,1e9f4b75-c483-492f-9b92-8152c9418c37,0
1982,1e9f4c35-68a9-4123-9416-0df2d2c0c8e0,1
1983,1ea0deb2-aad6-4f3b-b88f-d92d20f0813f,1
1984,1ea1b06e-5c18-408a-ac50-840cb5836296,1
1985,1ea8471e-a219-4532-89a2-024dd3ba0cac,1
1986,1ea9c401-eadf-4b8a-8ef1-579e00fdee9f,1
1987,1eabcb9f-da8f-434b-bffb-337f8b0bf178,1
1988,1eadeb40-4a29-4eba-8259-e0a56a634c21,0
1989,1eaf79b5-ffaf-4c10-a03e-a3f1f6b0a392,0
1990,1eb00d48-57b6-4ef1-895d-004fb9eb9367,0
1991,1eb5d6eb-9e11-4c50-ba4c-3944eb9fda9f,1
1992,1ec59a2b-aaf5-4e16-bbfc-f2c15921a4b9,1
1993,1ec9c646-822e-490b-9809-c371aae3de62,1
1994,1ecb64c3-b58b-49a4-9ef2-3ba47b84bb81,1
1995,1ecf9804-ed33-489a-bdb3-01f9155ca5ad,1
1996,1ed5f25c-51c8-4c12-a436-452ee0ecf293,1
1997,1ed7fafd-3dac-40df-a4ff-d1cd92cfdcce,1
1998,1eda0262-7a35-497e-893c-671c7a586acf,1
1999,1edc9219-1f94-4a67-b016-36483f35b5fc,0
2000,1edef0a7-4b8c-4bdb-85fa-4d29cb0566d5,1
2001,1ee4a439-1906-4a4f-a0cd-1ac6f090b4d5,1
2002,1eee6252-ac7b-4896-ac19-bde841062472,0
2003,1efa1acb-da99-4f04-aef4-8e02be5a4e33,1
2004,1eff517b-c251-46ad-98cf-3341852c68d2,0
2005,1f00c97e-e5ec-432b-868d-452b6709df47,0
2006,1f012c43-890a-424e-ab2f-460c668ebe4f,1
2007,1f028f09-1e73-4223-aa9c-f963258dffa8,0
2008,1f037578-5a36-49d5-9d53-d529e962e753,1
2009,1f03c933-3cb6-466c-9459-57a3bb9685a8,0
2010,1f090dd6-e761-4015-9bde-1dcf89079aab,1
2011,1f0c7f12-1a38-4a22-9baf-9a743b4b5c73,0
2012,1f124d4e-377e-4d8f-ab4e-b7f04776a5a0,1
2013,1f1878b5-afbb-4ff6-ba6c-6e042904318a,1
2014,1f234979-39bb-4808-b543-09935c651e88,1
2015,1f23e8e3-b31a-4d78-8671-5871fd608dac,1
2016,1f23ff05-f072-4849-840c-40f16b817c73,1
2017,1f27f800-f5ab-4f39-9ac2-6b1b3e2d3a36,0
2018,1f295cdd-ef80-40ce-a756-b271c08b072f,1
2019,1f2b7fe3-77e6-43e3-96aa-7cf85f7f838e,1
2020,1f2bb269-ec53-48cd-8823-a0c4fdcd62ef,1
2021,1f2c2269-6623-4b90-a071-65d51fa8a2d8,1
2022,1f2c7e48-a13a-43b9-b4af-e2777bad5951,0
2023,1f35d643-ba19-4c5a-8cf9-b0ff33603312,1
2024,1f36e72c-f4dc-47a5-b6a9-44e1b1528c08,0
2025,1f3bd31e-632d-4e53-a5a3-e21c540d61c2,1
2026,1f3dae24-4638-482b-b020-cb418cd54052,0
2027,1f4b42b1-ddf8-402b-a152-293009641c9e,0
2028,1f4f4a0b-116e-4fc6-a9cf-da0f8e429a8c,1
2029,1f4f703b-327e-4f16-9e4d-341b7bd192ee,1
2030,1f5327d1-5f28-430a-af2a-c6fa6d00a360,1
2031,1f546032-9cbe-47bd-9baf-41c2fa065184,0
2032,1f5953d5-1413-4e46-a80c-d1bb8e762cfe,1
2033,1f5a776d-3bfb-4a91-b74b-6fad30aab300,0
2034,1f5a8e33-bbe7-41f4-a165-9454b1c7f895,0
2035,1f5d2957-f5a0-4990-ac9c-767e7d60950b,1
2036,1f603a96-7b43-477d-a4d0-aece44c5ed34,1
2037,1f636fae-232d-444e-8909-3e072449979f,1
2038,1f67836f-329b-4665-baf3-d11ef4301f9d,1
2039,1f687a04-5371-4831-ab5e-492c8695ba60,1
2040,1f6b2876-2461-4ce5-9804-449c137e9554,1
2041,1f70d0f5-e421-4bb6-bde3-dd766ea43203,0
2042,1f7116e2-627d-4170-aa5b-625958297727,0
2043,1f732ecb-f63a-4e4f-8c90-7c4d51a0b210,1
2044,1f7b5056-8a29-4ff5-a3f3-18ed718d44af,1
2045,1f81d86c-11d5-448c-8f19-e070c05c73bb,1
2046,1f8f57ce-5a97-41af-9136-b096e75632de,1
2047,1f92b2b0-6982-4e9f-9524-bb3150f88153,1
2048,1f93e933-4abe-48ba-a72f-8582fe449f33,0
2049,1f965179-da3d-4f36-a8ea-3a7c27ad9e86,1
2050,1f9c45ca-f2aa-4712-a044-98523f172fcb,0
2051,1fa09fe2-d39b-4b7a-b79b-4c5eb53ff0dd,0
2052,1fa2221e-6b2c-4b51-883f-c3c956eb9e07,1
2053,1fa38a26-6dc9-4140-9ed1-cb42f1591144,1
2054,1fa5f0ea-0798-4490-86b5-84e250c4d61f,1
2055,1fa82ae8-b360-4e11-b230-51724aab0c83,1
2056,1fae57e0-8e93-4bc0-925c-8940f42b7cea,0
2057,1fb84cf3-bbbe-4b1c-8171-71fd764eaed8,0
2058,1fb893be-3531-4b81-a436-6ac2b0168efb,0
2059,1fbd8de3-7f18-4183-95fb-88b1aed5b8d7,1
2060,1fbe4eec-28ed-4168-8210-d8a3061f007d,1
2061,1fc8f1d1-00bd-4cf5-a554-7dab4633f90e,1
2062,1fccf98c-8fc6-42c5-98f4-1926ceae28a4,1
2063,1fd56382-d404-4e30-b31f-2ea42dcdcdc4,1
2064,1fd6428f-bf4f-4836-af4d-06455a319bfb,1
2065,1fda3a2c-6d76-421d-ab3a-b626b660e195,1
2066,1fe41fce-fbbb-494e-9fa6-23b4b54d9d3f,0
2067,1fe53020-1840-4451-9fbb-6bcbfbd48652,1
2068,1fe59f4d-a45c-44a5-b104-49452ea74a19,0
2069,1fe8cfe0-6172-4451-a4d8-7264c8969f90,1
2070,1fec9e1e-ecf0-4bf9-b01c-683dfae6b627,0
2071,1ff00de1-d83d-493f-86de-11742a50e3ba,1
2072,1ff22e2e-217b-47bb-a1f3-0b0938f6150f,1
2073,1ff4ba69-e6b4-46ec-8116-3eeff0048696,1
2074,1ff748ef-b5fe-496e-b9db-7c64ac9ff556,0
2075,1ff79eff-629a-4159-830b-8bf65a19a24d,0
2076,1fff966f-593f-4970-aafa-9c5091dc95a0,1
2077,20005d87-00d9-4c6f-9079-a88159edb905,1
2078,2001667f-d153-4c74-9a66-b186dfd4dbb8,0
2079,2003072c-5a3a-4735-b781-8cb52291aa33,1
2080,20078e0c-9486-4ac6-b0b1-5b9fa760283b,0
2081,2007fe3f-eed4-4856-9dd7-92f974b4c295,1
2082,20085100-03a1-401f-b544-942d33bceb33,0
2083,2009b5df-a639-47e3-bed0-d63c0da0ac79,1
2084,20120baf-4ad8-406e-ab74-6aeedd405a1d,1
2085,20138c6f-0c18-442c-932c-a445a612eb26,1
2086,201476da-995f-4e7c-8503-8648e8d09d76,1
2087,201530c7-e14f-481a-8519-acce47ad00c9,1
2088,201c0e9f-c3ca-466e-b5ee-6e421c553554,0
2089,201c3226-db00-44b2-bcbc-2a31fe6a9a4e,0
2090,201f0432-df7e-4974-91b4-cd927da7d8ed,0
2091,20209ed7-0dc1-406d-914f-fc1dac240f74,1
2092,202357c3-3162-4c56-8395-f0614971d501,1
2093,2025f368-fc55-4b90-b2d1-57f33d644d26,1
2094,20317ce4-fcf5-492c-9eb6-a8e1baf2195a,1
2095,2036b7d1-5977-4a27-bb0a-a108d6f7f80f,1
2096,203992ce-85cf-445c-9f56-09ccf985b3ec,1
2097,203c84db-8aa5-4df8-9adf-d8156084ba1d,0
2098,204088b8-c557-487b-8b8e-a8ea8195c87f,0
2099,204835db-f1b0-49bb-bda2-1dd00e58ae33,1
2100,204aa3e6-1ac7-4bd1-af76-88225f62ddcf,1
2101,204fa1a4-b091-440f-81d7-0bc821b9e4cd,1
2102,205625cb-8082-4a02-8c58-10f6b6afa71a,1
2103,205956f1-b530-461f-853a-2cc4de78bf10,1
2104,20626c40-76f4-4523-aaa6-0f25d32e5f60,1
2105,20662d65-a2f4-4e5e-b1c7-cdbf6e8386f4,1
2106,2071bcdb-296d-4bc4-84e8-77cb274c9688,1
2107,20763511-48c4-4658-aa65-73d41d548e51,1
2108,207a18ce-47e6-4935-89b5-f8e15dfb1f11,1
2109,20821615-c7b1-432e-aa07-0e0b7cbcc978,1
2110,20850ff7-18ba-4ff1-9792-2d7adb1a3fe7,1
2111,20861d4a-acfa-4612-a479-e3fcb0d16459,0
2112,2087c918-e9f4-4ef1-9454-a4ec5dbfb6c6,1
2113,208879b0-8c1d-439f-8cf5-557c3839a5ab,1
2114,208e775c-e32f-41de-ad7a-5cf4d5b85e5e,1
2115,209861a0-c179-40bf-be83-1740417314b4,1
2116,20abece5-aee6-422e-a28c-24225e578f90,1
2117,20ae193d-0fcc-4299-8db2-79f5f4516aee,1
2118,20aeac05-ec08-46b7-9163-9981919cd167,1
2119,20bbbcbf-26be-446a-be51-0a7dfc1d247d,1
2120,20c2195f-7242-4d9c-a944-6162855e1ca3,1
2121,20c52ec2-0071-4e01-a335-7802f1ab7429,1
2122,20c8686a-70b7-46a8-aef4-a6db4b0556c9,1
2123,20c8bc15-44d0-49ab-90fa-93a164802f95,1
2124,20c9f304-d398-474d-8319-6d53b6728c71,0
2125,20cd3a8c-ba20-4196-9732-02e5cde4bc67,1
2126,20dc056f-60be-4d2a-9474-99a771b9ebea,1
2127,20de966a-17ef-47dd-b299-353a0834808a,1
2128,20dff7ec-2e4b-4253-b34a-6efeabe24bf7,1
2129,20e4e1a8-b138-495e-bbe8-fec967da5dd7,0
2130,20e51f23-7a52-4126-b1f7-0512e91eede8,0
2131,20eb3cdc-bdcc-4064-81e9-d217b57403fa,1
2132,20f03bc7-d7d6-4a37-9884-312b35a9382a,1
2133,20f1ac0c-a8fb-4989-aa10-a2702543ea21,1
2134,20f31edb-042f-427b-813b-0528aa2c3cd2,1
2135,20f3e74a-af24-490d-ac74-438ec378346b,1
2136,20f578f7-af37-400a-ad48-7185292087c6,0
2137,20f76d72-5d95-4b51-9f1d-9c6a5d011d11,1
2138,20ff8f07-7a34-4413-a0e0-ac3c725dd3c2,1
2139,20ff9e62-7d07-4c4e-b812-af3586771b28,1
2140,21017237-0fb6-40b6-be88-fd2f1c1b0828,1
2141,21025071-a731-482c-9f9c-17b26a92fbde,1
2142,210e3a33-ab00-4238-b61f-60298db1b38b,1
2143,2110a135-1104-4d13-b97b-084edcb777cc,1
2144,21166573-bed3-463d-9a55-63c12200ae36,1
2145,2118b692-18ce-44fb-bbd5-e577be42eb7a,1
2146,211f69e1-f796-4293-9161-2756d23ee648,0
2147,2121e2b0-74b4-49ee-b308-df19933e3a5a,0
2148,21253561-885b-45fd-9249-77ecd08ca1b0,0
2149,2126898d-41c0-42bc-b807-0e8054d411ba,0
2150,2127d91b-2589-4448-81c6-f833c6f9ca2d,0
2151,2129c79f-99c5-404b-aa62-a027fc829d3e,1
2152,212bb491-dca3-4605-b0ef-ec9e7bfbaeff,0
2153,213b98ae-11b4-4732-b9b6-b156a60ac53e,0
2154,2144b68c-ef72-4a4a-85e0-90343452659d,1
2155,2144e4b1-3485-40d9-ae4e-d6c2a2051382,1
2156,21457b03-38e5-4ad6-a369-fbd0f2535da8,1
2157,2145dfe8-37db-4a43-a1ab-e31f880a2f2e,1
2158,21465405-ac56-4c3a-926a-e0e83f59db3e,1
2159,214f0c60-5395-474d-8049-c99b7320641f,1
2160,21566cd9-bb83-4d9a-ac42-a253d6d8c469,0
2161,2158e2ac-67de-491e-939e-e3fd33de59be,1
2162,21609916-cd20-4070-af3d-f7bfaeadacc0,1
2163,21691196-31b4-4e11-a5a4-bd94ca0b0112,1
2164,216fa3be-0db4-4211-b133-08b4ab597e0e,1
2165,21737f44-7632-4f2c-9998-1922b4b6ba06,1
2166,21739872-fa3e-4877-a02d-8930c4231edd,1
2167,217bf683-1183-47e6-8b97-2d84d05d6d3b,0
2168,217ee779-cf18-40c5-b7c5-cca14e44e95a,1
2169,217fa5ec-2edb-43b4-bcb5-391ebea3c9dd,0
2170,218345d2-ea2c-4417-8136-f8dd71b82369,1
2171,2186b8b2-126a-4670-a96c-3662411dde3f,1
2172,2188120c-f7ec-46f7-831b-1452cd034dc5,1
2173,2189b145-daed-4931-9739-e5d46681222f,0
2174,219e9981-bd10-483a-9916-03834144a3c8,1
2175,21a0f5c9-05ce-4883-b5de-ec6c45a07025,1
2176,21a3763a-784f-4cec-ad0a-e42f1b02dee0,0
2177,21a4816d-fc68-40d7-8108-bae946a59f22,0
2178,21b160ff-b127-4b75-bfbc-b7051b571c79,0
2179,21b1e6d2-7c93-4b8d-bcc7-5d86c9c84e4e,1
2180,21c64e22-65f7-41e3-895c-b82c7dc7fa61,1
2181,21cc614b-9da2-4889-9f1f-2c398811080d,1
2182,21d2fead-ba6a-4c2f-9144-b3690f43013b,1
2183,21d7fd56-b115-4487-848b-f5fb3c55585f,1
2184,21d94363-d8c1-4d17-8dd9-16e84f368276,1
2185,21dad8b6-b1fc-4df8-9bd9-8f5aeef0ca60,0
2186,21dc1bd1-6065-4327-a193-69f3a87877df,1
2187,21dc7669-3a15-43d4-9961-f7692f1518dd,1
2188,21e2b74d-c3a7-42ac-92c4-b4a1b0e118ea,0
2189,21e5cefe-d455-494c-8a53-8231690ff3cc,1
2190,21e64e2b-0ece-4c9c-8dd9-b1df55010ec3,0
2191,21ed55d1-30d7-49e9-9e69-cf08a96c5648,1
2192,21f0ac88-5caf-461f-94b1-2abf7eecff20,1
2193,21f3f504-8970-4bbd-8abf-ddfc0ef07167,1
2194,2202b2e6-bc07-4937-8aca-36f3eba5ecd9,0
2195,2206926c-3ae6-4ede-9181-7685f10e1cb1,1
2196,220a1314-c606-42f9-b5e6-84b817fb0c10,0
2197,220c32c3-b76f-48aa-9d2e-bf8ba01d6029,1
2198,220ed453-8e97-423d-959e-94bb92937276,0
2199,2210555e-ecbc-46fb-ab73-86501ebebad8,1
2200,22118b11-d36f-413d-8049-484df9f58ce7,0
2201,2212e7c6-ff9e-425f-bda2-bffd9463a2f3,1
2202,22173151-abb2-42f8-b049-287afd3c9b57,0
2203,2217eed8-e4eb-484e-8e13-bb698b22f6d8,1
2204,221d4ef3-ff1c-4f8a-bcc5-20bbc87f35cd,0
2205,2226b7c5-eee6-4d7c-92d1-74be56308696,1
2206,222fe441-a0e9-4254-a6c4-339e1a2691e4,1
2207,223201c4-89e7-4fbf-86d7-c98e0212fa18,1
2208,2234d1e8-5e8a-4c61-a421-5912b646c47a,1
2209,223830cd-58a6-4360-ad18-14f6cd7f4a83,1
2210,223e123e-3ea0-457f-9bfd-ad72d4e1df3d,1
2211,223ea4b1-2f26-4140-84cb-49049792118f,0
2212,22469765-54e9-42ff-8ad9-7a0e3c307acb,1
2213,22477baf-f01b-4b2e-9271-a5f7cf199709,1
2214,224a2a98-d80d-4bd6-8670-725c19357c13,1
2215,224b6a89-f416-45c7-912c-626cad438915,1
2216,224cc66e-e28b-4cff-8f1e-19c288812117,1
2217,224d8b41-b626-4d5e-99bb-d0f4b41d22d6,1
2218,224ec466-691a-499d-83e1-677cad71deeb,1
2219,2252b631-653f-471e-8878-901143e360ac,0
2220,2256e8be-ff94-4c7f-8b17-8b9133f1f33c,1
2221,225943e3-35f8-43e1-9453-2e468512f22f,1
2222,2262579d-1f29-4a78-81d4-3b9ba82af591,1
2223,22639d9e-6a6e-4900-bed0-60d18c35c991,1
2224,2267325b-968e-41b4-8a48-ddb4b2ffec9b,1
2225,2269da34-2d2e-4f5f-9c04-87de6a6e8da1,1
2226,226c5f2c-41c7-4962-9e49-a45f341390ba,1
2227,226d7435-77ee-4168-be55-79cbc8bb8b0f,1
2228,226fe121-412c-44bd-b944-674ab47398d1,1
2229,227767d4-870e-4214-8c68-153058c1b9c8,0
2230,22791cd0-112e-4f38-9785-2fddca2154e4,0
2231,227a3621-b738-455e-81f1-93b0a1ffdf6b,1
2232,227abb4b-390a-44c2-b7e3-8f4b1a2bfb9d,1
2233,227fd29b-4f54-470a-ab50-249f2d2fac65,0
2234,2283b904-0256-4bf1-a8e6-b5a61074319a,1
2235,22847f14-7a99-4f05-b6c1-dc21a59b193d,1
2236,22882140-cf5d-4469-b4ec-68373b743ece,0
2237,228add2a-c411-465c-8641-77f286287d0f,1
2238,228e6773-556c-42b8-9d3c-32655866e095,1
2239,229050f6-b2a8-467a-a857-9b421f3c4abd,0
2240,22922e96-c176-45ad-803c-8f4cad8ad601,1
2241,22927405-9651-497d-93fa-0a715b427409,1
2242,229407c3-5592-4776-b58b-bbc73281fb05,1
2243,2298ff97-ed96-40e3-8da8-e140548caeee,1
2244,229acc24-704b-4ad9-bc51-3facffbf8ac0,1
2245,22a5b44a-c694-4a5f-84a2-ad35a582d54b,0
2246,22acde46-9680-41e5-b029-9009daab53eb,1
2247,22b54571-510a-4a05-a93f-1cf714c5c699,1
2248,22b78ae7-c3f7-45ad-8346-cb66e2581313,1
2249,22c27f51-254f-4da3-b9e4-87975aca2aa2,1
2250,22d749ed-7e29-4f8c-a61a-165cc8cb56a8,1
2251,22dd24e8-9640-4f2d-af58-5ba54a25569c,1
2252,22de4667-fa8b-422c-b9d7-2bb1537ffbcb,0
2253,22de5595-6740-4df8-ba47-bbbde57458d5,1
2254,22e08bb5-5aa8-4133-b443-5147868d7311,1
2255,22e26727-4894-47d8-87fd-22b5dc69e944,1
2256,22e55e60-1cb0-407f-9661-039f3505303e,1
2257,22eaef47-558e-4bb2-a3a6-e326ec30188e,1
2258,22edd183-5590-4b53-9243-22ae2eb4f9a8,0
2259,22f00651-8dca-4a51-8cb4-b6ffcae50dfb,0
2260,22f880a1-0a7f-4184-8696-18e67eda1483,1
2261,22fbd4df-0ffd-4f5f-bafd-31c7838197de,1
2262,22fed10e-a9ce-4796-b257-8bd74bf78e59,1
2263,22ffc6ac-3a6b-4629-86a8-66dc49ff8faf,0
2264,23020d05-19ca-4bf5-8b0a-dfa47452c81b,0
2265,2303c853-1bae-4409-b30c-7ee99c05efa9,1
2266,23048f19-854a-4b51-a363-5c13d5107f6c,1
2267,2304c77b-c264-4733-a78a-1c14b7a13d46,1
2268,2308a5d8-8f4b-415a-8ff4-5f0f2da24aa0,0
2269,23114791-3bc0-45c9-bc48-4dd94f8a8f82,0
2270,23139168-1972-4e73-937c-2f7dbed3b343,1
2271,231499b4-5949-4ddb-a907-786de213e7de,1
2272,231fddec-f5dd-4758-8a2b-419b13717e8c,1
2273,2325ccd2-6133-4f69-a66b-a78acf5f1a2d,0
2274,23261162-d9e1-4fc3-852a-a23405f6631e,1
2275,2327609c-ccba-487d-85b8-b1612978ee5d,1
2276,232b98a1-d4eb-4a96-8789-440a32f2fb77,1
2277,232be41d-e7ab-4c55-959d-10ec878cb8d8,0
2278,2330d4bd-db61-4a98-a557-79e6ed5174d2,0
2279,23361976-0fb4-40f0-b450-ee20df553140,0
2280,2336d1c5-afab-4afa-8c1a-5480b640ff0e,1
2281,2336d5c2-0e72-42c0-9b16-bc7828358144,1
2282,2336fa27-ca7d-4725-8004-ad91afaf655b,1
2283,23374b65-fb81-4afb-b76a-47f2674249a7,1
2284,23383123-50a1-4436-a12c-b1376db6ec51,0
2285,2339e706-c740-4a97-84ab-efbf06a3e6c3,1
2286,233a6216-013b-4f1c-8e0f-770a4c3d3f35,1
2287,233c7282-0e2b-4613-8938-1839c28bf8f8,1
2288,23428bdc-a151-4b81-8f9f-8885dcf5726d,0
2289,2347bc21-d13a-415f-a2f6-86c299f0a275,1
2290,234b9e11-3a7e-4b5d-892b-9b2562d62c5c,0
2291,23547c9b-fc01-40ba-99bb-b6625f970b15,1
2292,23591539-7434-47ad-8c8c-657692cd039d,0
2293,235f1c25-917e-4e25-8569-50a0a77e9ee8,1
2294,235ffdce-ef42-4957-98d5-6950e879b6da,1
2295,2362470a-4cdf-4200-9929-50f5d5716c68,1
2296,23676299-3ed2-4f2f-a4a3-1c1406b29a9a,0
2297,2367a99a-b634-48a8-8dfb-cc0e62b6b64b,0
2298,236a4369-a535-4029-941c-1cc447ac1794,1
2299,236d73e7-33df-4e5a-9e2c-dfc5f578c595,1
2300,2374cfbc-5151-4cfe-a454-84f9394e1bdc,1
2301,237645f0-cba6-4b61-a8a0-2967e7075d2d,1
2302,237a5ebf-d385-4643-b47b-c70b79ee6e4a,1
2303,23841fb1-717e-4fef-aa13-5dc65826386c,1
2304,238655d0-2317-4692-8952-aed6a16d3b84,0
2305,2388cbfc-260b-4ee6-9323-66a5706d0ed2,1
2306,239cb54b-88bf-4ff8-8f15-752652585624,0
2307,239f9f45-fce6-4188-9a04-9274b36963bf,1
2308,23a127a4-caa0-406f-a45a-859a9bd93ec9,1
2309,23a3d085-06ab-4208-899e-818f8b00a342,0
2310,23a7dccd-f3b7-4320-9cf9-2a384511e5b3,1
2311,23ae1aba-5d23-4911-807e-43d7fbc02d6a,1
2312,23b2d7b3-a83e-49a9-8a79-f76fe2a1eae1,1
2313,23b41ede-ad46-4343-9ede-04887d601c21,1
2314,23b7107e-49ed-4e03-91e8-eeddb2e98644,1
2315,23b80ea8-2503-4456-afc7-d2e66b3e1247,1
2316,23bb255b-15bc-4f7f-9b1a-00a56444f611,1
2317,23c2792a-55c0-4541-8ed5-aace2651f3f5,1
2318,23c3597b-b488-4035-8110-daf42d338063,1
2319,23c54d1e-a687-4cea-8d9d-3078c2b8c994,1
2320,23c79ce2-9438-4f12-9d28-536595d3c771,0
2321,23c84d78-8678-44a8-bba6-9bc4e7343c59,1
2322,23ca6960-9487-4519-ab56-362e7b5cd682,1
2323,23cbc84b-d3be-4506-9716-c1723ba4c4f8,1
2324,23cdde24-09eb-4db5-ba03-b4f5f9313349,0
2325,23cebac2-d355-43d2-9640-f1ca8cc833e4,1
2326,23d25f25-e9fa-4d36-8730-03ca6a32b814,1
2327,23d6d31a-a0fe-418e-a8b4-d1838656eb8a,1
2328,23d6d87c-b68f-4761-aec5-94bb9f6e47fd,1
2329,23dcce26-d8ac-470e-9523-0ac239699dc6,1
2330,23df3562-77cf-443d-82ea-52a5c0dfa0de,1
2331,23e34cb9-254b-426b-947b-4ec675d36157,1
2332,23e6a878-5c55-4169-8e95-266ffc3e8437,1
2333,23e80417-fc70-456d-ad14-33202f99ac0c,0
2334,23ea4a5d-5d14-40dc-b88c-2a59b7363552,1
2335,23ea95bc-42b8-41fa-a3a7-e62c9634256b,1
2336,23f33127-8fa6-4aeb-b6aa-c6bedffdcda2,1
2337,23f561dc-6387-49a9-acf2-88338f850464,1
2338,23f6a81d-e967-4c4b-8d53-c50c96e7ad52,0
2339,23f98aa2-2db8-4d0c-8808-0d559a00e317,0
2340,24088a4b-5fbc-4e3f-9263-c252047108eb,1
2341,2409a745-42e8-4f81-bcca-bf4233f1b994,0
2342,2409f08f-6f81-4105-be0b-7b8d579a6c19,1
2343,2412e07b-a8e3-4fa5-ba4b-ca7b20f2d3f3,0
2344,241bb55e-c2bf-4688-bed7-640dbe801675,0
2345,241eb9db-333a-48fb-b1cf-5f463f9a1694,1
2346,241ed777-79ac-4396-aa7d-b1b1d1c98afc,1
2347,241eda7f-57a6-40e0-afc4-bd82be171e5a,1
2348,24203938-66d6-46c6-a0a5-c6fda819f2ca,1
2349,2420821a-3813-4d92-9624-215fe7d475a2,1
2350,242a2d8e-ec46-4432-a3e1-7a2f66c67615,1
2351,2432254c-0f1a-4b37-ac49-df9ef8237a86,1
2352,24344101-9e92-4190-bbbc-c5ea7f81f8ad,1
2353,2438259f-4c0d-4e6a-842f-cb1f10df0c56,1
2354,244226a8-4b8e-4799-801e-596656d6b503,1
2355,2442a65c-cb15-4f5c-a233-97fe33bc95a9,0
2356,24471b4d-beef-4985-b343-2c58d03e0a4c,0
2357,24526dcf-89d3-4b69-b881-9657e2b3440d,0
2358,2452eb79-919f-4646-b467-f2b8315ecc24,1
2359,24552224-ab25-4681-ba2e-b0f1f9cb7b57,1
2360,2455db65-4d75-484e-bc11-4eebafe5e844,1
2361,2457a852-6ea8-4e91-8489-c538ee162357,1
2362,245ad870-8388-4caa-91bb-65c58008a4d9,1
2363,245c943b-03f7-4a8d-a5fb-c965f227e23a,0
2364,245efa33-fb3b-4c65-b96a-26c49ecf0e94,1
2365,2460ca35-fcf2-4334-8f5c-5fc76f6f7767,0
2366,2467b9b2-9e77-4616-bdb4-93fc5e7a56a2,0
2367,246c6be1-4eae-478b-b11d-764d6e5a589c,1
2368,24784744-7d3c-4b80-94ea-7dbab9ef6265,1
2369,247f9103-04a4-433d-9fcf-b0d77a9c33b2,1
2370,2480c9ba-9a67-4b15-9125-d474d0c9fc90,1
2371,248b1444-7ecf-4be4-a23c-7fa07956e800,1
2372,248cba24-ca69-42dc-8de1-406e212312f1,0
2373,24913fff-f6f6-416a-b7c7-8bbdb0fbc75a,1
2374,2491d02f-7a1f-4379-b560-272957ff4d03,0
2375,2492580b-a7a7-42a0-a37d-6681b6471dae,1
2376,249ac82a-878a-448c-8b99-14dae25045cd,1
2377,249ba33e-1038-41e0-a597-d7a5aaa144af,1
2378,24a050a0-6b9c-42d1-91dd-2484334bf3f8,1
2379,24a1ed82-a1ce-4c05-b7fe-7fbbfb4b379a,1
2380,24a4efa3-a4d6-4126-b066-a2b55b9c67ed,0
2381,24a74f0a-e5a9-46a8-be64-5c513347fe9c,0
2382,24abcfa7-4e31-40d5-8edf-37f8d8e88b67,1
2383,24acc7ad-9ae2-43fe-b39e-023fe92741fa,1
2384,24ad73b7-e702-4829-b660-89f4bf2be46b,1
2385,24b38586-8653-46a3-a46a-50f2bed92419,1
2386,24bc496a-eee5-4b3d-b622-79ed8a1994f1,0
2387,24bce35c-597f-4549-bbc8-02d2e996fe3e,1
2388,24bdf9ce-1d3b-4821-8f7f-3fe47d631cd2,0
2389,24c411c2-06a8-435c-a193-4793f2c11163,0
2390,24c48a5a-a466-4e48-8c5f-043b5c57d38e,1
2391,24c596e7-4110-4620-a701-d861534470b4,0
2392,24c62142-d318-49bf-8702-3076df434d17,1
2393,24c8a121-7eb0-40b3-9342-13b1a6b3ae98,1
2394,24cb0ae9-c9d9-463a-83d2-38b889d69db6,0
2395,24ce5de4-9745-4b0c-9917-e8b3f49880c7,1
2396,24cf9a31-6233-44d2-9fc1-551802c120f4,1
2397,24d0b4c5-04ed-4bc9-9b48-cf0f64978bd3,1
2398,24d2592e-875b-468c-8c2f-245d53c3c45e,1
2399,24d50826-9a25-403d-a0f7-3eb980b34ec9,1
2400,24e1f235-05d8-46db-957d-a9b2d5b57d13,1
2401,24e32f66-a437-44c7-a484-6fb2abc1992b,0
2402,24f97a04-46fb-471b-b0f8-5ac86eb13667,0
2403,24f9ad65-cef1-4bb1-90d0-9c53aa069cd4,1
2404,24fb2a92-a413-466f-a152-bce8ce83874a,1
2405,2501fbca-d0bb-4e48-b306-4294197793da,0
2406,2505ddb9-78d4-41de-b516-e6533c48e365,1
2407,250a8d68-afce-439d-bb4d-ca03ad6c7a76,1
2408,250ccdf1-c7f1-4c0e-8bdd-e13e272390db,1
2409,2519a399-2540-4c94-a5ba-4c0a53e63423,0
2410,2520acf6-e221-4fba-ac97-e65da47dff59,1
2411,2521faa6-a965-43be-853c-e60faf66466b,1
2412,252850ce-8115-4408-9d8e-e1a24e68e9ee,1
2413,252c27ba-97b9-407a-b7fc-9593103bf3ad,0
2414,252d569f-cae1-4769-8364-952f0cdcd964,0
2415,25380d04-91b9-4d53-91c6-d25c0e7c14ce,1
2416,253ade9c-7bcf-4df4-8ffe-4a0e853463fa,0
2417,253bbc83-b49e-4fdc-a593-d37b66ed4c82,1
2418,255660c3-168d-4a14-8715-99581251c974,0
2419,255b1046-322d-4324-880e-e3b288ef7409,1
2420,255e98e7-f064-43ea-ae26-8d20ea5c29d4,1
2421,25606b29-2108-41b5-83f4-21b5ba9eb3b5,0
2422,2567a2d5-2838-4c2d-859f-4d29284e29e7,1
2423,256a5499-f7da-471a-b3b9-cd9c8ca1834b,0
2424,256c00be-ebd8-4d61-90f0-a48edc7b8bd2,1
2425,256e11f6-8484-4a12-9412-79c3bc1fe97e,1
2426,25719c73-b16d-4bf1-8726-dd7a20b2a436,1
2427,25720015-9212-455d-b328-d02f83b4e9ac,1
2428,2572250a-26ab-4072-ae7f-02cea1f3defd,0
2429,25748475-81ae-47de-b7cc-83a235768592,1
2430,2578edeb-232d-4d26-bb40-65c4e24d29ed,0
2431,257bbc65-96be-49b5-9f4d-7ca637131e35,1
2432,25857417-f62b-473b-be42-6ae9db214f94,0
2433,2587b5da-1edc-4578-8ee2-326e41a0a79f,0
2434,258dfb00-a3b3-488a-a3dc-a82ba8ac840f,1
2435,258e8af7-d4e4-4128-bfee-60058121ac57,0
2436,2592c18e-b268-4ac2-8005-78fed9255186,1
2437,2595d4fa-a9a6-4591-9c19-c74d9a40ef94,0
2438,2596c180-e3c1-4c2b-aaaa-f67be139d23b,1
2439,259b5d77-df19-4ad0-b767-d1e437c621b4,1
2440,25aa1bef-19e7-46fc-add6-fb5ab0cf6f96,1
2441,25ab339e-336e-40e5-b81e-5d824121e92a,0
2442,25ad0cb0-bac7-4419-bde1-aca68dd4621b,1
2443,25b12947-0376-435c-b9d1-2051b6b3b9cf,0
2444,25b209b5-6075-4348-b418-722744329b0b,1
2445,25b434c8-5f1b-44cb-b7ed-19dbb1c12c32,1
2446,25b54671-a20a-41fb-9a4d-28e298890a57,1
2447,25b5d138-c2f6-4dec-8ba8-f3d60c980730,0
2448,25b818f5-f2e9-4bd1-b7aa-3643b05014d1,1
2449,25ba13f0-5f13-4b87-9aeb-a31fd70b71dc,0
2450,25c4c4fe-cfe3-4718-98bf-2275bf9fa3ae,1
2451,25c8a85d-6231-4060-a03b-61d030994e18,1
2452,25cdf0f9-2290-4723-9f66-342227ffeb6d,1
2453,25e7d7ce-f10c-4281-b66b-a49d4ac142db,0
2454,25ed8c65-4d1d-4640-913e-56602766e7d2,1
2455,25f062cb-6988-43f6-bf66-da97d29547fe,1
2456,25f0a6fb-8a9a-4ed3-8302-5ab81f729547,0
2457,25f157fb-855d-4a9d-849c-41dfc35bf678,1
2458,25fe596b-dacc-40b0-9d11-e8301584ceef,0
2459,26000af5-0843-44bf-b3d5-53d3307d9454,1
2460,2602a99a-89ad-451d-9c03-45ab82d2e1ee,1
2461,26185f6b-e050-458b-a8be-27a56628c735,1
2462,2619ffbd-7296-4bfd-bb7f-09c170ddcd01,1
2463,261f854e-6b38-4822-bb16-4600692ba79a,1
2464,261f9feb-ce2a-466b-8eaa-c9b87ed50cce,1
2465,2624e1f3-4970-4a9d-926e-3cbffe1e7179,1
2466,26298d27-ad7e-4324-b854-bddeda421adb,1
2467,262c4e58-6786-42e0-a8cf-b8075b3985f4,0
2468,262c600f-6509-42cc-9a4d-2cf0fff39742,0
2469,262f75b3-bd7f-46c3-bc1a-022c4703235b,1
2470,26338b82-6bc4-43f1-b015-c8a2339656e4,1
2471,263a374e-e3f5-47c8-8874-ee9f14e05d81,0
2472,263d2f18-9549-44d7-8917-0ef50935fb84,1
2473,263f4ca0-5fbe-4d15-8b12-3803f4e690e5,1
2474,26410e3c-6932-4909-97bd-179caa61d819,1
2475,264a67f6-85f9-4dae-8c8c-638b506a8ce9,1
2476,264dfe26-d7c9-4f9f-9f88-5f310818f97c,1
2477,26546ac6-93fe-477d-98f9-c90d65f9dcfd,0
2478,2657bad8-038a-4219-888a-a4eefccbfe68,1
2479,265c41e0-57cd-4c5f-84ae-a86120f9ed5c,1
2480,265de879-f4b3-415f-993b-4438c778a793,0
2481,265e2aac-f5b1-41ec-8b64-9d2adee3de5f,1
2482,265e6855-1924-45f9-b0cc-c580c41444d4,1
2483,26621bb8-95ce-474a-bde2-72791a69edf2,1
2484,2669d1a3-9985-4da6-8f7e-475fc2e05f2b,1
2485,2673947d-5e87-40b4-b199-a10bb66c5978,1
2486,2674cd78-41bd-4df5-980c-ac213ec6eeb3,0
2487,26767b03-073e-4a05-9ae6-dbd1823b0139,0
2488,267ebf0f-e0dc-4ea1-a6a6-738ec15b5173,1
2489,267f80d2-8979-4762-9d5f-6bff26ba59be,1
2490,26822bdd-1681-4d2d-9e1a-a890239c81ea,1
2491,2688f18a-fec4-4330-b559-24197dd0d982,1
2492,2691703c-ca72-468f-bbfe-45b1a5675f97,1
2493,26978744-a8dc-4348-a951-b7a249d1d7b5,0
2494,269b06c5-f02d-4943-ac1f-1b834a2432e2,1
2495,269c5159-b377-4c03-9b37-5fabdf82e0a0,0
2496,269c8607-1b87-453c-88e6-1c72d6437272,0
2497,26a1577a-654d-4d23-9eef-557f7a0c3d5b,1
2498,26a64267-53d7-473d-9e86-638b9e836ea8,1
2499,26a8f422-612b-40fe-86a1-d8b6155baa41,1
2500,26afbfdc-167e-447f-86b0-8398810d9c64,1
2501,26b39219-5fc8-41e7-b7f0-8b52773ede4a,0
2502,26b485ee-0ef0-4396-a609-2812d60068cc,1
2503,26b4bb35-e8d4-4b39-8dcf-8a09e710972e,1
2504,26ba6604-61dd-4589-8c58-dcc2ebb7a415,1
2505,26bc4d2a-9cfa-4f04-a378-0d0c09078ada,1
2506,26c6d8a1-ad69-4ac4-aa35-bd73e9ab6d53,1
2507,26c9a0d8-de60-4452-85bf-0f11bad298bf,1
2508,26cc0f1a-5bc3-4b83-91a9-69e435f0a02e,1
2509,26cc3ed2-f0d1-4c73-9897-26f1d011a064,1
2510,26cd753b-48d2-4803-b0c7-8e57ec58cb80,1
2511,26cfe0ff-acd7-42c3-82c8-ddbb0b230cb3,1
2512,26d16fde-d79e-4390-82c3-a33b011bf6e0,1
2513,26d35248-b50d-4f56-b6e0-413c225bb4b3,0
2514,26d373ed-50b0-407f-bad3-19778afb46d6,0
2515,26d5955e-9254-4bd6-bf7b-a77f203a0157,0
2516,26d631ae-e181-440a-9b97-488985b649cc,1
2517,26e09f61-56b4-4974-b500-27a8c9b38b24,0
2518,26e1c7ea-6010-4413-9157-2c23a868ebdc,0
2519,26e1eb41-f075-4157-8cec-385f8e61de8c,1
2520,26e2bbc6-4aa1-48df-b7a4-bdc7ad00f474,0
2521,26e7eb5f-9f8e-4344-b1cf-6762148e63ea,1
2522,26ea56cd-7bda-4fbe-91f2-917cd1e518d5,0
2523,26f3ebe3-f636-470c-8c2a-35dc46b47517,0
2524,26ffb46a-70a4-49d5-9a99-8391d0da7db4,0
2525,2706d4ef-0033-4897-93d6-cb03d4bcda95,1
2526,271510be-f114-4ab2-a0c1-f0a40ddf6b72,1
2527,2719924d-f78f-4aad-97d5-2ee88925bc89,1
2528,271dad98-463f-4da4-9552-cab41131cb61,1
2529,271e1642-2c58-4f9a-926d-4bd1ca83dff6,1
2530,271e3ead-5c96-4d6c-9eda-949e14c95999,1
2531,27266adc-02fc-4236-a137-b9ca52204e5f,1
2532,272ba987-b94d-4b09-9a87-50dbf4c2fc7d,0
2533,272fdd6d-f379-4f16-be00-4f7571891282,1
2534,273f7ea1-db4b-4c77-8537-6830f8313b65,0
2535,2742303e-f86c-45f9-9741-aebddc84aa01,1
2536,27437a3e-52a5-4f7d-8475-98c0cd2254c5,1
2537,27439f71-c2fc-469a-867a-3be7d62a4391,1
2538,274cc005-98cc-4c06-b92a-cba085aeefe8,0
2539,274cdae8-8c6a-4fb5-912f-77c06d1594c5,1
2540,274f6055-2300-4a7c-accf-3cb8dc55c445,0
2541,275392df-b26c-455d-9fe1-2e04db0319fa,0
2542,2753c6f6-18cf-4467-bb4d-9d2ece2e058e,0
2543,27588224-825f-4283-a4a0-851c1978fadf,1
2544,2759df71-aec9-4614-b8e8-b5db10e066c8,0
2545,2763c27c-8de1-44b3-86b1-5540f4342e17,0
2546,2766448d-2abd-44be-8a2b-e428341fc0c0,0
2547,276748d3-894e-4ae8-afde-b13b6c3124c7,1
2548,276c8934-0e00-4bb8-9d0a-1dc4a82f65e5,1
2549,276e1246-0b6c-424e-baad-6120abee9a82,1
2550,2772a42d-77c1-4eaf-9f96-efeee0eef938,0
2551,277d2f2e-0fed-4ca0-a3e8-09ed26721cd6,1
2552,278479a5-520e-4ee9-b7dc-20aad51f8e8b,1
2553,27861818-9e86-4dd0-a1fc-d9e5d0b1a1bf,0
2554,27877a76-4ba9-4d30-bff4-ca76cd44b342,1
2555,278a9c0b-491e-4fdb-8ee8-3bc63d42ead2,1
2556,278bce80-8f66-44f5-8518-2bbc28e3d28f,1
2557,2791f37d-45ee-4028-a242-4fc554317b6f,1
2558,2796dcc7-d57d-4343-af68-69902ce5ffbe,1
2559,2798b580-1ef3-47dc-92f8-6cabfe5870be,1
2560,279af3ce-0ea8-4f42-859f-ac79b1a38624,1
2561,27a00c61-0b45-4f4b-83c6-952e89a7babb,0
2562,27a1c470-e28d-4430-a7d9-50c272e6c66f,1
2563,27a30577-47f9-4128-85dc-5047d76487af,1
2564,27a3b5ff-22cd-46a2-99e0-ac454268db2f,1
2565,27a434c6-601d-489f-9817-989b84b2b964,1
2566,27a63b93-680e-461e-9dd5-f998902ff415,1
2567,27aa3543-5421-4d10-b953-6ffa76720a43,0
2568,27abc616-747e-42cd-9a5c-4fb97781b24a,0
2569,27ad187a-283d-4555-b1b6-6694da368473,1
2570,27b6185d-4666-4f64-871c-e718649f974c,1
2571,27bdc205-e046-4468-be26-8f1fad5d559e,0
2572,27c02926-5f9a-46eb-ba2e-bba5a6710c39,1
2573,27c3f7a7-56ad-4d84-9857-b8096bf9be5f,1
2574,27c46e8c-8135-4ad3-a4f7-1c3484f4e91f,1
2575,27c56d74-bda5-487f-bbc3-a02fe57f13dc,1
2576,27c8acbb-d515-45f4-94bd-ea6c9d18c9bd,1
2577,27cba8e8-9a76-44a8-b0d4-cea40d31016e,1
2578,27cfdc55-ad6d-4538-8ca6-ce02cf43ffdd,1
2579,27e395a5-56d2-4d34-8ff1-28d4bfa9f47a,1
2580,27e3b0fd-462f-426d-8d16-f72ed0692395,1
2581,27e52098-05df-4357-b16f-62d183050700,1
2582,27e6e872-6dd1-4d21-8f87-e62ed5d9c0da,1
2583,27e85aac-3e36-440b-b966-a75e45c95a4b,1
2584,27eddcc3-9fdb-49bb-9f9b-23b4f4d51008,1
2585,27ee5b03-ad66-4887-8def-4119e015fdb3,1
2586,27f4542f-a7d2-41a2-a250-1493a8748719,1
2587,27fa970c-2ea1-4fd8-b8c2-c5d7ad84aced,0
2588,27fb79ba-a9f6-46ff-b1a6-60944fa9326a,0
2589,27ff5a78-e4a2-47c0-97ac-e43adabbea9e,1
2590,2800a3da-f986-40de-b474-372bfaeaa9b6,1
2591,280367fb-1357-4879-b3df-df405003939b,1
2592,280664a9-1a2e-4458-83d0-22fc9aef21bc,1
2593,28099aae-6eae-481a-b795-b6451f4b2c8b,1
2594,280d7642-0334-428a-8290-8d2311b9c379,1
2595,2810c0b9-0ff5-405c-b1c2-886c467faa00,1
2596,2815c7a8-abd9-4aa8-81e3-5eef8e3b5d9f,1
2597,2817d75d-ef46-4ac3-8a61-a19faeb25477,1
2598,2820ec25-f826-40c5-b4de-bbafc5d856dc,0
2599,2822484a-6f38-4a5b-a71d-eaf1763ce1df,1
2600,2823a742-26ed-43a7-9684-361b772d6853,0
2601,2829cdf0-8b6c-447a-8e53-5c8eca5960e4,1
2602,282be405-e370-488a-b457-b3470924a68f,0
2603,282eec46-52e0-474b-97ac-558c34c06f4e,1
2604,28303713-7fd3-441d-b4ab-d31de8b7d6b5,0
2605,283044e5-727e-4839-b629-6dbc1d6fc043,1
2606,2836b4a0-07d8-4e65-94c3-a62fef679c51,1
2607,2836e22e-b43e-43aa-9042-46ad4645c803,1
2608,284b0b1c-fa5b-4a7e-b0dc-bbd231fb50fd,1
2609,284d2175-068b-418c-bbf2-7061d377fa42,0
2610,284df679-335e-42a1-9325-1560db1764fd,0
2611,285868ab-f34c-47f9-9ed1-68c89b819a66,0
2612,285c44d8-7290-44ff-89f7-07d1398bceea,1
2613,2868b754-d585-45db-bbef-8283f4e5b91f,1
2614,2868e475-4da6-4022-a747-39bd96c79d7d,1
2615,286e08cc-b41b-4bfe-b952-86beed8f0c6a,1
2616,28735653-247e-4e80-8300-dbcb81af3837,1
2617,28743d35-f8f4-443f-853c-4a2c93a65e9a,1
2618,287de553-4963-4888-b7e1-b309db885da4,1
2619,287f35a3-086c-4179-bcca-7e6b576a1543,1
2620,288318ab-2ecd-4df7-83b5-b95cb0139d87,0
2621,288507ac-e97d-4378-ac51-173626a31092,1
2622,28851c2d-baa4-4e83-9517-f169e4094644,1
2623,28859724-c7d6-4784-89e1-34d56d0a17e1,1
2624,2886107a-e35e-4279-8aed-2db4f633d4f6,1
2625,28862e30-5390-49d4-86ab-bbc792fd439b,1
2626,288735dd-f95d-4e26-8554-42151de9c743,1
2627,288c1e7c-06d1-4e05-894b-332da56b266c,0
2628,288d77d4-3b05-40da-bd9a-686a61b3c2fa,1
2629,288ffd11-47dc-4eca-8a9e-f5df993ed83d,1
2630,2899398f-0da8-4774-8047-df253020ece2,1
2631,28b2a9c7-b68f-4ba2-a387-cfe6fd9c71a3,1
2632,28b411c6-1ddc-418d-b668-a66bf0d7a7d1,1
2633,28bba251-4527-489f-8528-24dcec2643cc,0
2634,28bdc5d2-95d9-4f6b-8906-80b11577b3c2,1
2635,28c19549-cb38-425c-909b-9c94a63c7a98,1
2636,28c1f912-e881-456a-9950-f19f12fb0022,0
2637,28c368c4-3ded-4dca-8950-5e8364856f16,0
2638,28c6a36a-69b8-4176-b68c-417db3d0758c,0
2639,28c81489-4b2a-411b-8f0a-e8c3d36e3113,1
2640,28c9c9b8-12bc-4abb-9b55-c05ef8b3dc4b,0
2641,28ce7475-db26-4f4b-99e6-3e2b4b003c95,1
2642,28ce830c-39a1-4aeb-8dd0-e95c5d7e8e4d,1
2643,28d03218-5f07-45c9-8459-2eeb59f395e5,1
2644,28d244eb-748b-47a5-8bd1-6d4683e9b3f4,1
2645,28d2cf62-16ca-4478-b011-39a3ac288e2d,0
2646,28d44f38-3324-4042-865f-d2ba1e02d945,0
2647,28d6a64e-e576-48c3-888e-bafae354abc7,1
2648,28d991dd-6b13-4184-a479-93f691697e26,0
2649,28df693f-4ed4-496c-b148-2b9f13777f6c,0
2650,28e274e5-d856-48ef-aedd-4f4057ec2320,1
2651,28e870a8-b64a-4ad9-8f5c-3e011bbd7882,1
2652,28ea3722-1094-4408-9815-3a5b643af650,0
2653,28fc7d76-7879-4777-a127-67d741338924,1
2654,28fcf70e-8a4a-4231-bc5c-6817cd37524a,1
2655,28fe4a89-db87-4ffc-9364-881aeef31c80,1
2656,28feebc9-2b7b-465f-9895-592dfff50f7e,0
2657,29070705-7619-4ad5-a980-2094db62104e,1
2658,290d8493-bc55-4ccf-911d-ad56e0a19260,1
2659,29119767-e56a-4ebf-aab9-12536b62488d,1
2660,2913c433-2dd4-4510-b676-b5624a7521c9,1
2661,291678a3-62ed-4571-8a75-2ae3c351c532,1
2662,29173785-f0f2-4443-bcae-b703a62b3e00,1
2663,29223239-8b17-4f57-bf17-9a16232598e3,1
2664,2922eefd-56e5-405b-9993-e2960ba60de7,0
2665,29235dd9-c5dd-48df-99ce-5dd3b4a32d16,0
2666,292513a8-e0cb-4257-bd26-00906b8a7bd7,1
2667,2926574d-5674-499e-ba88-ebc336c63f12,0
2668,29291f8d-c968-4db3-8bef-21604c84e09a,1
2669,292d399f-3418-452e-9c79-5bdde6884e36,1
2670,292edcfa-0f9f-4b1a-897e-52cb17245f1e,0
2671,2935e08b-1e06-4a62-807c-61c8aecaef7c,1
2672,2939947c-9f99-45dd-a7d9-acd31cc8931f,1
2673,293f36fb-8276-454f-8329-0c2e2352480b,1
2674,29403f7c-588d-4833-b47c-288545c63e35,1
2675,29431b99-0426-49aa-9b46-db90e3f9945a,1
2676,29445a40-bb38-43d7-b761-cf5b548b7198,1
2677,294953ba-c690-49c5-94cd-989622180697,1
2678,294f085b-2da5-4255-a79e-61f8fccd63fd,1
2679,294f3eae-ad50-463e-902a-08d80abc74bd,1
2680,294ff35f-5b30-4c4b-8a2a-bcd51aeaa040,1
2681,29502c08-e58e-4318-82ef-08fc34f9bd81,0
2682,29507f3b-9260-422d-a278-0571fd1e6e41,1
2683,295488b1-8aa9-4da8-9bf5-86eba0b0473a,0
2684,2956c8bc-b791-4279-9c63-5fdd46eb0402,1
2685,2958cd30-3cc2-4153-9d84-b8993aaf9f1d,1
2686,295ac669-193d-4aeb-8a2f-91d3e32c1cc5,0
2687,295ca0da-78eb-41d9-b19b-9e8e19989d4a,1
2688,295dc785-01bc-4779-aed2-aae490013331,1
2689,29634b6c-c788-47a1-aa99-a5286eab366b,1
2690,2965e71a-ee7a-40b0-8fe2-53df33bac55d,1
2691,29684c19-f45c-43a2-a0eb-4271031b243e,1
2692,296bb046-1260-4110-92d9-39832ed4821f,1
2693,296bd17a-594a-4ef5-ad05-dd7d4943cf28,1
2694,296e612c-34ac-4d48-a787-00a7aa38fef0,1
2695,2972525c-201b-4647-a797-d15761e4ad9e,0
2696,2979374d-25fe-4fea-b88d-b3298ba3755f,1
2697,297a1868-5b83-44be-8147-45e2a153b59b,1
2698,297ec1c2-f981-45e1-ad30-e9ae86d3e1ea,0
2699,29887a88-b5f4-43d8-b573-8fb78cc4780a,1
2700,2989601b-400b-45e7-8441-9cdc795c9cd5,1
2701,298e0a5d-baf5-479e-84d5-e94fe23be8a0,1
2702,298e2bc8-48f4-4a99-aba4-3d068d3f1167,1
2703,2992061a-de0c-410b-9c1c-7d8bc982f082,0
2704,2993ffb0-4d7a-4fc3-89ca-14cb1d6fef97,1
2705,2995b9f4-180e-478e-9b33-6bc209679a7e,1
2706,29994a1c-7d2a-40da-bf9d-078930f8ecba,1
2707,299b3d30-2e82-42d7-90dc-b517e17ec9d1,1
2708,29a68dc5-fa8b-4d3e-bec0-00b2b72168ed,0
2709,29af2cbc-d5fa-4c43-b891-c37798190d90,1
2710,29b4a2b8-4006-484e-a364-3b041ef46a64,0
2711,29b713f3-1b40-4c3c-a372-f92848972e21,1
2712,29bf43a4-181c-459e-b5e7-5863e1a762dc,1
2713,29c41d37-4b78-4254-8d13-e389b4b13a33,1
2714,29c701d4-f93d-48e5-ae02-cea58861e799,1
2715,29d92e27-0ca1-40cb-a737-33017834b41d,1
2716,29dad6bf-935d-4edb-9f29-3a881ea82536,1
2717,29de18dd-2f35-4ed1-bb69-ac8e655b17a1,1
2718,29dffcc9-40ab-4ce0-81f5-3ce89fdd0e2d,1
2719,29e1565a-22c3-4098-8286-688ac1fa2cb3,1
2720,29e3048b-1f27-4914-aa3c-d4b93a00477b,1
2721,29e4f86d-78cc-4778-91a9-84d2c7973d41,1
2722,29e6cfc0-d51b-4abe-abdb-108b1de0f805,1
2723,29ee558a-3b3b-4fa1-a026-c6eef7b8737a,1
2724,29f247f3-2857-41c3-8a54-519f299d03f1,1
2725,29fc6905-e517-4d1d-8b7e-ded850b72c3f,1
2726,29fd12df-0199-454c-9b6a-4d9697eb03cc,1
2727,29fed9fa-c9b3-4574-99ed-2d2c88bbcd4f,1
2728,29feffea-88db-4668-8e0b-41a44e49b810,1
2729,2a01fe78-f854-4fe5-ae22-c6d9020dbdc3,1
2730,2a0277fe-aac1-4e38-855f-6d6fb07bc41c,0
2731,2a04fbef-cc58-4a11-8894-85386f5aad09,1
2732,2a0704d7-9a67-40ae-b019-80107eee0227,1
2733,2a091068-3c36-4428-bc55-0158ffae1dbe,1
2734,2a0b7253-e9ea-4343-a3ba-eb63caf0d48d,0
2735,2a1741d3-dc85-4bbb-a38b-7d4df86f36d4,1
2736,2a2396f3-fc0b-44b8-9787-d1db01356b85,1
2737,2a2a3783-ab22-463b-b900-17d43a1e8be9,1
2738,2a2eced5-836d-4b67-8574-11383615d058,1
2739,2a2ee39b-a55a-46f9-9055-f873af74afc8,1
2740,2a2f860e-e77b-4650-8ab6-1bb7857c5f80,1
2741,2a2f8aaa-3ff8-496e-bc86-2600d4973a97,1
2742,2a342c1e-8150-4754-b6af-eec27298bf5b,0
2743,2a355fa2-8733-43d7-b168-86d69932e209,1
2744,2a35c87e-62ac-4f6f-a0b0-5c8c01b1765b,0
2745,2a37b49a-4536-4af0-96ee-40e2e17882b1,1
2746,2a3cf4ec-08a6-47f5-a0ec-dd1723eafe4c,0
2747,2a3f99d5-474f-473b-af93-48308d1afb30,1
2748,2a422a22-9bfd-42f4-a660-e7c790ba5075,1
2749,2a435e8f-1f08-4043-aa30-3d2464883b62,1
2750,2a4a2291-a1a2-477e-b7b5-662e4f886867,1
2751,2a53d914-9a3b-405c-87f0-9b63f2bc5c66,1
2752,2a54f551-d9e5-4e31-a1dc-7d9bd359eea6,1
2753,2a5cd1ab-8a0c-4d5e-b514-f537405e42ca,1
2754,2a618cb9-9113-4671-825f-3664af345bd4,1
2755,2a68e8fd-e442-457c-9dd1-4869d7f595a0,1
2756,2a6963f6-8c6d-4add-8b4a-6f4c2fef7c58,1
2757,2a6ed950-ecde-45b5-a681-af29f2635666,0
2758,2a73e6fb-57de-49b6-8d95-42ca568e09e7,0
2759,2a7b5580-cd58-45c8-b513-961b1b3c6b11,1
2760,2a7d38d9-15f9-46ad-91ca-ad56fb1c274a,1
2761,2a7d6a9b-4a9d-4870-919c-9f86eb42c7a5,0
2762,2a7e178d-4895-4352-b8fe-b84c440dc07b,1
2763,2a7f9e11-3b94-4a43-b4f4-5db990a8fa8d,1
2764,2a7fadbd-465f-44c0-81c1-5a5ccfe42841,0
2765,2a840d87-294d-4857-b808-ebdac866cc1b,1
2766,2a8a15d3-8225-40d5-ba3b-ac41cdcae9a4,1
2767,2a8d8a92-c726-435c-a9a2-04edcfa1dffc,0
2768,2a96e661-8e45-4c3f-a0cf-06b938c2a29b,1
2769,2a99209b-7bb4-4d75-879b-4700343feb50,1
2770,2a9a9401-c744-433f-bc5a-2f5d81762daf,0
2771,2a9cbfca-6ce5-461e-9134-a0bf08987fc0,1
2772,2a9e23d6-2128-496b-8682-0c9fec060867,1
2773,2aa3700a-ea3f-4e9d-bfb5-72d25723c465,1
2774,2aa3b149-d8b8-4b4c-9c9d-403a3386a6f2,0
2775,2aad1884-39b1-4424-8524-c97e0f0a6172,1
2776,2aad654d-955c-40e2-8efa-ea21a8ed29ad,0
2777,2aae69da-d181-4cc1-b9bf-783141fe4cf7,1
2778,2ab4264b-29d3-4c06-9b70-272ca6b93455,0
2779,2aba51ea-e44c-4406-9cc4-0602dc4c8397,0
2780,2abec915-d3b2-422b-9b82-ae3b2f694fe7,1
2781,2abf9303-82aa-4a69-993e-ca9f7ef928df,1
2782,2ac0974f-0bcb-412a-8343-83dd1589b9d3,1
2783,2ac9383f-e4b0-4dee-90e5-52d8b4ef60fe,1
2784,2acab619-f4bb-4b79-89a7-aa04d78fd6b3,1
2785,2acdf308-4839-409f-985c-ca35346ffb53,1
2786,2ad55948-02c6-4953-904b-414c784c1a82,1
2787,2ad8613b-929e-42bf-a3dd-a6bb911276ce,1
2788,2ade6a59-e56d-4b6a-bdd2-7cf2032c88bc,1
2789,2adef876-8840-483f-8740-6312788a7db9,1
2790,2ae2b35b-6fcb-48c4-80f9-b6fde8ddae3f,1
2791,2ae6fad7-aaf9-4f4e-b789-764491ccd5db,0
2792,2ae8816f-142f-40bd-a356-82557309d5a7,0
2793,2ae89ced-23f3-4a67-8527-3fd77ffcefc6,0
2794,2ae95367-09c1-417f-851a-b1599d88cace,1
2795,2aed7b8d-4e9d-4303-9497-23366b22419a,1
2796,2aee0dcd-b9b4-4c45-adb8-b8cb18a19741,1
2797,2aef3a40-e005-416b-ac5c-d9da0909eea4,0
2798,2af7ea1f-c52b-4a52-a7ed-89e499f2b6d8,1
2799,2b057919-c62b-4336-a992-a9f7083280b1,0
2800,2b06039f-e579-4edd-bb8d-076024a94358,0
2801,2b090b30-10bb-4d60-bd7b-e75654b28340,0
2802,2b096206-dc50-441f-a380-05a322c19501,1
2803,2b0976b0-05e9-4f23-898d-1035fb7bc45c,1
2804,2b14dabe-a568-45b7-954e-b8c73a825a33,1
2805,2b15f119-3ef8-4b29-a5c5-f8a01d5d5889,0
2806,2b188826-df27-4960-a039-973caaa1d62e,1
2807,2b1b34cf-90af-4911-8d96-bc339a43bb10,1
2808,2b1e20a7-70e4-4b71-8a59-774bbb94e89c,0
2809,2b24781f-66ed-4087-bbb2-fe4df5d8d298,1
2810,2b2b3ec7-40d9-4708-ae10-e61f9b0cdc64,1
2811,2b3a9ae0-45a8-4654-b890-511741c79d08,0
2812,2b3bddb4-0c77-4a8c-a1d0-2ad668b1e9b9,1
2813,2b3d77ed-d034-47d8-8102-9a27832a7768,0
2814,2b3e16fe-b40b-4849-9cd0-55219c7cb521,0
2815,2b3ec49a-4def-487d-a6d9-88bbf10937fe,1
2816,2b3ee182-e432-4676-b00e-10e4006d3706,1
2817,2b411425-30b4-401f-a635-7b90a8ccc130,1
2818,2b43ac6a-e27e-4204-8502-623f88f29a37,1
2819,2b48470c-55ad-49c1-8bf2-3fb9f77fa603,1
2820,2b51a37c-bd79-4170-9868-856e9f2da503,0
2821,2b52c3b7-a3f8-49e5-a545-dbe38389463b,1
2822,2b52f01b-f5b3-4265-9c64-28bff02283ce,1
2823,2b592fe6-bf1a-42af-aaa5-0c4ab7243a0b,1
2824,2b5ba467-fe06-4ece-b3fa-34eb21e4b084,1
2825,2b5d30b1-4743-462b-91d5-54229ef2e0e4,1
2826,2b5ef3c2-d129-40f1-a132-3614f1c33c5d,0
2827,2b5f018d-2d07-4601-99e9-ae03804c3754,0
2828,2b621eaa-5785-480f-871b-5ab843d7220a,0
2829,2b638c98-249c-4537-b415-338b18a96d61,1
2830,2b6644d4-2366-40f0-b763-630e876616b2,1
2831,2b6d3849-5728-41c4-bcc0-47c08152a19d,1
2832,2b6eb850-6506-4f11-b6c0-31cd3670bc31,0
2833,2b70950c-8717-4b5d-b0e8-2247b88fea7b,1
2834,2b713fd9-5a1a-4f11-b719-4c5e1fd7f4cf,1
2835,2b716425-55c8-4a0f-aa1b-75cf45335e3d,1
2836,2b762b32-9159-4850-be94-be56ee9bd9b4,1
2837,2b810835-1510-4de0-b9e9-54e08da235e2,1
2838,2b83972e-367f-40b0-8b81-850192e498fe,1
2839,2b84a84c-4c69-41a7-aea6-f74fe4f47ee6,1
2840,2b84cb29-d0d5-48a5-85ea-bf13722fefb0,0
2841,2b85a964-27c5-4c21-bb35-1d9d11be5e04,1
2842,2b89a970-91c3-433d-9011-597aad4b3479,1
2843,2b8f2290-7a18-4e87-94e6-0f6c6e4340de,1
2844,2b916066-6974-49e7-b423-620ee7468d79,1
2845,2b9366ba-febc-4f40-8df7-254a59ab430e,1
2846,2b94e125-1a8c-497a-9e02-d6ba2d54b26d,1
2847,2b95243b-df11-4a4b-b84b-807c1b4e7b63,0
2848,2b96d38e-e972-4e0f-ab2d-9d8778ce435b,1
2849,2ba872e7-7c48-49e1-9a0a-50cdcf6a6df4,0
2850,2baa1432-7091-4846-88ab-e74c92744cc1,1
2851,2badc56f-75c1-4fea-bc78-d048300f6f06,0
2852,2baf6ba8-de97-4bb7-bd5b-c8bffa685b39,1
2853,2bbb9ff0-31da-479a-974c-bf578c06f855,1
2854,2bbd9f3c-35dc-455f-84d2-51eadf0ea8aa,1
2855,2bbfbc81-f554-416c-92a1-81fe501081c2,1
2856,2bc5fb81-22d1-4f4a-ae77-ab7f803e90dc,0
2857,2bc80f9a-d427-437b-be7f-a70244227b81,1
2858,2bc839ec-6cc6-4e4e-8107-68eb27e246e4,1
2859,2bcbf1a5-aeda-466f-a341-4ace5319b7f5,1
2860,2bcbf904-28c4-4946-84f4-a8f52ebb9015,0
2861,2bcfdbe1-4816-4a09-abea-b721be6f7e8d,1
2862,2bd05dfa-c398-4be2-b02a-bf33fae89896,0
2863,2bd1beb2-5ff3-49b8-a088-396763dc3624,0
2864,2bda745e-e9bd-4bc2-bf7b-88c7e2e42c76,1
2865,2bde02af-373b-4240-9913-fcfa9b599620,1
2866,2be4fd2c-79ce-494c-8fbe-086f9ecc4e89,1
2867,2bec2793-f4cb-4b14-b233-ff32859c7901,1
2868,2bf59638-c1cd-48a7-8d6a-430641a06540,1
2869,2bf9ce91-6d6f-47e1-9b9e-5c5c0ca2d4e4,0
2870,2bfbd755-ef33-4ec6-8846-b8cc52fe9a3d,0
2871,2bfc456c-222e-4989-8fad-359f48863bce,1
2872,2bfdaa32-38b4-47b8-ba5f-86e87e53fe70,1
2873,2bff2ead-83cf-4062-955f-bd3d00f001db,1
2874,2c06393e-33cc-4113-b389-053001581546,1
2875,2c074a72-0af7-431d-8c7f-b87502e0b0c9,0
2876,2c114c15-bfb6-4de9-97cd-5f8885de6be5,1
2877,2c122f53-bc4d-4bef-a66d-0ac78fbf4265,1
2878,2c1367e1-3763-436b-9919-173542449df6,1
2879,2c1b2b55-cd7e-4c16-be67-6c131f6efb49,1
2880,2c24ed18-9c37-4a38-9fc6-83c0cc251aa8,1
2881,2c2c03ac-e61f-4e24-9909-5360080a14b6,1
2882,2c2eb095-e045-4439-b796-8de382d34dd0,1
2883,2c2f66d1-13b7-4e03-88bd-29766880abcb,0
2884,2c345d82-ec0c-4ea3-8759-b3c8708be696,1
2885,2c38b516-fd42-4d87-afc0-640a4e28c79a,1
2886,2c3cd401-5cf5-483b-948d-08b1748976b7,1
2887,2c3e6a04-e18c-408b-bee1-a88f8f64d4d0,1
2888,2c437a37-eaa7-4804-8d94-4c2324d392d3,1
2889,2c471a1b-81cf-4356-ad50-853b9a0fc013,1
2890,2c549f4d-a1ec-41ed-9817-336b23d15b81,1
2891,2c558790-65d0-48c7-8d99-4371fcee8e90,1
2892,2c58f15c-4bb7-42fb-8082-a18cff86ce97,1
2893,2c59a1f8-7611-4c22-9b04-322e2a5efa12,1
2894,2c5c30c0-81d4-4206-a82e-8416009d1728,1
2895,2c5da7b3-c785-4e34-a4c9-17e4e5183c0d,1
2896,2c605c64-7a05-44ae-bfdb-b4f81ce9ee35,1
2897,2c61e249-8c2b-466f-89fb-9ec493f710fe,0
2898,2c6ef68e-aa1f-4027-ba26-b130e6457cf2,1
2899,2c72b766-2e09-47eb-ae06-551da618411f,1
2900,2c75ad0e-3fd3-4d71-b474-3a6cf4ccf913,1
2901,2c77169e-9cd3-4a76-a9e8-ad783cbf9eca,0
2902,2c7ccb8c-2120-41b2-8b1f-add06d96b882,1
2903,2c7ec15b-5a81-4e97-80d8-3dda6822b43d,1
2904,2c7ff9b1-9273-49dc-b29a-b9e97776dfb7,0
2905,2c8a3088-c584-4cc4-93e1-a4956b77cfde,1
2906,2c9499fb-4d24-431f-9c2e-36237bf36886,1
2907,2c9b9a57-9a9f-4aea-82be-b12a42293224,1
2908,2c9d27d9-e701-4297-838c-4b4238986cab,1
2909,2ca42f34-dff6-418c-ba42-e4723c381e9d,1
2910,2ca58ff4-3d46-46a4-bd12-3d5d31cbf90d,1
2911,2ca5988f-6b1a-440d-b037-868341b8f38a,1
2912,2ca8b907-fcc6-4d4c-a312-18a1615ee153,1
2913,2caaae11-0b22-4edf-a03f-9cd4cb8f9a95,1
2914,2cace87a-2f5d-4d52-aceb-5db0377b7c73,1
2915,2cae32aa-aaf8-461b-9ce0-ad61c9b3a4fe,1
2916,2cafe7e2-8e47-418f-9c34-f0cd420981e3,0
2917,2cb619b6-d3d6-40e7-8e61-e064940a9b72,0
2918,2cb67678-ea92-44bc-9970-2b2744248112,1
2919,2cc78b34-d030-422e-a4cf-97544a024ab1,1
2920,2ccebc2d-0c70-41c1-871a-dd0140ac5029,1
2921,2cd18227-193e-4192-b078-aa95e809fb66,1
2922,2cd2bf17-880d-4a88-8414-9e9ae0ff9a4d,1
2923,2cd57511-8866-4bc2-ad57-0b344e7244dc,1
2924,2cd77fcb-6667-4e0c-9c79-9920cd69fdd7,0
2925,2cd8c44f-a157-442b-8bad-fdfd98fc37d2,0
2926,2cda73cb-0568-4753-9ca0-f78d795fd360,1
2927,2cdd8e83-6574-4ce1-bd80-f1cd5b8a2fbc,1
2928,2cdf10b3-c519-48d1-b4e0-b0aef64d148f,1
2929,2cdf36c8-b887-49d7-aaa2-8559e2224074,1
2930,2cdff0e0-f32f-4481-bd19-6686ace28974,1
2931,2ce7ea63-c36d-4add-95e3-f986e064f9b9,1
2932,2cf095bc-3a40-485e-aae9-70adf8bdf337,1
2933,2cf51754-b255-4409-8a6a-0a4184559dd0,1
2934,2cf881b4-119a-4c63-be8f-d4f5a95ed76c,1
2935,2cfa5f9a-5958-42b8-a395-7bad938c92e7,1
2936,2cfb117e-a922-4006-85f5-1e3d5d144aeb,0
2937,2cfe86c6-47df-4d8b-a2ba-2916674acb2d,0
2938,2d00a131-9084-4181-8171-4047928c9ba5,1
2939,2d02d838-2c5a-4bf7-8fb6-bffc07ec62c9,1
2940,2d0782ce-c8b1-4136-a977-fe455ab08575,1
2941,2d098f99-52f7-4091-aa1f-1a9d6c591312,1
2942,2d09f0c1-13ad-4a72-ae64-13b92fe1a64d,0
2943,2d0b0a4c-0f3f-442f-ae03-254470718479,0
2944,2d0bd8cd-175a-4f0a-9477-f5fac41d7b0f,0
2945,2d0e566c-ff7e-4508-a93b-a40d17493838,0
2946,2d0f6352-2358-4821-8d67-6864f5076bbb,1
2947,2d146c32-3a52-4a18-a82c-ec2cd4216143,1
2948,2d1d1ad1-06fa-47bb-afb2-318bac735fa7,1
2949,2d21022e-47a4-4005-b988-a53500a8441a,1
2950,2d2806c3-ffe1-4166-9103-ccc2b0c0e180,1
2951,2d2a49a8-1103-49e5-8186-70fa4c727566,1
2952,2d357070-91ac-401b-b9b7-e99b8741aac9,1
2953,2d3583e0-a495-4e08-903e-0c5fdecd6c4c,0
2954,2d386a2d-fd61-4356-8ede-b54caabbf485,0
2955,2d411436-086b-4df0-8050-7ef2b2f92f66,1
2956,2d41b1aa-09c0-401b-9ac7-eac8639284ed,1
2957,2d41fb7a-de47-4319-b2be-14bb779ea26e,1
2958,2d4371c4-ac0f-4d54-8881-d579cc189054,1
2959,2d43c8a4-d8c7-4fc0-91ec-7b93e5e0d4dc,1
2960,2d4a3c1e-6d6c-4b06-b538-c1ede35ab4cc,1
2961,2d53cf59-916e-4d5f-9d37-5be38f813f16,1
2962,2d540a6d-c583-4402-9323-5c35c7322366,1
2963,2d5a9f3b-d04b-4a29-b5ce-982caa7f3a7e,0
2964,2d5e1927-0f94-4f3c-9505-dcf33ee591b6,1
2965,2d6005bf-eee1-4ef1-b2fb-6b64d2fc30c2,1
2966,2d686968-f1de-4fee-b95d-b62c6ddffc7a,1
2967,2d6fbdb8-e980-493d-9fc9-b5efe7381905,0
2968,2d701035-4781-4801-9fc0-a611514d6fe8,1
2969,2d753593-0095-4114-91b2-6a78c8120862,1
2970,2d7d6392-d4dd-4ea0-bfb8-1472336ec01f,0
2971,2d815e00-0b6c-4d81-961d-6a10861e0bff,1
2972,2d834ccd-19f3-4c3b-8929-e8486ee0de03,1
2973,2d8ba6a6-9aee-4beb-a875-4199ebe1327c,1
2974,2d8bd64c-2049-444c-87ae-6c9b1e4f719a,1
2975,2d8ec098-6c37-4875-af1d-c62ed0a0bc3f,1
2976,2d913630-12b8-4825-808a-5b440d6e3e82,1
2977,2d934792-4298-43a4-9475-76fcb2295d05,0
2978,2d961cca-8f16-45a7-bfab-28b018361892,1
2979,2d969b3e-923a-4c99-957f-8ee95663cfab,0
2980,2d989e29-3ff7-45bb-9421-53a6bf5e9c65,1
2981,2d98d818-88cf-4bad-8a14-df5805aa1cb0,1
2982,2d99f107-a5b2-477c-b9ae-41ce5f73b4a0,1
2983,2d9a293f-9e98-4342-8f19-adc6c45ebe81,1
2984,2d9e33e7-69f8-42e8-91c2-6cf7569b94f7,0
2985,2d9e7b2b-d3f2-40ee-a038-047c430911e8,1
2986,2da26c5d-91db-4152-affd-b11394d7089a,0
2987,2da57e39-fe0d-45f1-8df7-01ddf7dd1c38,0
2988,2da85e15-59d0-47f6-8fca-29f6bb7efb56,1
2989,2da8a9ba-50f8-4d71-9f66-2dde851486ff,1
2990,2daf4227-5ace-45d2-bdb6-5ea4295ed2ec,1
2991,2db1afea-4d31-42a4-a7fa-696804133261,1
2992,2db331c3-b932-44bf-a37c-2bc6525f358a,0
2993,2db60972-b333-4372-8433-8400e12761d3,1
2994,2db86367-ec72-4bd6-9b8f-218f6fe435c1,1
2995,2dbac624-243f-4b95-a894-93f703845769,0
2996,2dc28865-ce5c-40ea-831f-25d96881e968,0
2997,2dc527b7-902a-41f6-ac86-debcb412eae1,1
2998,2dc621f0-dd8e-418f-b28a-7bbad0929d21,1
2999,2dc6ef76-2b11-4b9f-a072-ba7329f1731f,1
3000,2dc76e4f-6670-44d2-a202-d766d9be937a,1
3001,2dca19ee-ed7e-4506-be08-1187004ecc08,1
3002,2dcda3cf-0ea0-45e3-86dd-d393aff365b5,1
3003,2dcee99c-2108-48af-b473-369c416aeeb0,0
3004,2dd56ee0-6084-42c2-bee4-02c4c581787a,1
3005,2dd7cb60-5604-4670-884b-f0d7a5cca07c,1
3006,2ddc3931-5632-458e-8d9a-9cc9d5acfb3e,1
3007,2ddc7d1f-7534-494f-9574-696834531cf3,1
3008,2ddca8e3-8b97-427c-a06f-82a6cfe78b92,1
3009,2ddef4fb-5868-41ae-a8ce-032481439cc3,1
3010,2de15303-8a0f-44d4-99a1-e4e228d958f4,1
3011,2de7dc9e-cd93-439d-95ba-cf3d22bd611b,0
3012,2ded44cf-210b-4efe-9e13-e73fb511774b,1
3013,2deff24b-c509-478d-bdc5-e069e8804eeb,0
3014,2df066db-d038-454a-9dac-69dca28c9808,0
3015,2df14b86-3275-4b4e-8a96-8cf3cf08b84c,1
3016,2df71eff-790d-4425-894f-8a15779b767e,1
3017,2dfbf1ae-b1ef-4d13-868c-7b300f95871e,1
3018,2dfdf6bb-6340-4386-ae39-8fefb08d7b77,0
3019,2e02557b-f5fc-48ce-b963-a1cea2b4805c,1
3020,2e02fb4d-91a7-4fbb-bc6a-e50b3f04f477,1
3021,2e0640d5-9a58-4b42-9fd9-e43e62736e03,0
3022,2e081eab-f808-4633-8ad2-b26df435e079,1
3023,2e0ce1ff-a777-482b-8429-f53eedd31631,1
3024,2e0e8640-ae6f-42a1-93e8-b590c1abc70c,1
3025,2e11b36f-851c-49c4-b963-8ff7eca6c928,1
3026,2e13b07a-e840-4685-9591-ae11b5ac0df0,1
3027,2e19da0b-aebb-4e39-b361-a8ee703370a4,0
3028,2e1e10f5-ea71-4f07-925e-eedd5d05395b,1
3029,2e210b57-23c0-4b52-ba60-fd0e12f629fc,1
3030,2e236ae7-6694-425b-bcd2-2af58ea7906c,1
3031,2e27b1da-8825-4449-a9cb-04d5ac22ef69,1
3032,2e2b7911-a22b-42a5-87f1-910c347827f6,1
3033,2e2bcc6b-f1cc-458b-a6e3-1079652fb8b8,0
3034,2e304abf-a543-46f5-a765-5fe18fc15f5c,1
3035,2e30f63a-038c-4e93-84a8-4e2c6f4db4db,1
3036,2e339951-ba98-4db6-8749-accefc440981,1
3037,2e35259f-15a1-43e0-9df7-ce54b0fab444,1
3038,2e3a65d4-a2cb-4abc-9e9a-3a94a8c01e47,0
3039,2e3dc4f8-4852-46ed-bd6b-38da05c96bc9,1
3040,2e3f9c00-8f01-4228-9b1c-fd11631ebd58,1
3041,2e408bd0-d23e-40eb-a902-9ddedafbc5b9,1
3042,2e4782ae-9a6c-4f0e-95b2-6c27d707ac54,0
3043,2e4a5bef-2cc5-4a1f-973b-f57c9ca0ef77,1
3044,2e4f0674-1aa5-4625-bd6e-76ef5ac74038,1
3045,2e50f8d0-3d1b-4a1e-9194-496d06cc7ed2,0
3046,2e56a931-88cb-4ace-9bab-65ad8cfaecae,1
3047,2e5b773b-4944-4d08-8dd1-8f0b79318a45,1
3048,2e5b909c-17e6-4aef-a2da-6763add17633,1
3049,2e5bdc31-34bb-42f4-a019-8410a379b922,0
3050,2e5d543b-6430-482f-a968-768051214fa4,0
3051,2e5e9b3c-70cc-40fe-9e12-ee7a14f2a50d,0
3052,2e644411-c0e4-4b76-b562-2687405b67a0,0
3053,2e645257-55d1-4534-9a60-2b85257d6674,1
3054,2e699477-5634-4352-9dc4-b22225a8158d,0
3055,2e6d1eb9-205c-4255-9fd7-2100ba80f9ca,0
3056,2e6e4fe8-46b5-4075-8d10-7afb4f1ff9ab,1
3057,2e6e7f0a-f769-4b52-892b-0395fb645318,1
3058,2e6ee010-07cd-4954-a882-31587ee34b5b,1
3059,2e722922-3bed-4ff3-9623-d46d19ec7833,0
3060,2e74266b-251d-42c8-b672-5a348f6f4570,0
3061,2e75943c-5abc-4434-b16c-d265a01a01ff,1
3062,2e783e80-87f3-4867-9567-b0bed355527b,1
3063,2e7bab2b-732e-4bb7-b48f-a46cfdb28923,0
3064,2e82af79-2f4b-4611-a15e-09caf7dcd45a,1
3065,2e86ee4a-1bde-48ae-b346-d5c0624e1e6a,1
3066,2e87c1cd-e733-49d7-922a-d674cb8bcfae,1
3067,2e8afc81-4f9d-4807-9d00-f269039e2fb5,1
3068,2e8cb6d8-c084-4e16-b581-c21f533c40b9,1
3069,2e90a0e4-020d-461a-a80f-b06cca7eae2a,1
3070,2e91ddad-cf99-41aa-9a4d-78a2a66d0d43,1
3071,2e930962-2afb-4616-8fdd-66b02b9b8198,0
3072,2ea1e564-a4d8-4f21-b7cd-f2c902040eab,1
3073,2ea49c77-2ead-48d0-a2c1-9da820bf044e,0
3074,2ea546a5-a3ce-454e-a285-a464a48a8bb9,1
3075,2ea99d19-b7b1-49a0-ad35-102bd4eea67f,1
3076,2eabd253-e9bc-4ad7-9ca9-910979391908,1
3077,2eae8729-0df8-42ce-ba5d-6168a71ec567,1
3078,2eaf12ab-a9f2-4d70-bd8e-821b158b8487,0
3079,2eb0f750-72df-4279-b827-c5a1f223ef3d,1
3080,2eb3ea8a-ae96-41b1-b444-b436ae0d140a,0
3081,2eb83a39-e058-47a2-86d1-076f21a2e2ac,1
3082,2eb8ca2d-9e43-4f3e-a770-9571342a1f55,1
3083,2eb90903-c07d-4532-97e1-f32b41d4910f,1
3084,2ebce0e6-da4a-4947-806e-007b15668d59,1
3085,2ebd66bd-79d3-444b-b7f9-c0c49e7b91b1,0
3086,2ebf4a26-2833-4398-9120-1789135eaa0b,1
3087,2ebfc8ce-9fbc-4c76-9d87-06e6669045cc,0
3088,2ec14b54-d3cd-4fac-92f0-d2b0a50098e0,1
3089,2ec4d1c9-bae4-458a-9b0f-c800cf8cb68f,0
3090,2ec88d88-97fa-4aad-997f-5db9cf966571,0
3091,2ecc0e08-391a-4200-a44d-2cfd145d146a,0
3092,2ed2742c-1c0c-48b3-ab0d-75a7536cbde2,1
3093,2ed6f047-25f7-4217-8dd7-a8b8f8407b85,0
3094,2edb1bcf-6e20-4d18-b0d1-869cd1aa4f1d,1
3095,2edf4dc2-ea6c-4261-95bf-245e344c9c63,0
3096,2ee6aad7-3f6d-4359-93d5-2088a135b9a4,1
3097,2ef169c6-5825-42b0-a84d-c16f9d200c7c,0
3098,2efec204-0922-49a7-898a-2426b7b0527a,0
3099,2effa85d-1bb8-4b93-9151-7037ba3df6b2,1
3100,2f0122b5-f533-49eb-a602-d47b4807f939,1
3101,2f01931a-5ad7-4731-be9b-94c13f017f35,1
3102,2f023422-d267-4162-ba73-b2ee29de6c9e,1
3103,2f0296ad-df8a-41cc-906a-b12e03c25638,1
3104,2f04600d-d1ce-4901-be89-21045155a32c,1
3105,2f046028-014a-4fe8-ba12-9c4f035cbbfc,1
3106,2f053ccc-78ed-41e4-b942-1dba88229308,1
3107,2f070de4-fc8f-479f-a15e-b88cbbf9dba8,1
3108,2f0a8038-2612-4a61-b914-9134161f2b7a,1
3109,2f0b94e4-e2cb-4205-bb69-fb7e098f86cc,1
3110,2f0be3d5-034a-478b-913b-0eb1ac8b4adc,1
3111,2f11c819-a617-4ff2-800d-ef71200ad80f,1
3112,2f1c8819-6019-41f0-96b2-0f869718ff3b,1
3113,2f1f4bc8-0d79-4051-afad-99446e849f01,1
3114,2f2cc4a6-c2ee-4908-b5e6-52774e3bac67,1
3115,2f2dbe2d-2960-470c-a47f-5c58daa9bb70,1
3116,2f2dc2d0-f83c-48ee-99d2-6fa9d9fd5a80,1
3117,2f318f65-c324-4253-9af8-08ba7de59d4a,1
3118,2f394510-3a86-408d-a033-32ac1fd0be4b,1
3119,2f396d00-6223-4d37-ba98-b714d85db7c4,1
3120,2f3baa1f-d061-4e57-a060-5098972bf7a3,1
3121,2f3d3f33-4c7d-447a-a676-ba1f1129c3f7,1
3122,2f415c9d-f5eb-47e3-b23d-da19bd9eaf8f,1
3123,2f50d0f7-13ad-48e4-a4c7-798b803ba0d0,1
3124,2f550255-7075-42de-9aaa-6d536407ef75,1
3125,2f569064-4e07-4d84-a865-b1e17ff5fa05,1
3126,2f5c7745-e563-4077-bd3b-17db8a7df045,1
3127,2f5d4a97-7ebc-48a0-abff-cdc31f35e76a,1
3128,2f6025c3-cfb3-416e-8b00-e9a673d783d6,1
3129,2f62e1bc-0e39-411c-9307-ba16582af416,1
3130,2f6e36a6-2ebe-4ce3-a451-2cf815a249f5,1
3131,2f7038ce-8989-4b42-a345-3176fb9bd587,1
3132,2f728d52-3ef4-477f-9c78-7e99b36c2f27,0
3133,2f74230a-7f90-4423-8096-6982d8a7d213,1
3134,2f7432bf-7ec6-41a5-b512-f4bd3d8ee4ca,1
3135,2f77f591-82f7-4e51-aa26-65e2ca3e32a7,1
3136,2f78e467-02c4-4fbf-b51f-5ea72072b93d,1
3137,2f79123d-e05b-469f-b875-d0f28dec7162,1
3138,2f82b7cf-f152-404c-80cc-f2d34ac2fa2f,1
3139,2f83b6bb-b04d-4024-a2eb-c26f75235468,1
3140,2f83dd29-f7a7-4352-bef5-09f59f0a1cac,1
3141,2f854045-12ac-46c2-adb0-da08b7cafe38,1
3142,2f8e88b3-82ee-488a-8f6c-93c779556023,0
3143,2f8f8f61-71f3-417f-99ef-f160d48c90a0,1
3144,2f915bef-a5b5-47b6-8d24-3c2bb4bd40aa,1
3145,2f927392-d436-4321-8008-452c5b3d8036,0
3146,2f93db76-3340-4401-881c-2308c59e3b20,1
3147,2f93f041-7e33-4832-a870-0976f3c935fc,1
3148,2f98a95f-7654-4f3f-b7bf-c9f1580153c7,1
3149,2f9ba0e0-5059-4979-9366-d6cca1d8d58c,1
3150,2fa78bf3-3e7b-4007-aa9e-1c2cea67889d,1
3151,2fa87ed9-049b-4a4b-a0e8-5e9ccfb56842,1
3152,2faec763-db21-427c-8608-61976f92384d,1
3153,2faecbd2-a339-44d4-a221-a1775da2f842,1
3154,2fb148e4-a999-4c49-9a4a-d3ef293b4630,1
3155,2fb4fcc9-6d2a-4713-b76b-e8af6f9b5888,1
3156,2fb5cf2b-31a3-458c-b366-87d592190d8d,1
3157,2fbf0c0d-04a7-47b5-8b17-3fa5e9a7e8ba,0
3158,2fc1fb80-f799-49cb-8904-a8dde17896f9,1
3159,2fc2895f-b1bc-4ef2-b15e-92b1b475f62e,0
3160,2fc5eb4e-0b59-48ad-a505-1b0b826cfac2,0
3161,2fc93553-af0f-45e2-8a15-52e8d8040900,1
3162,2fcb652a-f8fb-44cd-9a57-af6331a9824b,1
3163,2fcfb4cf-70c7-4c4a-b301-648bd8150a7b,0
3164,2fdd5bbb-76c7-4fef-bf16-f2ffe12709d1,0
3165,2fe08ef8-6824-487e-81c8-e177dfc2ccfc,0
3166,2fe2de6f-d0b0-4f9d-a04d-78baf73bd450,1
3167,2fe313cf-db06-41d1-aad7-f88bb604870f,1
3168,2fe86840-ce8e-49b1-83fd-1a781a1892e6,1
3169,2fe8fe71-ed12-4c5b-a946-03ee0dac1d8e,0
3170,2feaa269-6083-4efb-9bf9-a44f1837f518,0
3171,2ff0589a-37ed-4710-bea5-d5bf17f25411,1
3172,2ff365e0-9701-4bd6-a042-aef47ffc5a74,1
3173,2ff98d96-ec26-4638-81ed-3b24e3e941c1,1
3174,2ffc7d19-bd62-4650-be5f-2d3c76222939,1
3175,2ffe50f9-e3a2-4bca-8c87-e77007074396,1
3176,2fff6ad2-c2f0-41c8-bc71-93db890837a0,1
3177,30014d37-da01-4cfb-9d7f-e893d2c80c83,1
3178,3001dfe8-4754-4422-a559-96d6869f8d51,1
3179,3003dc8f-9a29-4a00-8ed0-32df0a5d4d08,1
3180,30047c2f-3990-474a-ad1d-bd80fcc2c254,1
3181,3004c08b-54c2-422f-b65b-5d0f3910d8b2,1
3182,30098b07-b791-4739-8587-a8be6cae6483,1
3183,300d2550-bad9-4e8b-9546-dfec2ddac910,1
3184,30117fad-b861-492e-adf1-40e2527ae406,1
3185,3012816d-74bb-4843-b47c-7ab80c1aec49,1
3186,30146d2a-1458-4105-8cbf-12c63cf5e426,0
3187,3014d218-8a72-4b28-b045-1dffa131806c,1
3188,3016c458-74a1-4891-ac34-6630056e38c6,1
3189,3019668a-d04d-4b49-b1c2-a852d8744b38,1
3190,3019d355-a54c-4e54-8477-f58d1cff4fa9,1
3191,302570be-b1d1-480c-8f64-ba2118d2be73,0
3192,302e54b4-e29c-484c-962d-32bf34f61d20,1
3193,30335c7d-9cbf-4a95-af4f-a1adeafb66a8,1
3194,3033f50a-6558-4f5d-a044-2cbf5e65b32b,1
3195,303920ec-2342-4f9a-b3ba-e9b81433a526,1
3196,303b1491-5e72-45e8-a675-f76e38d906e9,1
3197,303ead2e-c9f7-4a64-9461-00cb1434e492,0
3198,3040036d-e419-4c40-b984-fee8e900ad1f,1
3199,3041d48c-7f52-455f-b12c-6c3c2baed819,0
3200,30445c94-280e-4a54-8150-1d4a7803b190,1
3201,304478b3-80db-4f79-aa7b-1059f5ce4177,1
3202,30458d1a-c17a-4c53-afc1-ef1ec1273dc8,1
3203,30464329-d6dd-47f7-ae15-cabb06daeb01,1
3204,30478dd7-8335-4f10-8b70-e925e2ac624c,1
3205,3049a796-48ed-4a0d-ac07-a96842d0a08f,0
3206,304badfd-01a7-46ee-b863-c41dc449cb1a,1
3207,304c9906-d092-4ead-a567-f91210a37910,1
3208,304d332c-e2f1-4a9f-9ed9-b998a0392e80,1
3209,304d9d64-ac38-4193-9324-731a15ad8d44,1
3210,3050d65e-ef34-4e42-bd1b-dde3016add7a,0
3211,30532be4-54b6-467d-a014-7d090ae62bdd,1
3212,305aac56-2967-4c73-81c5-6cd957fdf47a,1
3213,305aaf9a-a246-40f0-b044-9d16451b4984,1
3214,305cf983-93f7-4699-8457-90c74c2451d2,1
3215,3060cd42-6ea9-4b01-b05f-f3f19f846852,1
3216,3064d509-f40f-46a2-a024-b7b44fe2f2d3,1
3217,3065b260-7b39-4a4a-b39e-46b0991261f5,0
3218,30660316-a27e-4cbf-85eb-9335e8bb3b15,0
3219,306f9fae-b27f-4e00-9a20-cbae3aaf39aa,1
3220,30760218-d30d-43b3-b42a-e9c57dc44eed,0
3221,307b71de-0668-454b-a93c-95379bd1602f,1
3222,307b9c6f-0715-4fd3-b296-34d9b18bd1ad,0
3223,307ccee5-8a0a-4f60-8d2d-69a3ed254e88,1
3224,3081886d-5c18-44c3-87ed-f3360142656f,0
3225,3083367e-0964-494c-9227-5de2bbe8c95f,1
3226,3083c887-b911-4f47-a0a0-cdd6a89cbf4e,1
3227,3084e345-13df-4c0d-8922-fe6edf8e7c00,0
3228,3085515f-1f81-4302-9784-ffd43f7fc24a,1
3229,3085f0e2-0017-49fa-98f4-8049371d8b9a,1
3230,30867b42-6aa6-4a28-a812-1214eb57db01,1
3231,308905c8-264f-431d-b44a-5d28df6d0722,1
3232,308f2b4a-46b3-49d0-8452-1d7a7ae9a989,1
3233,30968682-c782-435e-ab6d-b3ac06a6e887,1
3234,30993a35-4c03-44c0-9c56-b4cfda3299d4,1
3235,30a0af47-6e7b-4e1c-892d-779c610703fb,0
3236,30a5594c-ddc3-467e-a4b2-9f9d35217984,1
3237,30a7c74b-cd63-43cb-b97f-ebca392e70cd,1
3238,30b01ba2-9ca0-4f53-90ae-a7f6e1ca3e73,0
3239,30b1c583-b5d8-46d9-b25b-d9c0e4834f30,1
3240,30baf1ac-76d7-49c3-9eb2-dfbf5dc208f6,1
3241,30c021ed-2d11-4496-bfb6-18844b1e0513,0
3242,30c128e4-5e59-447c-9851-3606a8570405,1
3243,30c34334-750e-4af1-bd58-a46a5c27f839,1
3244,30c3d9ef-6795-4f24-8c05-704a44efa795,0
3245,30c8f4e5-a335-4781-bff8-93c5269a1215,0
3246,30d09d4a-1725-4d56-ad91-65481fc4832d,0
3247,30d22b91-53fa-4ec7-94c3-b2c905fac43a,1
3248,30d80b4c-b1c6-4a0d-acb4-54703d75579c,1
3249,30dbe1c5-0568-407f-ae22-a0490207cdc2,1
3250,30e0802f-f273-4bcf-8ec2-117a4255d039,0
3251,30e1a072-0857-40e4-9417-e4b2f3c8eea2,1
3252,30e312bd-ba15-4d10-b15d-229c75350393,0
3253,30e4c5c6-35ff-4ce1-9cf2-8f7351623352,1
3254,30e538a9-919f-4a23-a87d-b2fa314a057f,1
3255,30e8a7cc-2e64-485a-92cc-ed1069928f3d,1
3256,30eacaaf-0980-4f9b-b2b0-d5aba8c7c5e1,1
3257,30ecd824-073d-4b03-ab57-1792a6c991b5,1
3258,30f195ff-7109-44a0-9653-5983e327bcb5,0
3259,30f78e2b-220d-4a9c-9f0f-ffbb2c6f7433,1
3260,30f82135-136e-4877-a6dd-69c26724548a,1
3261,30fa35ea-bdd0-4c72-92b5-f0f036d52025,1
3262,30fb5a6e-eb82-40a6-8bb8-57d25170b506,1
3263,30feb7b0-6106-41bb-8944-91289c37cf6c,1
3264,30feda70-8dc0-4ef9-a5fc-ebd1cf95b919,1
3265,31087b7b-88d8-4ab2-96f1-23368bc670dc,0
3266,3109253c-322f-4c42-aa17-537aeba72bcd,1
3267,31097538-3e91-469e-9486-eba2269ee5fe,1
3268,310dbe69-d8dc-4c77-a49f-70d6773e5379,1
3269,31105855-aab6-4d30-90e3-f106fa754f60,1
3270,3110c770-3b67-468f-8f20-57e393878148,0
3271,311119cc-78bb-413e-a8e6-92a5f3925cbe,0
3272,31201302-3bc7-496f-bec2-7e825cd71a27,1
3273,3122544d-74a8-45ba-b2e4-bb894f0bd37c,1
3274,31260eaf-f992-4ae7-8a20-6930e78bbc81,1
3275,31275681-b3c2-4a69-be6c-206cb402db70,1
3276,312c921c-d209-4e2c-806a-8b3be463a0d9,1
3277,312ce7fe-9598-45c9-a8c6-3e5a56448003,0
3278,31327bed-37d7-4c08-9648-56d6d3a0586a,1
3279,3133eb6f-c53b-4e1c-8e05-60ef5b166d6c,1
3280,31351786-b664-4e51-af18-7c28fa24cfbc,0
3281,313b6870-aa23-4cb5-9cbe-e2cd1b67e6f7,1
3282,31451319-eb74-4aae-bf46-2bb838972510,1
3283,3145af19-ecbd-419d-8dee-05f5093e3a9e,1
3284,314645d7-8939-40b6-b6d4-f991a2ab2c18,1
3285,31486573-509b-4d7e-a9f3-5678d726f91d,1
3286,3156742e-706e-4ca3-8483-97dfde91c4d1,0
3287,31572739-c01a-4f92-adc1-33d908cb3234,1
3288,315bb6ed-6fe0-4349-ba96-73afcaa99d01,1
3289,315f3b36-9ca7-44de-b95e-a9710b5d7c62,1
3290,31619f54-ca66-4490-9af9-713f3304d040,0
3291,3162f36b-9e99-49a6-ad5b-5321716bbb5b,0
3292,3164f6fc-66e1-4f48-8431-d30437fa5ed7,1
3293,316916e3-b0b1-4894-b170-34950e336075,0
3294,3169c631-694d-4fe8-85f2-4df23e8f1500,1
3295,316f8781-0e84-4362-9a97-f2c7d917a8a0,0
3296,31704c0d-e53e-45b3-be06-a96655d631d2,1
3297,3170cf2f-e197-4a81-a045-acfbcc394f10,1
3298,3173ce72-c6ec-4725-b4e0-2283fdec175d,0
3299,3177af77-1c0a-416e-8bed-10e51c982245,1
3300,317b4b50-61c5-4fa3-92bc-460cb0c708b6,1
3301,317e4628-1791-44d2-a965-6fedf836a11c,1
3302,318064bd-5e59-4e82-a843-e037964b9ffd,1
3303,318de3e5-1a96-43a6-8f4f-3e140450b668,1
3304,31934578-b95b-4a1d-a9d8-f332584e22ec,1
3305,31a1d095-7895-44ca-b7e3-1de772e9da98,0
3306,31a468ad-c46a-4c04-a2d1-792eb516050d,0
3307,31a56c56-fd2b-4df0-8614-aed9039e55c5,1
3308,31a8112c-6d74-4c83-ac28-697c4ab29a66,1
3309,31aa08ea-5251-4fd1-bc66-9b6ffd690ee1,1
3310,31ab2188-1770-41f7-a6b3-aebb1cbafc60,1
3311,31b13f58-ddc5-4f67-b6b1-7702aec13dc1,0
3312,31b14666-ed25-49e0-8cfe-74e729506ee4,0
3313,31b5b221-6c2e-4f48-adff-834846890f0e,0
3314,31b656e8-8782-448f-9fde-0bad475bdbf5,0
3315,31b89610-73e5-4b1b-a8a6-b9e27bc18db4,1
3316,31c0a059-6fb8-4e18-bd67-de858f182d0a,1
3317,31c2097a-2b6f-4109-b419-f811b4d3920d,1
3318,31c267a2-7db4-44e2-adff-e9f72659c664,1
3319,31c2daed-995d-4aa0-848e-88db279da70a,1
3320,31c76fe4-5030-4f36-b3d5-9c4dd46b943b,1
3321,31c80788-cd2a-4610-8e32-11f7a32bf5ff,0
3322,31cc51a7-665f-43da-8ce9-3a01c32b1268,1
3323,31cc6af6-e641-4a8e-b33b-8a253e17b36d,1
3324,31d3a722-99ca-44a3-bff9-f133adadc1a4,1
3325,31d514dc-4fe6-413b-968e-baa527d0cb1f,0
3326,31dc8e24-cafb-4aa4-b61b-b8d74282a318,1
3327,31de68dd-381b-4041-bfb3-570f62cf7ccb,1
3328,31e1e0ae-cf6e-4d1d-ac81-6a4c8fdb988e,0
3329,31e8dd25-5da6-4455-afad-ef8eb52bedca,0
3330,31eac18a-fd69-4a6a-8c74-3f92817ef03e,1
3331,31ecebcd-f465-4204-a757-96cee663cf89,1
3332,31f0d5ca-4b04-4502-9726-76875e55d962,1
3333,31fe4a24-29a3-444d-a40b-6ae9678e7484,1
3334,32020ebd-8635-4c32-98c2-fd419413c935,1
3335,320875c1-5e58-404b-b820-6b2426aa04cc,1
3336,320e26ca-c80c-415d-8aab-e884ea0e55c8,1
3337,320f7bd5-a5dc-47ad-a810-19cc59e7bf1d,1
3338,321a61ab-fc04-4bdd-befb-d1ebf8771f22,1
3339,321b4ca6-a68a-4912-bd37-703e2d96f9cf,1
3340,321b5a88-cb53-452d-9740-04be1f2d7532,1
3341,321e3ddc-0f50-4109-aab0-b14ad80d3711,1
3342,321e6f3c-4e12-4244-a772-33df2c0c8951,1
3343,3223944d-a452-4ffb-8b9f-0c72ded4f9f3,0
3344,322c825d-a177-48c1-b090-623af9734834,1
3345,322df506-45e6-4895-904e-a52255e25a97,1
3346,322e2061-f4b1-485b-9f2f-3a6d722a5035,1
3347,32324f70-e18f-49f1-b04d-772296d3d9f4,1
3348,32347e41-e1dc-4180-989c-b6492d2a0ca3,1
3349,323b9557-9c9c-4ad0-b7ed-e12e43c41611,1
3350,32409716-802c-4c2f-895c-04727e97d8d0,1
3351,3251c5ae-c0c4-4524-aa09-b26f41bd454f,1
3352,325933ed-c717-43b9-aff8-c0171a1a0543,1
3353,325d0c90-4185-42a9-89b0-5ee4d4a966cd,1
3354,3260e675-d967-4448-bdfe-0d0299c7f78b,1
3355,326447f5-cb9c-43b6-9861-5b5d6a652421,0
3356,326756df-cd33-4581-9ece-98dde82fef4a,1
3357,326917bb-65c9-444a-ae06-fa67982f537a,1
3358,326aa469-c1bd-456f-af3e-d4bbf4918a17,0
3359,326cd23d-92c1-4fee-8d42-af5656b95041,1
3360,32707d1f-c9eb-4e65-8e82-40ad3fc4082e,1
3361,32727660-f1ff-46f7-9296-91f68f2faffa,1
3362,32768b70-f48e-41b8-8e0d-d2b0be50cc8e,1
3363,32794d51-fe20-4499-bbf5-d3474ee5a720,1
3364,32822621-b2b0-4ae7-9f38-d1e693ff04ee,0
3365,328d4858-5a11-4a90-9448-bd8f761f67ee,1
3366,32910376-9d3c-4bd5-871a-213621a25527,1
3367,32978848-bfcc-41c2-b996-818cdf9ba149,1
3368,32998b55-a417-4a5c-a983-7217ef3c4d83,1
3369,32999522-43cd-4ee6-8764-0cd71bf67022,1
3370,329a8f58-90f7-4c1a-9c7e-5d647a30aa7c,1
3371,329fe1b8-9d26-40b3-b7e8-ad8c93d9fe64,1
3372,32a509ee-0526-4353-9d11-eb34b54381ad,1
3373,32ae24ff-0fc5-4691-a533-56b005c76245,1
3374,32b3285f-8358-4f0b-abb5-ead9db4bbbb5,1
3375,32b54372-fa3c-4684-9416-1872d65f5f06,1
3376,32bac797-d442-410e-b028-3f54bd2f3a0a,1
3377,32bde382-5f04-4493-9f22-39f57b632832,0
3378,32c6e116-5aea-49d6-a815-07cb1115ac94,1
3379,32c702f0-365f-47a3-bf31-2a9847c09fc9,0
3380,32ce0044-21ec-409e-830b-b7a1cf841b46,1
3381,32ce957d-e09e-43ad-854d-e995e5cbcf9e,1
3382,32d0ba16-6b9f-4884-9f7d-53aec952a883,1
3383,32d1d4c7-ec86-4008-9c9b-ca55b4649c9d,0
3384,32d3a5a9-d17f-4b02-acee-5610434d5dfa,1
3385,32d4a66e-b166-43cf-b2ca-ebc824dbd5c8,0
3386,32d72919-406a-4c49-bbf5-f10b8a7cfa73,1
3387,32de1a52-d668-40fd-8395-7ca0766b457d,1
3388,32e16691-4f13-450d-8da8-1222c2bc4e19,1
3389,32e31314-e7d5-40ec-bddf-bb67c8895b74,1
3390,32e3ffd5-4b2e-4e42-a064-0c7d62dc17ef,1
3391,32f13631-34ef-4586-ab13-33a07ecbe346,0
3392,32f32b0b-3f5b-4a6c-af98-00df0e4ad48d,1
3393,32f3ec05-c50f-4682-8233-a4bd34121250,0
3394,32f9833a-156e-495d-9797-6968c562c05c,1
3395,32fbcd72-d368-4586-8b8f-81bdc5a39817,1
3396,3303da16-775a-4e33-a4ac-fb4936542f11,0
3397,3304a1f3-4bbe-4318-b649-95cd7ab161d1,1
3398,3306cd64-fa2d-4ab7-9951-2946ff27ed16,1
3399,3307290a-9c28-4ad1-928a-19a33c3c8273,1
3400,3309615a-d75a-4928-9e54-ba9020ae84a8,1
3401,330a6ead-08a7-4d5c-9634-8e24e121449c,1
3402,330ccf87-5ecc-4d73-aa69-3a970d276b89,1
3403,330d6d7b-9d7b-44f8-b532-cd60303ef56a,1
3404,3311b524-16c1-44e0-b04c-cccc9ece4fa9,1
3405,33139490-0595-4d5c-9771-0cc742919799,1
3406,331b7b1c-8795-4cb5-b75f-ebf6810ed2f3,1
3407,33211948-16db-4a50-97af-30a82e8a7128,1
3408,3322f601-16e8-4e4f-a33f-f735e5a20d54,1
3409,332bbc41-cce7-40ff-9c4d-de78129808ea,1
3410,332c6013-8411-41ee-b768-6a824c263bb9,1
3411,33341548-d424-48ec-9a48-b919fc460237,0
3412,33356491-3ade-42a9-927c-1db2a11e6711,0
3413,33370f11-3930-49b5-8554-1b7fe1fa589f,1
3414,333840dc-5d47-433e-adb1-dd94d45e4296,1
3415,333d014e-ff3f-4ade-9d24-30d53742c171,0
3416,33423dd0-fa72-447b-ad0d-a3d663511a41,1
3417,33424d0e-aa4a-4850-af46-0e87c7cdecac,0
3418,3342e71e-5681-4668-90e7-2ac92d3caa9e,1
3419,33430797-6459-4f75-aa69-1f99dfe4e1e6,1
3420,3344cdc6-4df5-4793-aea5-1054ce734258,1
3421,33473520-e237-4432-ada6-df3882c4b432,1
3422,334c9cf0-39c7-4096-adda-66b3bcee9168,1
3423,335526fe-5613-4781-bc2f-3c97475bc9da,0
3424,3358555f-12cb-4a4b-aa06-9507f62f6daf,1
3425,335b26fa-bf96-4a2c-92e0-a260c8f30e09,1
3426,335bf9ae-2529-4184-85c1-be6d577276ab,1
3427,335dbc71-4e4a-47bd-ab28-eb137f8da914,0
3428,335ddff3-b5aa-4477-95f8-2f4e2af39ff8,0
3429,3363fae4-c27a-482b-9cb5-bfd5aa21ca72,1
3430,33731dd0-239a-4dc8-99c4-e0e2372f4f85,1
3431,3379de28-5402-417a-87af-7373d38c73db,1
3432,337ba8b1-60c0-4232-86a6-ca7d275e7da6,1
3433,3389ec06-d9dc-4fbc-ae68-4c5f1da31ba6,0
3434,338b40a2-98b7-4142-a8ad-f27430cbe93b,0
3435,338e14b8-c4c0-4055-9df4-cb208a8420a7,0
3436,33908aca-eadf-4174-afba-5bbfb0a4c4e8,1
3437,33924d8e-aab7-4efa-b5ec-53068b523671,0
3438,33966a55-8bc9-402a-b318-015529b1b107,0
3439,3396f1cd-9ab6-455f-9b67-ba7208fa0236,0
3440,33995cb8-3c4a-45fe-80fd-1479028467a8,1
3441,339d1b28-3822-48a7-a76f-6f618543ebd8,1
3442,339de42e-072d-4a1f-acf2-ea41c50f3345,1
3443,33a0f27d-926e-4e67-bc5b-43035ee68c27,1
3444,33a9a536-6a10-4400-b60a-4a4ecfc485ae,0
3445,33ad5cc9-de09-4732-960f-65dd856bf97d,1
3446,33aea9f6-3d41-4e73-b401-3993d5f42c0e,0
3447,33b43e11-04f9-4a31-b461-c1c276b5e085,0
3448,33b5c998-66d7-4ed4-a57c-645978985c8b,0
3449,33b816dc-ab0f-471e-9b26-b40fd29772de,0
3450,33b8e003-f00d-4fff-b6d1-9d0dd0b3ff60,1
3451,33bdb3bf-d15b-467c-81f4-66d3b5df8ddc,1
3452,33c52b9f-69c6-42de-b875-bdeaa911e555,1
3453,33c54e0e-9dc0-478a-b36e-731024c40541,1
3454,33cb2101-44d0-49e8-b76c-f1c9f8def817,0
3455,33d54e66-08bb-4445-96fa-ed1d394e473d,1
3456,33de6b9e-341f-4023-9834-82317eef655a,0
3457,33df40ec-c9e6-48a8-8364-406fb42991d1,0
3458,33e0e22a-c503-4522-ae77-d34ae3f6e81f,1
3459,33e79dde-ecb9-4f9c-8c74-f504ec7e8dae,1
3460,33ea528e-35f1-43e8-9e16-2e214f1a6a62,1
3461,33eaa09c-0bb2-4759-9385-4334bfe2eaf5,1
3462,33ed0203-075c-412f-a545-7ecdc4f1bb4b,1
3463,33eed3d6-9e5b-4848-9410-868f227bf560,1
3464,33f4a147-f3e8-42fb-9684-188a7b67929a,0
3465,33f70f33-bd04-42a3-aaf3-3b4d90565866,0
3466,33fb1af2-b562-4bf4-abf6-bd2689567000,1
3467,33ff19ed-2969-4146-b031-e0c8cacdfb31,1
3468,3401c3fe-5d43-4a03-b0eb-3e3053421a0b,1
3469,34089a4e-d23f-4364-8992-122f2b77825c,1
3470,340b818e-bcf3-4558-8864-19354e1394ae,1
3471,340c4396-530d-41d3-b873-6927b4034e6e,0
3472,34101c97-0772-4fa7-8120-ef0336a66a45,1
3473,3413ab01-4148-485f-96dc-fe941c6dc95b,1
3474,3420bf19-e2c3-4f98-aacc-561ccccf0431,1
3475,34213dce-9f57-4750-b67c-d665014f17d0,0
3476,3424532f-c055-4115-951a-96fec126b9b5,0
3477,3426a518-6112-4c36-a1b0-78d5d3f2bbb4,1
3478,342f45a6-9360-444b-9522-47029d50d214,1
3479,343084d0-cd1e-4561-ab64-bdf2379bdfbd,1
3480,34365576-ce30-4119-820c-eafb8c67633f,1
3481,3438c5d1-3d3b-4ea3-9356-c798e8ef1b42,0
3482,343d02f0-d1d0-43cc-8a71-839f6add229e,0
3483,344054e7-e6ec-4590-9672-bce405c790c8,1
3484,34454ad5-bc6b-447a-bec8-c5b17e4d2c10,1
3485,34486529-cd5d-427c-a3e6-3fbe3ccdbbb2,0
3486,344cee6e-163b-4fcc-ad9e-a7007cd58ce1,1
3487,3451db28-5968-48c8-a0d3-fda1bddbe0b6,1
3488,34551090-c84f-4e15-ac61-c42b6eeb2154,0
3489,3455b824-b8b9-4cb8-afcc-a0617506b4eb,0
3490,34592e2e-1471-44f4-8f69-cb0d8b117485,1
3491,3459372b-01d1-47d8-98a3-49a2732ae59d,1
3492,34596726-30d6-43ed-ac38-6dac222e0065,1
3493,3459993e-a64f-433b-b45f-0b177123eff8,1
3494,345aa208-7204-44a2-bd7e-109ef02612bb,1
3495,345ba953-87e8-46a5-b32b-6602e9b7c165,0
3496,345e1b08-88db-4be3-858d-1be8e066db4a,0
3497,34654d83-1196-4ae1-bc3c-e1a1ad1c95f8,1
3498,346555b8-595f-4e16-b44f-270b966a5ecf,1
3499,3466bbb5-8a2d-4da3-98b9-00f14606b8ae,0
3500,3466dd85-9ee7-4a60-886e-ecaf69d47790,1
3501,3468b309-8dde-4c2a-b1b9-b7699b535e14,1
3502,3473348b-8a85-458e-a73d-cb2fc8402f70,1
3503,347788c7-4dc9-4119-8d82-67c326d0833e,1
3504,34789b2d-eb62-40e6-bbdd-82f76002dba5,1
3505,347aa6df-5578-47da-bf1a-f9cc135e46f0,1
3506,347ab40f-e283-4515-a3fb-648533dc5936,0
3507,347f5c33-6032-4625-9326-393334066d96,1
3508,34831118-3aaa-4abe-b231-8caf9398dc9f,1
3509,3484c856-5071-4bba-8314-0c3994e99e3f,1
3510,34878dd4-23cc-4988-a454-19ef760ae5f9,1
3511,3489c1d6-1054-4209-bd4f-063c3e2b6701,1
3512,348be7ee-9e0c-400c-ad82-1741ca5a480a,1
3513,348cd4b8-3198-449e-9990-83d0caf59d20,0
3514,348d61e6-fa86-4331-9cc9-5bfbd5031d38,1
3515,349dd102-302f-43d1-9243-cdc7dfe987e9,1
3516,34a11c54-b05f-4ea1-9a29-dfb67f3632c7,1
3517,34a2d6a9-487e-4066-924f-c5a932b2f9d3,1
3518,34a2d716-6625-421c-a8d4-c100cb1d64d5,0
3519,34a46db9-7a62-4ab0-b78f-e55063fc8ad1,1
3520,34b05c9d-f0a7-4d34-a229-2abc7e0b4aa9,1
3521,34b1e987-44a4-4d55-a457-26a08e68d387,1
3522,34bbf288-0694-46b6-8531-a6a454cce3e1,1
3523,34bd5b21-9be9-4d05-a996-d2e303347865,1
3524,34c40857-9353-45e0-8272-a0476c7593ff,1
3525,34ca16a9-51cf-4aa3-bb62-be47ab4e4b82,1
3526,34cc3787-208d-4aca-affa-4bc4716aba5d,1
3527,34cc4297-acb9-43a8-939a-9f7c24ef97c8,0
3528,34d484f5-1d59-44ff-ab40-b61db61a25a8,0
3529,34d7d40f-a3f5-41d9-a6d1-198fe813322b,1
3530,34d9e2d8-2738-4764-b667-d9d00c96f880,1
3531,34db357f-2907-4a67-9757-d1ae80e9f6a4,1
3532,34db9614-dac6-49d2-82d0-fbffd269c3ea,1
3533,34ddbc30-c89a-4398-aaf8-917fe95e46c6,1
3534,34de5d18-ef11-46a1-a600-10344a1ad958,1
3535,34dff745-dc01-4419-9e9c-e68d42fe5171,1
3536,34e36491-2f45-49ce-9738-b89832b782e0,1
3537,34e912d4-7d63-46df-aff2-6d91aed07667,1
3538,34ee6fbe-d7ca-4a66-a0dc-c9aac3329920,1
3539,34f199ce-c58a-4030-bc9f-8ae61ae2bc7f,1
3540,34f54996-62b0-418e-b542-162cd821f5c6,0
3541,34f67cc6-1fc7-4960-9534-0e3aabf5b3a3,1
3542,34f6ac9d-9fff-4f89-b8de-100f03d4a34d,0
3543,34f738c6-3b60-47d7-8d11-78daed9506c8,1
3544,34f8e3a8-634a-4b5c-86bd-0325d7b47092,0
3545,34fa3b61-99b0-4330-a358-49a74f9bae66,1
3546,34fca3d5-e268-4849-aa94-d99367cf3536,1
3547,350087bf-aff8-40f1-8cbd-d930015aa1ef,1
3548,3500b9f1-b1ca-4b42-bf11-02e12a1a4458,1
3549,35069a99-52da-4f7d-a3f2-1ce3516479df,1
3550,35122055-31b7-40c4-867e-8b4a89232983,1
3551,3517bb22-3615-4200-ad62-afd53fad1553,1
3552,3518203d-9775-46e2-8583-b1648b99f5d9,1
3553,351837f8-aedb-4bee-9f69-bdb32f22872a,1
3554,35191172-7155-4deb-870f-05986c39e272,1
3555,351d6bce-b430-4225-83a5-b0c2c8ca7f21,1
3556,351dad8f-071a-4e14-9d91-cb22004046cb,0
3557,351f1fa1-1266-4515-bdb3-3930e8befc8b,1
3558,3521b57a-d517-4509-a3f7-b4b2d286aed1,0
3559,35244bc6-b044-4bf6-9370-a98092aaf459,1
3560,3525deb8-866e-45dd-bba7-36e28b751527,1
3561,35285b7a-8b8f-4fbc-8574-fdf6b6f59961,1
3562,3528fbb9-1902-441f-b5e2-16862dc7f853,1
3563,35298120-ee71-432e-a432-574218e36305,1
3564,3530793f-7e6f-479b-86c6-18331456cf01,0
3565,3537e7af-8b53-4251-b742-eda25f445d51,1
3566,3539d2a6-01ad-4590-8ac7-d3f0dbc1db4a,0
3567,353c3112-9cd5-412d-aded-11f2ab279844,0
3568,353e24c4-6d38-4caf-823f-1169e25a18fe,1
3569,353e5f35-6e55-458d-8cb2-06b39024e197,1
3570,35465018-4198-4462-95aa-7751f69c62a2,1
3571,3554bcd7-468d-4ea4-ae68-1be6bac0ad26,0
3572,3559581b-855c-4b30-ad9c-48e58c256e4d,1
3573,355f4df2-2a12-4a29-9fb9-f0948fb80d09,1
3574,3561d707-d733-4e12-9a46-992c09d35098,1
3575,356b66bc-ba40-4afe-9df7-697536555e7e,1
3576,356c68b7-ebf5-4a8a-8ab3-c470769759cc,1
3577,35744c81-e83e-4186-a8ff-ff7d363e254e,1
3578,3575050d-7a0c-4abd-9d80-343f4b700a29,1
3579,3576e4f9-c2a7-48f1-ba0c-ded3bc162e9d,1
3580,3577fe98-5aa1-4f74-b946-cdb1465300b4,1
3581,3591775a-b4e5-452a-87bc-242da9ecc41f,1
3582,3592cd1a-7566-4863-b205-ba1ff318c7d1,1
3583,3595317b-b871-4091-8926-3403805316c8,1
3584,359bf7bd-a951-41fe-b656-b4401c0fcdb6,1
3585,359db60c-769f-4712-9d04-888330c2a06b,0
3586,359e17ed-e27e-487f-9296-f12f62621374,1
3587,35a8c3b2-aea5-4dfe-ac4d-77ddb4b832b4,0
3588,35ae175e-5d66-4896-966f-4d09166a3570,1
3589,35ae50ce-7e9c-468e-ad79-c4f3e3fb8666,1
3590,35b27530-3400-4fea-b4fb-63c7ea12b1cb,1
3591,35b9ad88-c22b-4f3d-82b2-af4c2fd88229,1
3592,35bedd28-92ae-48af-9ad6-bd8d82ed2670,1
3593,35c4bbec-800c-46c6-9668-01de3b93a86e,1
3594,35c6bc4c-09e9-4db9-82fc-f013e3e775af,1
3595,35cef623-7d1d-4982-a8f0-83b6fe742187,0
3596,35cfb420-a71b-44c5-940b-b34f10248c72,1
3597,35d938b1-33d1-4519-a329-993db975f226,1
3598,35dae574-f2ee-4957-b9de-189f14dc2b9e,0
3599,35e7abc1-67c8-4326-8ff0-28905c5e26e2,1
3600,35f12fd0-0160-461c-ac0f-a00963455460,1
3601,35f7f6e0-7b01-4b39-b5b4-6f7c637787b7,0
3602,35fb65f4-4615-406d-b64b-0eca14814b8c,0
3603,35fcd7b6-fe9e-4e1f-9dbd-e033b62297e1,0
3604,35fdab24-4502-41e1-a2f1-8f3748c358f1,0
3605,36015ac2-0a71-4609-ab32-e560a267a2fa,1
3606,3605b032-884f-4b1e-a441-0937dd1f08d3,1
3607,36064047-8534-4a1f-95bf-e5edb24d559a,1
3608,360e8942-3780-43c8-9b68-a7d4232daad7,1
3609,36105a37-8eb0-47c6-936d-b0e63f435ced,1
3610,361470e1-10a7-472c-a470-afdb5a3dee6c,1
3611,3615f0ba-3b33-4a81-8648-c9fdbc9ba070,1
3612,3617abbd-e479-45ef-9159-572bd75ac5ae,0
3613,3618ea79-057d-4199-a61e-2b1545ab7c2b,1
3614,361c82ab-23d6-45e7-808c-d24696ce9526,1
3615,36237d39-866f-446d-9959-e78ddb212b63,0
3616,3628af9e-9679-4cb4-bb90-701dd4757778,0
3617,362967b4-1cce-4d88-8dae-edc22ce6b49f,1
3618,362a2aa3-986e-4c13-b933-6e9d30517a11,1
3619,362dec7e-11bd-43df-928a-ab31d7039f36,1
3620,36334b60-c639-4da9-873e-f88d6340667d,1
3621,363ebc1e-ef19-4fde-bdcc-2b2698cc7cbc,1
3622,36435580-348f-4212-88d1-282e88cbcc0e,0
3623,36514891-78be-404d-a547-ee66d99d8e09,1
3624,3653a5cf-c83a-45f0-aaf6-2ea69515ce16,0
3625,36552b9e-03a6-43a0-8d0c-4f4413343c1f,1
3626,3657afe3-6a9e-4a78-84b6-f84bf4339286,1
3627,3661a311-eb2a-4030-b9da-24959a5d6417,1
3628,366225f8-c3d5-4ef8-b5f9-72afc85a32e0,0
3629,3666a486-d065-4c86-bcf1-fb10d6bb65f4,1
3630,3666e9f1-3dfc-4e67-b5e8-b0eeb7874324,1
3631,3667e8bd-693b-4fd5-a1d3-9b476f090d68,1
3632,3669cdb6-e5f4-452a-8ccf-7e584ae93f48,1
3633,366aa2dc-cacc-4e0e-8466-f24d43ec7b8b,0
3634,366b8edc-6e6e-42a3-97be-e1724711ea14,1
3635,366bcf71-fa01-4521-9e37-f5b3676d481c,0
3636,366cdb33-5b24-4eeb-9384-f7f341cb5e1a,1
3637,366ffabd-616f-4fdb-b2a6-8bd88a4fa851,1
3638,3679010e-52e2-4d39-88ba-9c7f8311b36f,1
3639,3679bab7-4bca-4337-a6c1-6771478b6082,1
3640,367dcb0b-6ee7-4737-ae42-8f488077cc79,0
3641,367fab6e-1358-45eb-86aa-18a7089e40e4,1
3642,3681dc25-f380-43a6-9d99-2dde62d68b7c,1
3643,36836afb-12e0-40f7-b07d-6027a11979de,1
3644,3687114c-528f-40db-9aa6-4d5ee43ddfc2,1
3645,3687d97e-8a70-4310-86fb-be4a8990c875,1
3646,368a3e2b-aad6-42bf-b4e6-cd49235ed9ff,1
3647,368abae1-c50f-402d-a924-cfd811d1b77e,1
3648,36912071-b273-4e1b-a079-fb36926a2109,1
3649,36939f18-7026-4efc-83fb-bd4d84c07689,1
3650,369b20ea-b7b6-4f65-ae19-919e6487597f,0
3651,369ea8fd-60c3-4c7e-92fc-935fe4d171fc,1
3652,36a00dad-6d19-404a-8f2f-740a58775d49,1
3653,36a0506a-a138-40b8-b34d-028cc247ab40,0
3654,36a09f87-80d7-4373-90fb-78dbe53ac65c,1
3655,36a0c247-221b-4c38-be11-691838c6307f,1
3656,36a3a496-535f-42ad-aa8a-01c917ac61e9,1
3657,36a4302e-1dcc-4329-b980-1e2fec9ff99d,0
3658,36a61cfe-0215-4c0e-b7bf-90069f5bb1df,1
3659,36ac8f97-0402-47ee-a70e-c8107c09dfc4,1
3660,36ae01f8-d0cf-4e42-b348-4685fb1142c1,1
3661,36bcabc3-c9e0-4361-a914-831b0cd8c0fe,1
3662,36c2a8df-7ca6-4330-8537-ad4a7f5cfcee,1
3663,36cc7594-3878-4e2c-a233-b66933768f66,1
3664,36d4e400-e467-4703-8221-c8e533a38892,1
3665,36dabd55-7606-4f64-80c9-7c3d7468ac03,1
3666,36e10270-9cd4-4fbd-8c94-7b32d3423678,1
3667,36e21df2-b6c4-4ae9-9f12-3bcbec686128,1
3668,36e353e8-2199-4be6-ac72-1f52f31cda4d,1
3669,36e72549-85d7-49ba-a306-bb042f1bd4d4,1
3670,36e7f768-76d1-4a88-84be-3c3b7e00f7fb,1
3671,36e905ae-034c-4949-a4d2-79cb75a6a861,0
3672,36eb039a-506b-45ed-9fae-9ec48eb02c26,1
3673,36ecf6ff-4b88-4944-97a1-7f4c19a212a2,1
3674,36f17f7d-1887-4dff-84f1-953e88847e24,1
3675,36f878ea-f0ac-4dae-aaa8-b09bbb0628c1,1
3676,36f88543-c765-4c86-8f03-7042985abccd,0
3677,36f8d47e-8e7d-415d-b2fa-bf25dbbb7a7b,1
3678,36fdc2e8-90e9-4915-9aac-b4f5290f18a4,1
3679,36fdef6c-c9a8-4c8f-90b8-2ebeb1aedbb5,1
3680,36feab48-e206-4856-b5ce-cb74c08e1873,0
3681,37016cd6-0e4f-486b-932f-fe35a58168b2,1
3682,37047e36-64d9-4459-8227-82ac0df38cbc,1
3683,370653c1-4c8c-41e6-9c9f-eef04ac066b2,1
3684,370a211e-7082-4410-bc02-040ea0f1e9b0,0
3685,370ee8d4-ea23-48dd-9a58-9397cd097411,0
3686,37128729-d57a-4203-a336-0de46f896263,1
3687,371762bc-0948-46a3-86af-82c10865b117,0
3688,371ba871-e928-4d96-b4fc-c032a32b0c0d,1
3689,371ddc34-ef3c-49b6-b283-2a104ec02a40,0
3690,3726d5ac-2128-4116-9095-0ace98aa3739,1
3691,37295b55-d445-4cfd-b11e-e80f142a650e,1
3692,37350f74-8c74-480d-a72b-a732d4ecd002,1
3693,373a5abe-d4b8-42ea-b246-c06d347bd1bf,1
3694,373f23b9-cf58-447b-b6d7-bb83ce90d7e3,1
3695,37404f0d-fb4d-4a48-8e40-6a228fe3116d,1
3696,37421acb-db74-4bca-8d0e-5c1d5bccfb8e,1
3697,3743a9d6-fc10-453b-becc-22a12c49d240,0
3698,374c29a1-d9e5-4c66-a84c-9e9dec1aaabb,0
3699,37503feb-063b-4f5b-821e-4aa26509472b,1
3700,3757a8d3-6940-463e-beca-10510ffae48a,1
3701,375aa74d-b183-435f-a799-d5546678662d,0
3702,375e0387-3d76-491f-be61-c2a72fab37b2,0
3703,37631e87-184a-45e1-b597-819a2a742a18,1
3704,3763264c-d473-40c5-9691-9373b3f90311,0
3705,37692ef3-e4e1-47f1-ae09-c39b350f6aaf,1
3706,37696c33-df11-4017-924f-2f79846ea370,0
3707,376f5ff8-6299-4842-a91b-a3a81bcb02a9,1
3708,3771a288-0587-4195-ad7e-66dca501aae1,0
3709,37736f5a-003c-450a-b9d8-1859be041924,1
3710,377da98f-d0bb-4f89-abda-678b39e644b8,1
3711,3781e5a4-c1da-40e3-9c8d-708e4ecedb8e,1
3712,3784a153-d3b3-4036-9efb-22464a910680,1
3713,3792e9ee-7ecf-4e46-b09d-631b02f257a0,1
3714,37952090-b625-46a0-80ba-a04b65f3e3d2,1
3715,37968c0a-b023-493d-a99c-dcc1413d7f3f,1
3716,37996ced-6df7-4f42-866f-669d93302eca,1
3717,379b5ef2-3671-439c-a8d9-0e551cc28eba,1
3718,37a03004-7677-4fb9-8cfa-4fb8f77577cf,1
3719,37a19fc2-2c39-40d9-973c-e784da7a454a,0
3720,37a2db59-52ef-4549-90ac-60d560bf2ba9,0
3721,37a32c03-5bc0-4070-aef5-98a10da62940,0
3722,37a3926e-3821-424c-bf2d-efbed5b55b36,0
3723,37a3b445-dee5-4341-9626-a23725aa41aa,1
3724,37a84ba0-1bfe-4757-9f8a-a412828403f7,1
3725,37a940d7-fc02-460d-96b5-f1d237ea4257,0
3726,37a9fd47-fbb4-41bf-8613-2beb18a72459,1
3727,37ab01a6-0266-4898-b0ec-c13771eb8830,1
3728,37af73ab-bb3a-4c87-9349-092bd11415c7,1
3729,37afd105-7c46-46c7-9043-be5f2d5774da,1
3730,37b51e2d-c35e-4545-b329-0234a765ec92,1
3731,37b7eee7-7b90-4ad2-b46e-0d74abd9e57f,1
3732,37b8508b-c26c-4062-b78a-169593d3369b,1
3733,37ba7ccf-d898-4db0-94f5-2e3fd18e4be2,1
3734,37bbe14f-3693-4f46-950f-5d4b061b8788,0
3735,37c1a49f-8ecf-440d-ad79-ced95bcf2287,0
3736,37cb6bfb-2c97-4359-8806-bcd4f6acc0b3,1
3737,37cc821e-bbf7-4e12-aa4c-d9c71019bbd6,0
3738,37ccde03-ca5e-44af-a481-6ba1e20b5d32,0
3739,37d2a08d-2b2d-4756-866a-504be26d4a98,1
3740,37d3f7e8-c785-4e5e-9933-041038fd7e4b,1
3741,37d59934-35fc-477a-8d21-03abebb88ec2,1
3742,37d6e78e-625d-459a-8ae3-7c93d410ae98,1
3743,37d9ea84-cbd3-4782-b347-ae32ac78cf79,1
3744,37da5d2e-82c4-43a6-95b9-ca8deb0213a5,1
3745,37dbbaf0-7884-43cf-b4b3-8f5828e113f9,1
3746,37dbe730-ef71-4936-9f26-1db05a21e65d,1
3747,37e59519-403c-49f4-bee9-ff8e93fb0d1d,1
3748,37ee0b7e-dbb9-4430-9e8b-61f90848e6fc,0
3749,37f79073-70d4-4209-941c-fdc54e4d7af1,0
3750,37fe8843-7703-4d53-98ff-63ee15cf36a0,1
3751,38013a42-0ace-490b-84be-ae3f9ab12e72,1
3752,38037cca-6d56-4064-85b8-3eb90b245c81,1
3753,3805b0f6-406e-4a95-b101-3f4348e5ca32,1
3754,3805c22c-7592-4e35-9e5e-d8b35f70c651,1
3755,380af481-e6dc-45b0-b79c-3ec84b528218,1
3756,3814e0fa-530e-44b6-b92c-f5f8eb44d2b3,1
3757,381c8a6c-fbfa-4c84-b8df-49ca50e7bf41,0
3758,382e0c8b-80c3-4ec2-ad76-5f29207f9f79,1
3759,38329cca-e0f9-4334-93ee-7e3f19e16b61,1
3760,3839ea12-89e5-4d99-80d1-4d6e447b0a52,0
3761,383b0c8e-39ad-454d-905b-1bd409bf7d0f,1
3762,3841e99d-98b4-4cd4-99e4-debce3ad2aaf,1
3763,38434df6-a83c-4143-a770-151a2f425f88,1
3764,38476d41-88bc-4c79-9e14-3844139e6b01,1
3765,38490a51-71e0-4300-8a38-602db35bcf78,0
3766,384a8232-d65c-499d-9fce-ee0687ab7522,1
3767,384bcb38-84b0-4ada-95c9-4bcde83d80cd,1
3768,384d3330-98b6-4043-ab90-3b11d361b722,0
3769,38521d15-0ced-4b9e-92ca-5d631e745fc9,1
3770,38576cb8-0f97-45d2-8086-0094490a9a3a,0
3771,3859e7e8-e736-4866-ade6-4124ea053c83,0
3772,385b0773-c8e9-44b4-9035-0c9c44ffd591,1
3773,385fe5c2-5f48-46b3-bb83-7ad1128ee898,1
3774,38637720-44fd-4dd1-b68d-202f95a2454d,1
3775,386986a1-7f9d-483b-9237-264c0984beaa,1
3776,386aa082-935e-42b5-b39f-e6538d31392c,1
3777,386e33af-6610-4310-820e-b5456e04fdbd,1
3778,387a0747-8b62-42a1-84f8-41692dd07c08,1
3779,388078fd-221d-4a2a-91b6-65f344a9b96b,1
3780,38821092-01a0-4c0b-ad12-bf47086b5269,1
3781,388e5b7e-aa01-405e-a763-3ee9d7b73996,1
3782,38906b11-491d-4b68-b551-2d535cb87b69,1
3783,3891493b-63ed-4c45-9a33-b33e66bf16e8,1
3784,38976c51-37e0-43dd-93e4-d39b169717cf,1
3785,389b709e-3ced-409b-b0d7-8aaf667fa279,1
3786,389ee8b6-4751-45de-a8ab-e7a01e1e7230,1
3787,389f7b24-cf85-4d04-996a-b43d042774cc,1
3788,38a283ae-735d-438f-b737-237b09a6cdba,1
3789,38a8f755-308b-4d2c-ab07-23b2894fb517,1
3790,38addab7-c6aa-4756-a2c9-d362b6433191,0
3791,38adfd57-41ee-4800-b64e-a5e510f2eb42,1
3792,38b29274-3ac1-476d-88df-5bd2bbe22c9b,1
3793,38b54849-fca9-4962-9e98-ffc776dd109c,0
3794,38b9b94c-ba22-4a98-a23e-b5dfef34eaab,1
3795,38bd428f-90b2-44c6-88ac-f91f0d31d4c3,1
3796,38bee048-4613-4072-bcbd-f0dfe772d453,1
3797,38c2947e-fcf5-4e74-8549-372784eabb8b,0
3798,38c3ced7-4cae-4cd8-8985-656f5e953531,0
3799,38c88e05-b218-488e-ae26-66b8713481aa,1
3800,38cef3ed-af28-40e5-ab7d-948052a98584,0
3801,38d4622f-b407-49f3-a070-975ee15daefe,0
3802,38d6a827-a80d-450e-89a1-7ee9b5930e2d,1
3803,38dea3bb-8aac-40a5-a954-3e981e65a3ee,1
3804,38e96e67-8852-4305-9873-464b302dfc28,1
3805,38ee87f1-1a8c-4276-8143-031e98c92bfb,0
3806,38fe880a-4a3e-4a9e-8b5a-08fcd7362764,1
3807,3900efe4-7c13-440d-b6b3-f15d79580006,1
3808,39011dac-4fa5-452b-8c0f-d67e0fba9a22,0
3809,390710ae-9cd1-4234-a9a0-17aa643fed96,1
3810,3908a409-4fb8-46b6-ad58-d2585b09fb3a,1
3811,3909b53b-a018-441c-ab3f-91f763c525c9,0
3812,3909b8e8-cfb4-48f8-941d-d686bd6b3732,1
3813,390a9e2c-3d1e-461c-a1ec-1805326f7b08,1
3814,390aec4f-9f79-4b6d-8da4-439b57d47336,1
3815,390b03c3-16a2-4c70-b937-3dba6d280e0b,0
3816,390d8467-3e08-4d89-96ed-efe77a0c5b7c,1
3817,391b60d4-dbb0-477a-9a4c-6b3c2f5af78d,0
3818,391c848c-b513-4553-bd4e-d99102b1dc1d,1
3819,391f8659-1137-4808-8367-09b8539b618e,1
3820,392c7598-ec75-42f2-b503-12ccf3ad8a5b,1
3821,392e0238-96e6-461c-af40-501f1e835391,0
3822,3944d633-5e37-484c-9a17-a2faf2547eec,1
3823,3956d622-aadc-4c34-89a5-994e5dd5e420,1
3824,3959dfd1-8773-4d0e-83e2-eef482ad2cd8,1
3825,395fcef5-edee-45e2-be31-5f5b5712762a,0
3826,39605730-09cc-4def-b576-93f97622104b,1
3827,396119f9-cdce-4263-8f0a-38c24740d511,1
3828,3964a841-07e9-491d-b67c-0e55fdcf39d9,0
3829,3967bfba-43bb-401c-837d-25e5fe2b5927,1
3830,39681d9f-48c4-4ac3-9ce5-ecf278ae17c9,0
3831,3969a146-e2c8-424c-bb53-1dd3302764be,1
3832,396b5ccf-eba4-4463-99a6-4e63a37a0f9b,1
3833,3970cccb-ce50-40f2-b4f1-99d47bb29559,1
3834,397aa97c-2172-41d0-aba4-2511d780997d,1
3835,397b5825-2400-4fea-905f-3785233a23e7,1
3836,397bd2b2-79a2-4c46-b573-e183dfb2257f,1
3837,39831a43-43d4-401f-ba79-43f464fa5b32,1
3838,39858301-6505-487b-979d-1046e3da422e,1
3839,39876883-d87e-48f6-9553-4a04bc10fd67,0
3840,398cb821-5cdb-421e-b0bf-fbbeff581884,1
3841,39a043b1-e472-446c-8717-8f508907b2ca,1
3842,39a3d91f-54ed-4fed-8d85-bdffa2b6862b,1
3843,39a41315-fad4-4a03-a228-2ca2887eb4e0,1
3844,39a8079d-0453-42e8-a24f-a359a60d2dfe,1
3845,39aebc9a-9592-435d-9784-04864278f0dd,0
3846,39afd457-aedf-44c7-89c9-75b7eca712ec,0
3847,39b0b1ad-9e80-459f-80e5-1ea7a1156639,1
3848,39b32f1a-6ff2-479b-b308-c0c491534b71,1
3849,39b8394b-3979-4b06-9c97-9bd8916d63ca,1
3850,39bc65d4-ef43-4a51-b2d5-d8f0300ba673,1
3851,39c22df2-ca6e-42c9-b37a-f43e0f82b8bf,0
3852,39c4be83-c435-4e36-9ad4-ec13ec51f706,1
3853,39c671da-3eee-40a0-853a-478b158aa669,0
3854,39c95739-b8d9-4fcf-a936-310ea0bb03dc,0
3855,39c991c0-c0c9-43b8-a4a5-1ee17cb74026,0
3856,39d5c1e2-dd20-4008-95ba-43a7bdef2a31,0
3857,39d6f617-e2f9-475e-ad00-a91c248f0a38,0
3858,39d89e77-ba0e-401f-86c0-189288807294,0
3859,39d91550-8f0d-4399-9757-1dde0ecb5013,0
3860,39e34bd3-dfc6-4372-bf2d-67577ad563e7,1
3861,39e77e4e-c686-4817-b90a-f10c21ef65be,1
3862,39e7935b-3804-457b-8ea8-7ddd8644a696,1
3863,39e877ed-7665-4da1-aad3-2daf241e861a,1
3864,39edcbb5-a0c7-4abb-9fb8-7f03caa2857a,1
3865,39f136d4-81c2-4e3c-85b1-8002d18e2676,1
3866,39f676c3-cb2c-469b-b635-9427c8fecaa1,1
3867,39fc0916-b203-48eb-ac1c-4c9e46ecf6b0,0
3868,3a05588c-006e-44f7-921c-584d3834b341,1
3869,3a07a0ac-8bc5-4868-9dc9-b97e07310bd9,1
3870,3a07abed-82ab-409c-8804-4df758237936,1
3871,3a0e2a3e-d6cb-4bdc-a7f1-681e0a18b1e9,0
3872,3a0e4d14-64b2-4fee-bd3a-79537ceca524,1
3873,3a12f86e-a0d4-447f-84c2-5fb0c1ecb2ad,1
3874,3a181110-90ba-47f5-8a57-6bf6a17f4a63,1
3875,3a190877-8a2a-4294-8979-a5183911c295,1
3876,3a195622-8127-4966-b6f6-50cefb34dc8b,0
3877,3a1fd4f4-2db7-454c-b629-abcfe2b48ce4,1
3878,3a237eec-02ca-4543-b3be-00a10bf1ea21,0
3879,3a2537a0-d1ab-40c9-b985-7dcf5bcc3f75,1
3880,3a2e4d57-c803-418e-9071-dbfcc3144b7f,1
3881,3a31d039-9ed4-4c5b-b5a6-cebd172a59e7,1
3882,3a378969-56d4-4b8f-b417-9992cc58bf11,1
3883,3a3ad91d-56b1-4e3c-a19d-958db9bcdbea,0
3884,3a3cf0f7-7bd3-46a0-9d4a-910968effe97,0
3885,3a3d021e-ad37-427a-ac3e-b1e68b5155e7,1
3886,3a43edbd-6af8-4456-bd25-13b09e1bfe86,1
3887,3a451a99-ef08-4f88-9409-171cd79c7ab8,1
3888,3a4ac169-731f-428a-81bf-7574a4a83090,1
3889,3a4eacab-f849-45cc-82b3-c6b4ef33c636,1
3890,3a561b6d-f5ab-43b8-9df7-81a0aff94e1d,0
3891,3a5789d3-bfbe-450e-b6eb-c5735e48c3c5,0
3892,3a591640-5bcd-43f1-bfb2-b9c27cf797ed,1
3893,3a5dffe5-0134-46d6-8b88-789f4f0b6fad,1
3894,3a5e75ac-7c49-41d8-9c53-4de5da5ccdf1,1
3895,3a5eacbe-71f8-4170-b70c-3ec083c09313,1
3896,3a60ffce-3712-47a4-a0b9-ee3851342c95,0
3897,3a643f21-d8c4-4c32-84a8-6979c9ef3ac7,1
3898,3a698df5-815d-40fa-a0c3-3af4bd1d7910,1
3899,3a6b0cfc-7b6c-442f-be5f-63fa1ac069db,1
3900,3a6c1853-d9d6-4da4-bd60-14d574bbf9a0,0
3901,3a6d7886-9774-40eb-8492-7f985664b17d,0
3902,3a79514a-94ae-4cac-af9f-5d044b13db82,1
3903,3a801c13-845e-4f34-9868-aba9ca78e346,1
3904,3a80b3fb-9dad-4cfc-8c0c-db79120427ab,1
3905,3a83274f-871f-4273-8fa7-1f6bc62d7a63,1
3906,3a8337e4-e2fd-40d7-b694-72f77f67708c,1
3907,3a837a85-4f71-451b-8e38-41997b98e4a1,1
3908,3a853183-c5bb-4b24-bf48-566a1ad07a0b,1
3909,3a8ab029-0194-4855-8667-422a94cd8eee,0
3910,3a8d8eea-422e-4b7c-ad6a-0932b1ce7f75,1
3911,3a911914-131e-432d-80de-0a0639c19de3,1
3912,3a91c36c-98dd-4d92-bc12-38a6a86a884a,0
3913,3a922ee1-e796-4583-8d36-6f79ffdbe382,0
3914,3a93ddd4-fbf3-44be-8b0e-4232c6a1c638,1
3915,3a9514b7-1b67-4418-8285-8845fe2a722e,0
3916,3a9a07e5-a5bd-457a-acb2-bd2032eed5bf,1
3917,3aa5bd42-edd0-4b86-b41b-858ae6a035e7,1
3918,3aa8ef33-5485-4c1b-9fbb-1dbc9926ca74,1
3919,3ab4cd60-9fd9-4096-a153-435c8d6e3b12,1
3920,3ab5beb3-22b4-44a9-a1ae-1dd2818575b0,1
3921,3ab5f099-ecf9-4314-ab70-a10795291fff,1
3922,3ab8d11b-0f63-4468-8f42-c48cacb7a260,1
3923,3ab94903-4298-47f2-89b6-b1b5e488227f,0
3924,3ac09205-78e7-49c6-ba05-0e848c840c32,1
3925,3ac499e3-3f86-43f6-8394-3f4ac28b4dc1,1
3926,3acc467d-7137-45ff-9a75-ef131cd9c5be,1
3927,3acd74a1-ddee-44fa-ac60-5d645ae2f180,1
3928,3acdd76d-4f6a-4c75-821f-22e1da3d7ba6,0
3929,3ad3298a-7567-4a6a-9aa7-9b323d82b8b1,0
3930,3ada81c0-cc42-4c1a-977e-8017f87c6964,1
3931,3ae547de-00e3-42ec-8fce-1b3f6af744af,0
3932,3ae6c5d5-050b-415b-9656-0421fb81dd59,1
3933,3ae6ca56-97ab-4cca-a346-f5b3b3b248fd,0
3934,3ae80e4a-c609-426e-a1d7-dfc771280731,1
3935,3af1e8e0-6552-4b55-a832-36e64e9c9a23,1
3936,3af28426-d7e1-4016-9f47-7d3ff8b7af55,1
3937,3af39a49-d8ba-4702-9f35-54fd69da670c,0
3938,3af3c1e7-b1ad-4fbb-966c-623dfac1f993,1
3939,3afc5be9-a9e0-413d-99ab-9082eccfed9f,1
3940,3b02c04c-468c-47fa-9f3c-c5efdcfbf5a2,1
3941,3b065584-530b-42f1-95ae-a4e5f03b4ca5,1
3942,3b06f660-e230-4d83-8bc0-815f38c64796,1
3943,3b11d4c2-b2b8-4d45-9aa4-3e3149bab2ff,1
3944,3b175f20-e757-4201-ac99-9cfce073f0f0,1
3945,3b19b5ee-a8a3-401c-9df3-0009616c981e,1
3946,3b257d9c-e240-4bfb-9f77-ff0f66d8b0a0,1
3947,3b27c649-fa9a-48c0-9e6a-f05613dbb743,0
3948,3b2e8445-5836-4b2f-be92-0cae68665b63,1
3949,3b307091-529b-48af-9e42-0dfec39d1a62,1
3950,3b31c981-9926-4582-919e-be2e6a5f6839,0
3951,3b32cb5d-b89b-46b8-95e9-ead89dbf3fa2,1
3952,3b34ad65-9d91-4cda-9dee-462128966ee0,0
3953,3b34bf64-3a5e-4f8b-9507-820d0b3c5d7c,1
3954,3b3ea94c-67de-4aec-9517-d8fe87b6aa57,1
3955,3b446606-bb85-4247-83c9-8a145598f09b,1
3956,3b4cd43e-6540-4ffd-af14-67aa9d94e37c,1
3957,3b58cf67-1bcb-4436-912b-9c1451873e36,1
3958,3b5ca65e-7267-4aa5-a559-c472f80ae84a,1
3959,3b5d7983-bd85-4c74-b6b2-4cdc9dc7c35c,1
3960,3b670659-29ba-40bc-8091-33f9b58e5799,1
3961,3b68b61b-e4ff-4602-8db2-996fcaa7c777,1
3962,3b6fd66e-2cf4-4c0d-b31a-ddebbf723836,1
3963,3b717031-4940-479e-97ca-aa227a259849,0
3964,3b781086-34db-4670-9234-fc5db8948b33,0
3965,3b7d3910-73e7-40ee-bd2e-277ec20361d6,0
3966,3b80f2c5-6e48-41d7-b93b-e1dd87c5e279,1
3967,3b8f554e-1bf0-4145-9e83-d88fc449e88d,1
3968,3b90b297-a31f-4638-b4fe-8429799ca9b2,0
3969,3b945db0-9860-4936-a52e-52b45ddfe539,1
3970,3b9a3097-25fc-4c14-a68a-8429db7d991d,1
3971,3b9d60e0-a2e1-459b-a52d-8d1770439e08,0
3972,3b9e5757-fcc9-4237-8f59-829c83a9785d,1
3973,3ba06321-da2a-46ed-8b83-8395a98a4062,1
3974,3ba27c5f-5701-4dcf-81ad-7177110abdf2,1
3975,3ba624a4-f841-421b-a456-1e8f52e2aa9b,1
3976,3badeaa4-baa7-41b9-92a0-979ce5a620ae,1
3977,3bbd8b4f-1ea7-414e-b95f-ee50694ee8da,0
3978,3bbfa171-8a57-48c9-82bf-a508c3444e67,1
3979,3bc141b2-cd33-4c84-834e-d226578ac3a6,0
3980,3bc51f20-1eb2-4b7f-bf91-62c749d63106,1
3981,3bc5a159-3aa3-433a-a557-d31fe1604b32,0
3982,3bcb11ee-3562-459f-b04d-a5889cf8a67c,1
3983,3bcbe7ae-a7ca-4336-8f91-c2ffef367f39,1
3984,3bcfe4d3-fecd-401f-b8ca-1147ef893ebb,1
3985,3bd632f4-e958-4c3b-ada9-eb7d77d7a7a1,1
3986,3bd9fe45-bd74-443d-a04e-41ff6e707d0d,0
3987,3bdf1c35-156f-46df-8e21-2e205974f61e,1
3988,3bdf2696-748b-4d0e-b635-c6ad1e261837,1
3989,3be34c05-3c69-439a-b642-58c2b557572b,1
3990,3be3e325-4d2b-48c9-9a6c-ac5ca6a6c306,1
3991,3beabac6-5b39-4084-934e-5a53b02303b9,1
3992,3bee55a0-24d6-42c1-816d-ad7ace5fd5fe,1
3993,3bef8fb0-6015-419e-815f-65ee42e947ba,0
3994,3befd936-eb29-400c-a6bd-f676a6d8b000,1
3995,3bf1ccfd-7c86-4f88-8edc-42314cf61039,0
3996,3bf1f12f-55bd-4769-966f-d19339da8ffe,0
3997,3bf6c68f-def1-4708-82be-687c9be6d5d5,1
3998,3bfbe09e-c6bc-4722-b419-c0987f0fb83a,0
3999,3bfd4d77-e73d-4790-9313-cfe97048d9a9,1
4000,3bfd9f48-aa15-4e25-9375-034d39e42e0d,1
4001,3bfe0c50-7f59-47df-a3a7-99b5e321d382,1
4002,3bff842b-b5f9-4581-8655-9a19ceb5df6b,0
4003,3bff9c9d-6d09-44ab-9aa5-d3d6d16886ce,1
4004,3c00b0b2-bdef-409a-acf8-5f57f1bbfd51,1
4005,3c063239-c021-4a1f-a8df-77b16314c7ef,1
4006,3c063a52-bf17-4c2f-aeca-d05dfa532223,1
4007,3c1bbb11-89d5-4cb7-a33a-61b924f5c463,1
4008,3c1d4b38-07b3-4b62-b6a5-6ef455ba7125,0
4009,3c1f2f88-e32b-429d-a7a8-f66910cf3ad2,1
4010,3c20f83e-15a0-4170-9ba6-9a288c1c9903,0
4011,3c24f943-b0bb-4689-9228-3a6df4d517c9,1
4012,3c286094-7494-4d55-be30-26d86bbf3461,1
4013,3c2aa993-84ac-4aac-b007-6f9e950f9569,0
4014,3c2c2476-33be-4f9d-979a-a1f4a4e97470,1
4015,3c2eed17-b763-4ce0-bf4c-f13a0ff19c97,1
4016,3c3291c0-f173-421f-bc02-c45493242102,0
4017,3c3ec95f-e2d9-4eac-a451-00ce89945322,1
4018,3c488a74-3240-4384-80dd-4ba91d5f266a,0
4019,3c4be433-53e0-47df-99f3-9c6fe43b53ee,1
4020,3c4f9b07-2df6-4ef6-99fd-c200693a7cbd,1
4021,3c51bfbd-6bc4-4aae-86db-894f8d033aae,1
4022,3c53dc39-575a-4f90-9041-2c4206f21f74,1
4023,3c591911-8633-43a0-aaa7-0fa23132c1ec,1
4024,3c596a4e-0a06-4aa0-beea-ef18d4c56468,1
4025,3c5b0f41-e8a3-4a02-bae0-103b1812f226,1
4026,3c6118fc-1129-47bf-b449-256e89b78692,1
4027,3c63e13c-a354-48ba-a912-3d413d047dab,1
4028,3c63e343-efe0-42d2-b597-e359de2621c0,1
4029,3c6439eb-d1c1-47bf-853f-cda616898d93,0
4030,3c665c6f-f38c-4e9b-bfe6-05ee17f94085,1
4031,3c6911cc-8a6d-4f76-bbbf-7f76ddcce636,1
4032,3c6f046d-59a6-4283-88ab-1f83da5c7235,1
4033,3c744e75-7dd6-4193-9def-112001273977,1
4034,3c77aa18-041a-46a3-9be4-3d5b70b31426,1
4035,3c77c34f-fedb-4ec9-acc9-1ffcc4ffa8f3,0
4036,3c7933bb-8fc3-4ab5-89d9-51ca07322ebe,1
4037,3c7a7f3b-da04-4428-b70a-b7ab32437781,1
4038,3c7d6839-d64a-4ae9-abbb-fa6293d78406,0
4039,3c876b04-4d7a-40c2-9ff4-3f169105ff82,1
4040,3c88acd5-82a8-4f73-87b1-c47feeef88f4,1
4041,3c88fb21-2e3a-493f-a4dd-f747b4b30ee2,1
4042,3c8eb2b4-e512-41ea-90e6-90f85ce7c282,1
4043,3c921414-87fa-48a4-95f7-e7c539a4afc3,0
4044,3c9a230d-a930-4291-98ae-3f5daed39ef9,1
4045,3c9e4688-1828-4c80-89ba-78344d2cfe89,1
4046,3cab38c5-8b19-4a7c-b0ac-0521e377a9d5,0
4047,3cae324c-2c21-45d7-894c-4fb25544230d,0
4048,3cb35bb2-ca6d-4354-9e83-55db2abbb5d6,1
4049,3cb63a80-533e-4bc3-a485-cbaf82fc5071,1
4050,3cb6c2c2-10ff-497e-aec5-c39be743f76a,0
4051,3cb9e442-f10c-461e-b1a7-431cda2a5854,1
4052,3cbe2654-3231-463e-805e-e29a252e9719,1
4053,3cc3d27d-c95d-4061-8e1b-045e7f40c61c,1
4054,3cc44d65-309d-4fd9-b4b4-dbbda841b083,1
4055,3cc882c8-69c9-43a5-8e06-dab16e0450d5,1
4056,3cc98db7-732d-4db3-b477-e1eabb06af08,1
4057,3ccaec51-ceb3-4690-926c-0a991e594b90,0
4058,3ccba46a-7908-42db-954b-5d1c95e59ecb,1
4059,3cccd660-fa19-494b-b31f-04f09245cda9,1
4060,3cd0292e-97dd-433e-8b72-154b9768e042,1
4061,3cd57c95-064a-4b66-a206-75db7de30514,0
4062,3cd5a3a6-40cd-439c-b5c1-e93755f8528e,1
4063,3cd80498-e4d4-4cd4-a30f-c5faa64491ec,1
4064,3cdcb049-b099-438f-8da7-77f6c3144974,1
4065,3ce567f7-1c23-43f4-a039-10896c27874f,1
4066,3ce8628f-275c-4433-a90e-5f4b6b32f868,1
4067,3cee1b48-ce1d-4c8d-87bb-06082b70743c,1
4068,3cee6530-bfa1-48a2-9a05-78be937c0b5a,0
4069,3cf1a4fb-818c-4e54-a337-18a15b6bf65c,0
4070,3cf1bcdf-bcb7-460a-b5f6-c1b950536b34,1
4071,3cf5b10e-0056-4996-a4a4-3f12ebd02c7c,1
4072,3cf6bfcd-a4e7-4d80-a43a-87d27b080512,1
4073,3cfa5b69-b522-4fc6-a586-376d374be9b3,1
4074,3cfa8331-afa4-4f27-a4c5-be5c746db520,1
4075,3cfb51b4-d3cb-4a98-b635-4afd3553f7ef,1
4076,3d038717-e3f8-4701-8c6e-d133bf59382c,0
4077,3d049c14-beeb-44b8-b7fa-337bcf81eb9f,1
4078,3d0ab1f5-8296-4193-9dd2-3987e8f7fd11,0
4079,3d100fb6-cb7b-4a10-88dd-538b06ea0d02,1
4080,3d10838f-6ee1-48c4-a9d6-e8911b57e7fe,1
4081,3d19057a-031c-4b8b-a6b4-dcce683cc969,0
4082,3d192017-3435-4275-997c-a989abd9b4ae,0
4083,3d1c1d1c-2def-4f6e-9959-bddaea253d99,1
4084,3d1f5a90-4621-40a2-aefc-a9d06ea227f2,1
4085,3d23e617-28d8-41f7-a0a5-3c2a25909151,1
4086,3d2729e3-aaa9-40d2-8d17-2deeb7dafbe1,1
4087,3d29f063-7a88-49a7-a97a-377ffa2b293f,1
4088,3d2a03ab-74ed-47d7-ac02-e074e9cfb7e7,1
4089,3d2a205f-d92b-4386-80a1-202fbd5adef1,0
4090,3d3cf558-800a-4c63-8b03-1719003632ff,0
4091,3d3e0ce3-c694-48c5-82f4-d17f11cf4336,1
4092,3d3e6a38-9884-4080-9d18-edebdddea3db,1
4093,3d40feb4-6b5a-4752-a218-fea690003219,1
4094,3d4a4067-0dd4-4f06-a1f5-6b0fca02c404,0
4095,3d4b2359-95f2-4ef2-bc4d-3605f4384852,1
4096,3d4cfcf0-ef23-4ebe-a310-8826b122c058,0
4097,3d4f01f0-7598-45ce-b7c3-c3ecfeac8404,1
4098,3d525ce7-f38e-46e0-985e-3ee3fb349d96,1
4099,3d54a680-ac0c-4a72-aaa8-68cc8a65a330,1
4100,3d552a45-7441-4768-a73c-e018ff133dde,0
4101,3d57415e-92e0-466d-b517-e1154f44addc,1
4102,3d5a07e7-4dd8-4cc3-a6e4-45596410ec63,1
4103,3d5a1cd5-fca9-44ef-a238-f32d40ed5127,1
4104,3d5d38a5-c129-4230-9659-2f88d6b81b5c,1
4105,3d6301b7-cace-4ce3-ad8d-309bcab186f7,1
4106,3d651468-7c63-42a4-86c5-963aea382215,0
4107,3d670ec9-3af1-489c-89a9-366c8017d740,1
4108,3d6c94cc-c6bd-46b6-aaaf-d52fb7249ac7,1
4109,3d6cfc31-e0b0-4793-bdcb-4fe7e92de778,1
4110,3d70af89-1dde-41b3-98a5-bac927190f6a,1
4111,3d72bfaa-1646-4c8f-befd-aab0d1b447b6,0
4112,3d784ef9-7ecf-4ef8-83d4-c22ea0c9f0fc,1
4113,3d7b9a2e-83cd-4595-94ef-da6ac5707bd2,0
4114,3d82121e-e611-49b7-968f-2ed80acae980,1
4115,3d8276dd-2c98-495a-afc4-a5390fbf8b80,1
4116,3d846e51-c586-4997-8e48-4acba560fcab,0
4117,3d8bc0c7-0aea-4b7e-b3bc-927e04e90459,1
4118,3d8c0a5b-fa20-4f84-929b-f482cf47365f,1
4119,3d8d9bc9-144f-41f4-8db7-0b482c5ce1e2,1
4120,3d91dd5f-4e40-4a3f-a468-740572c887f2,1
4121,3d984d5b-071e-427b-a456-152c66e8fdb1,1
4122,3da70148-4b99-414d-8b83-1edef563491a,1
4123,3dbac3a4-e241-44f3-b5fa-f757f82a0580,1
4124,3dbf323d-f44f-4ae2-9ce3-1baf15c85660,1
4125,3dc98b0c-8f88-4ee7-b78a-bc6cb35de81c,0
4126,3dc9d2f9-6e6c-4ca6-a7ab-8c7fd954242f,0
4127,3dcd8c62-306a-46ab-967f-0ea3608ca374,1
4128,3dd01da0-5251-44e2-99da-4319b4cf7053,1
4129,3dd25a50-81bb-4c36-a13b-f3e5c1536b34,1
4130,3de1e906-10e5-44f7-9b7d-c4e723bcb551,1
4131,3de550e9-39fc-4e53-b9b3-d27ad17b9de9,0
4132,3de8ed1c-4f3b-4b24-88c3-ede4656fc24c,0
4133,3deebc5a-d911-459e-9ea7-a90036361d04,1
4134,3deed83f-8a08-4980-9506-5fc5526d7747,1
4135,3df12438-54c4-40a6-aa44-daa8816b4255,0
4136,3df54634-a934-48a3-96ca-c9078bdcd28c,1
4137,3df89720-e2c9-4ecc-876c-42f6bde65a3c,1
4138,3dfbf127-5a8c-483e-aa35-abd8bcb8e9f3,1
4139,3dff00f9-ecbd-4513-9f1d-587dd35b4313,1
4140,3e16ecaa-c8f4-424c-be7a-1ef758a73128,1
4141,3e191d7d-3f81-41c3-a96a-fbcf5440c447,1
4142,3e248b92-afa8-4b1f-8dc9-d95443486788,1
4143,3e269414-cf54-418e-ba09-28b056ea7d92,1
4144,3e2773f4-7a15-4d76-9894-210b9735b467,1
4145,3e37bc70-a774-4ff3-be74-32d055d6a900,1
4146,3e37ee4b-9d91-420b-8872-e4a01e6588dd,1
4147,3e3b760c-d967-40c0-8a60-b0d78dae5edf,1
4148,3e3c766d-526b-41ba-bd5a-12e7b59aaab5,1
4149,3e4257e7-1322-4a5a-a0e6-98deef61b88d,1
4150,3e44b272-8a20-472e-adb6-880e15deed7f,1
4151,3e464edb-9cc0-4dcb-817c-74afd3409766,1
4152,3e48f8ce-141b-4a47-a1cc-11479401667d,0
4153,3e4aed9e-ae82-420c-b2f6-dbfbc94e4a91,1
4154,3e4e073a-b30c-4ac6-b9ed-898a687ef53c,0
4155,3e54de36-9171-42ba-8021-9940cb89fa42,1
4156,3e58fdfd-ddba-4f75-8b4a-731ac6610e89,1
4157,3e595cbc-061b-48af-a206-0393703fc726,1
4158,3e61ab2c-c7ca-4e11-9f12-e0090c2e16ec,1
4159,3e61d7b1-6727-48eb-bc14-94e375eed817,0
4160,3e6c36ec-8fb5-4c18-86c7-b2d4be2bf2b7,1
4161,3e6eb025-a64d-4df9-9968-3d4f3586fcf6,1
4162,3e6fee26-4240-44e1-9d94-f6fc8321a243,0
4163,3e784ff3-f5f8-403f-a9a0-a77f82cedd1a,1
4164,3e7b3f14-0c78-4cf4-a320-62e2e1e7b7fa,1
4165,3e7df2b1-a8e5-43b3-9928-ebf895b6d265,1
4166,3e8f1c1e-c3b0-47b2-872d-417d9978dcf5,1
4167,3e9418e2-097b-416c-9aee-8d4fd92f1cf3,1
4168,3e9abc3f-064b-4dc7-97b1-4d1fc4a74825,1
4169,3e9ae4f9-92d1-42a4-a38a-52c91fbab9e6,1
4170,3ea29dd4-3196-4c09-934a-15b1ff9110ea,1
4171,3ea63370-8444-42d6-a1be-603524f58f6c,0
4172,3ea94f04-ef09-4b8a-aab9-c5f68b249db6,1
4173,3eacd988-ca1a-423e-a442-93c1e3f4dd9a,1
4174,3eaeb913-e8f6-4fc6-ab21-8548ed2ef23e,1
4175,3eb0417a-efa9-4c0d-a360-337487cc1a53,1
4176,3eb293c4-b717-4be7-8248-4dca0b16bc65,1
4177,3eb46498-7a08-424f-8208-8d2992697374,1
4178,3eb9b758-e50b-45d8-ad92-46929550188b,1
4179,3eba0d34-b712-4728-af53-3c0990067f01,1
4180,3ebc7e49-6ef6-4216-8a0c-46bf3acad63a,0
4181,3ec76928-d362-4f77-9095-49938da3abd6,1
4182,3ec86b24-91ea-48b5-8255-1f39f1e0d1aa,0
4183,3ecb4db2-56ef-46f3-8e4c-95a22541697e,1
4184,3eccb2e5-63d8-4fe1-96c5-00d2fe829fc3,1
4185,3ecd54e6-7a19-4e87-9bf1-5d886f409c86,1
4186,3ed03af3-708d-4d4d-8b47-2230dca7d38d,1
4187,3ed24221-fd90-439d-a243-8837bb500c7d,1
4188,3ed734d8-018d-4280-8051-141755f9a075,1
4189,3ed7dd2a-ebaf-4504-952d-e18dcfc00819,0
4190,3edd5a56-57a7-45ae-9b93-00c2018f41a5,1
4191,3edd9bf8-3767-433b-abf2-db89a4dd2b87,1
4192,3ee509d4-d889-42d4-ae4b-77f7c2d82d0d,1
4193,3eee7b18-fb3e-44ec-be7c-2ac6f3822f90,0
4194,3ef76d61-e2be-4594-944d-216e3c4cc8bf,1
4195,3efa6a76-aa3f-4141-9250-3b0cfd773c8f,0
4196,3efd213f-f894-49c3-a0e9-510f695dbb82,1
4197,3f00b49a-9f20-44ba-b2ec-3ed8bd5b81e9,1
4198,3f0479f4-bf43-4a83-9f5f-aaa7f03d2f2f,1
4199,3f0f5369-420c-452f-a2ca-2ab3f0a294ff,1
4200,3f141bd8-5ec9-4c4c-b669-ea7d2b7c7c0c,1
4201,3f14da5c-dac2-434d-8a07-b6f5130330a3,1
4202,3f164d05-cd59-4af0-9088-45791cfecbce,1
4203,3f1734e0-95ad-43d7-9ac4-ecaf96b3001c,1
4204,3f1e15cd-790f-4513-bff5-5fd7d18c2a13,1
4205,3f1fb776-6ee7-45a6-b9b5-eeb97114986d,0
4206,3f229118-0d1f-48f2-8219-e956da9de5cd,0
4207,3f23916a-276a-4c40-bb60-7fb6c4b1a0fc,1
4208,3f25314f-807f-40d0-83c1-6d2e130f7466,1
4209,3f255f09-6f63-477c-8541-6e3c842cdcaa,1
4210,3f261840-8675-48e9-9304-4f69db0f83a2,1
4211,3f261a7a-7951-47ce-9892-e56e4c258a8a,0
4212,3f2fd698-fc73-4bb6-af86-79d50b8783a6,1
4213,3f31c138-b2b1-4bd6-8f4f-15e0b335bd95,0
4214,3f31e84b-9ba1-4947-b2d2-b21d2c844767,1
4215,3f325066-d224-4702-a0ac-c7065bb7030b,1
4216,3f391b7d-de5d-4691-aa02-eebf7365f85f,1
4217,3f39980a-b491-4c21-a5b9-f7aa299deb6b,1
4218,3f401882-4231-411d-b749-d10a73bbc005,1
4219,3f4e9da4-7347-435f-b100-c25fe04b2258,1
4220,3f578c46-33bd-4ed7-96de-8253a0924b7c,1
4221,3f5a3714-9068-4e68-b7d9-176abba4b43f,0
4222,3f6546dc-05fa-48fe-b346-e94a87217aa4,1
4223,3f717776-41da-4dfa-b462-8b16146ccc76,1
4224,3f769683-0e5a-48ff-8e5e-35fad834b652,1
4225,3f7b5fa3-f712-4739-bc2b-5ea3895a6a15,0
4226,3f7b8280-a1ee-473c-a680-5b961781e68d,0
4227,3f7cc359-4539-41d1-88e0-a4ecc6a0cf9c,0
4228,3f7e0ab3-9fc9-4049-8967-dca0c26f1189,1
4229,3f8019a5-3193-40dd-9103-87128ffe22e2,1
4230,3f8042f4-89b8-478c-a908-3c3966c15c7d,1
4231,3f8101e6-f97a-4def-951c-12af62c3c81e,1
4232,3f810480-cd87-404f-84af-68d0e93ccb0e,1
4233,3f88e376-bf72-4362-b35a-4c2b2a1dd656,1
4234,3f957c6c-cc70-48af-a3b6-575663cd5149,1
4235,3fa7e2ac-6f5f-4440-88be-0007d2cdee69,1
4236,3faaf656-0307-498d-b846-794e187bb65b,1
4237,3fadbb79-89b8-4a9c-a45d-75453cc23e52,0
4238,3fb2cd9b-7973-481f-ab9a-650db419c114,1
4239,3fb42282-3609-41bd-aa6f-1394c25a1363,1
4240,3fb937d5-445c-45df-9408-5c8c766a1487,1
4241,3fc6560d-5781-4c61-916d-47380cb8280f,1
4242,3fd5800c-3abe-480f-9fe1-958a9171a26f,1
4243,3fd66fcc-650e-44ec-b0b0-a87e9f789dbe,1
4244,3fda406d-48f1-4c91-9861-4dee196b74a8,1
4245,3fdac0ae-2c6e-4c77-8a78-b429130c0e79,0
4246,3fddf597-39fd-4880-9ea5-d76aa1cd1f80,1
4247,3fde7717-e752-474d-bf73-4f0e69d83e7f,0
4248,3fe724e2-39a0-4a22-8fc4-06d9229fb533,1
4249,3feb0fca-9b41-4418-9ca3-56d0e7d1e21d,0
4250,3fed0b92-2476-4f01-9670-434e415d0c2c,1
4251,3ff22fde-c3c9-4bf8-8aaa-9f359ea317b9,1
4252,3ff9ec19-67fe-4cc0-9e2c-cae0ccee848c,1
4253,3ffc9179-3abb-437e-a887-74d0015082b2,0
4254,3ffe483b-bd3c-4210-b83c-c4ff7c570458,1
4255,3fff9999-49f7-4e8e-a9cd-4eb1f25bd0de,1
4256,40018102-f469-49b4-8ebc-8caac6c2d7e5,1
4257,4005d515-05b9-45d9-8275-e31d9aa16120,0
4258,4005dc4e-f5b9-480e-b48b-542242f69bcc,1
4259,400bf155-c3df-43a8-97bb-ec48bcc6f915,0
4260,400d4a30-d27d-43a0-a042-7a2221d83a2d,1
4261,4014a499-3fa9-4a1a-b3ae-fec3425f9e75,1
4262,4019b407-220d-4df5-85b7-183d6feefee9,0
4263,401a058d-0de4-4934-a443-6d0e46d3bfa5,1
4264,401ddb11-7be5-43c5-ad1e-6a1d7f2badb9,0
4265,402268aa-0ff0-47b4-bd59-3bca8b9182cf,0
4266,4032111c-a9dd-46a6-bef7-9571da8aa9b4,1
4267,4035650a-7eac-4f32-89ed-d77b0def0f39,1
4268,4035adb6-3d5b-430d-a2bb-983105149c84,1
4269,4039d0cb-29a3-4d9c-96ac-8903c8b984d2,1
4270,403b1a69-8c8f-494e-a93b-8d9198cc53e8,0
4271,403b987a-c73b-4a17-82a7-863918b40562,1
4272,403bbf59-de09-4622-b408-fbf91d0baa79,1
4273,403c1fe0-cea6-4928-bb7c-4c19e7daaa3d,1
4274,4040bebe-18c0-41a9-b50e-e019ae397789,1
4275,40430e32-0510-42f2-a874-00d6fd3f8e24,0
4276,4044dca7-3755-4f5a-8ef5-9e1b5cbc717d,1
4277,4049aa51-c530-4513-88b3-0f0fd845d15c,0
4278,40552148-80b4-4610-b61e-f781eec91eb4,0
4279,405b8d79-ad87-4abf-99f2-a7c82a6856ba,1
4280,406101f9-57d3-40d1-9762-73ee7ad381a2,1
4281,40685b23-7f07-47a4-b9ab-e2efa4c0506c,1
4282,406e37aa-7fbe-42ff-99ae-41405d7f1788,0
4283,406e6050-7257-4bdd-b1c2-19649bf61023,1
4284,4070d1c2-2c72-401f-9a67-d605dc5ad4d6,1
4285,4073f336-ca59-4d3f-932e-c9740a554a77,1
4286,40757e0e-e219-4e75-a46d-6701b7ce85fb,1
4287,407bd8bc-ec7a-464b-86ac-3d5d57ac2dbe,1
4288,407fc454-d2a5-476a-a555-9da469e52534,1
4289,4080269e-e40b-4663-930e-850727b2f6e5,1
4290,408068f7-5aba-4186-9e19-0eda63836762,1
4291,408100a8-e2df-4dc8-a7ac-4f8125e93164,0
4292,40864655-55ee-41b2-916b-fcb0901e1b3b,1
4293,408cfaa4-7837-4efd-9a67-29fed3449093,1
4294,4093069c-60a4-4e54-b9f0-3be98f5cc515,1
4295,409403d0-507d-42c1-a54e-83fc636774b7,1
4296,40982279-4af5-4927-b2b2-38957c8a2008,1
4297,409df0ef-78c5-4c2d-a75b-2939b1a916b6,1
4298,409f02a8-3377-49c2-95ae-d95b7ebc9e94,1
4299,40a30123-ea29-42ee-a703-012bfb2571f7,1
4300,40a6dee0-3417-4529-b56b-2688526027bd,1
4301,40aa0e92-c12e-4b2d-bbb6-27375a573bb2,1
4302,40ae803f-0109-45a7-93c5-8a7499450335,1
4303,40b0e2b4-8217-4c6a-9ecd-d600915fe6aa,1
4304,40b223fd-34af-45bc-9789-5d527e4733f4,1
4305,40b6fc24-fc8c-4a9d-b10a-99c07dc95f94,1
4306,40bbca79-d273-4551-a2b0-52a9e41aeaf4,0
4307,40bd1bbb-14dd-493b-83b3-054bb3654a9f,1
4308,40c04633-d4c9-4e63-84b4-01578336adc2,1
4309,40c13374-1144-49bf-b9d3-cab76424aed8,0
4310,40c3632c-2b97-4844-a485-becc088dacf7,1
4311,40c469f9-4c80-475f-b2a6-1b22b08031e8,0
4312,40c809c6-86f0-4cde-b817-6aceaa8b3096,1
4313,40cafafa-2eeb-4007-a42b-86a6ae5afc44,1
4314,40ce7801-83cd-44fe-8f51-f506baec4970,1
4315,40d03adb-db89-46f7-863d-34d1c32815ee,0
4316,40d26bb3-4de1-4c86-ba73-e48927be7956,0
4317,40d50198-a245-4e0b-9135-f2b9ffdf8fa5,1
4318,40eb0b12-581b-45ec-8ad1-5eff1ba05e8a,1
4319,40f062f0-6195-4004-83f4-525e58748307,1
4320,40f3b957-0163-4e96-a50d-31532e2c82bd,1
4321,40f52b0e-1829-417f-b606-f0cf85ba3da5,1
4322,40f62ede-7396-409a-9443-3dc9fc5d552d,0
4323,40fa3aa0-b6d8-40fe-b739-74b1446535ab,1
4324,40ff1717-70dd-4fc1-b787-3dc46d2da910,1
4325,410b21a2-de94-428b-837e-b3574f6a40ea,1
4326,410b3af2-0d5f-47e7-b815-bcfb59ad1732,1
4327,4112d52d-be1b-4e64-8cc5-2bc52f9d2c75,0
4328,4119895d-609b-4f8b-b6ef-7fb2d329c007,1
4329,411a1dcb-5b5c-4a77-8e40-7bdd6d9e0ed9,1
4330,411a484b-8427-4a58-854c-734aa12b12d1,1
4331,411c3a0a-6438-4085-af4f-b10f7c368c47,1
4332,411cff90-61c5-4ffd-bdea-853729498b5a,1
4333,411ff8d2-63ef-4276-92eb-5e610ef47d61,1
4334,4127132b-9405-44d4-9b2d-a1b580a7ec68,1
4335,41294948-cb93-4bce-9e60-50c7eddacd85,0
4336,4135a387-b0f9-454d-8684-c198384c90ea,1
4337,413cd1a6-1d75-46f6-aec9-54de93be2159,1
4338,413d9763-31eb-41ec-a859-76c8a5187b72,1
4339,4140f7b7-cbc5-4762-9094-3b0745d47844,1
4340,414100f4-e2ee-4d42-a4a3-d4676ca98c30,1
4341,4143d47d-866d-4939-896f-42653c10dd91,1
4342,414ce17b-6090-4a80-ba31-6fb847f478ce,0
4343,414ce71e-2839-4d9f-af95-533745717bb5,1
4344,4150bdcb-381e-4cf4-b457-4d852d77e1bf,1
4345,415cc144-c10c-4b55-ae86-a381a5d2ea62,1
4346,415e8095-cc66-4401-b640-9d12cf2a316a,0
4347,41682bd8-4c2d-404d-a667-e6ea5b041086,1
4348,4170ca7e-508e-4c55-bd0a-3315b1546486,0
4349,41729e8e-5d4e-4782-ab29-31341255da9d,1
4350,417b4d5a-7563-496f-a281-9f62e03464bc,1
4351,417e8f30-6641-4d67-9c4c-efb17fc9eb7b,1
4352,4180950b-bc09-4f89-b20c-8fcdd3968c21,0
4353,4180e475-f216-4f28-9d79-0d084561c53e,1
4354,4184e408-e7a5-49b8-b412-0e200b57d9b7,1
4355,418e7ba2-d95a-40f7-b13c-14424e5b8ee2,1
4356,418eb160-d7f4-4a50-813a-ef7380a88df1,1
4357,41903d85-025d-4cf5-aaa5-4dc1aaf6748d,1
4358,4193d3ff-1c8a-430e-8241-d90edadc8fb4,1
4359,41965399-ebc7-40cc-9097-1dadd9ed1ff0,1
4360,419b5639-c2ef-43a8-b37b-240dcdbecb3c,1
4361,41a3c01f-a009-40ff-94d3-77b7c3b81498,1
4362,41a5cdd4-85d1-4067-b49a-17e7ee012f9b,1
4363,41a85a00-28aa-4e23-8a5c-bec051ba41e3,1
4364,41b82504-d703-4a39-ab42-a03ca956aec3,1
4365,41b86b58-a0f1-4913-9172-366fc596b91d,1
4366,41b9fcbe-0e2b-40db-b0f8-15302ef8fa62,0
4367,41bc4bbf-8839-4e10-9904-377e863e9017,1
4368,41bc4beb-d6f0-40e4-b1d0-1c90a53d429c,1
4369,41bcde50-b831-4711-a001-9194831f9e8b,1
4370,41c68ca2-9ba8-477a-840a-f2b588607e20,0
4371,41c80f6f-4621-478c-bf6e-bad3d9ab5f9d,1
4372,41c99020-32a6-4911-afd3-313f08de9e03,1
4373,41cfd989-4f2e-4def-b272-2326e737664d,1
4374,41d767a7-2f75-4abe-9293-34dfc72cd070,1
4375,41d9d56b-85f9-46ad-97f3-1a482e523e24,1
4376,41da53e4-66ea-4596-8283-7dbf9bad78af,1
4377,41de2003-322b-4dfc-b9b2-c683a96e6ce6,1
4378,41e4b939-8c48-4828-8334-c4793a9538f3,1
4379,41ea355c-6c88-46ba-86bd-4cac35b54ff8,1
4380,41edaffa-fadf-4a41-9040-13c525b91868,1
4381,41ee4420-7195-4224-ab15-09d239325883,1
4382,41f6e5d5-fcb9-47a2-b94e-8b8ca0631653,1
4383,41f7830a-1adf-4c53-9ef7-c4c594254e1e,0
4384,41f9c01d-f5b7-47cb-bd3d-b8b17942324a,1
4385,41fb35c3-b9e3-407f-bc3b-b9e5a6a12aad,0
4386,42013f08-6aa1-44bd-b821-aecc098f2569,1
4387,4204a6d9-a4db-4476-9393-fcb8f0cb59fd,1
4388,4208836f-f5d3-4689-b133-36ac29cdfafd,1
4389,420f8a6e-b350-42c0-9e9e-4c4fd4f269b1,0
4390,420fd87c-2329-47ce-a25f-73907aa7efa4,1
4391,4213afb1-8912-46f9-a62d-b47b5fd0eeac,1
4392,42157250-8757-42d5-96c5-5353728171ee,1
4393,421741e3-aefc-45cf-b9ad-b2ced0449bbc,1
4394,421778b3-6b5d-42ea-ba09-ab802b10dc6e,0
4395,4218fbb6-a711-40a9-80c8-0769c34ff834,0
4396,421aec18-361d-4495-a189-47a57e9e3ef2,0
4397,421c87b4-9eaf-4bfa-8c39-5daa2e9ce110,1
4398,421ea2cb-8a61-48c4-863a-87369b55d96c,1
4399,42224695-66a1-4c0b-9774-81b106064a68,0
4400,42271d86-2e18-478c-b5cc-00b4ad7861f3,1
4401,4228b2dd-36a3-4a72-8eb2-fe3c29b61243,1
4402,4229eb9f-565c-4da8-a59d-73ac407b4d22,1
4403,4233a573-6231-4413-8ea6-4fb24b26fd0b,0
4404,423697eb-0486-46d1-9bf1-f15fd7ebb023,1
4405,4239d32a-b286-4b2f-970a-879dd9535775,1
4406,423bb7bd-d82e-408e-aebc-a17dbbeb7d69,1
4407,423d9053-18d1-4f2f-9e29-bf4da61c7dd3,1
4408,4246d463-d377-4aed-bb5d-a2ad26bfa1eb,1
4409,4247c48f-06ce-43aa-9f4c-3c6d0cfb28a3,1
4410,424804e5-bbb8-490f-bb5f-06c0385772d7,0
4411,424d661b-8514-44da-aa4d-fe9363ac03a7,1
4412,425234f2-e5e2-48c3-8ce4-16cb6f9f5efb,0
4413,42548dfd-5b16-4430-8ffc-a6aa80e2b0f6,1
4414,4255eea5-7ad0-4aa8-86c0-40d52577fe41,1
4415,4258478b-6e0f-4743-b9f8-923e83e67a6e,1
4416,4259850d-c1c6-45fe-b61f-5664a265c21a,0
4417,425a4988-e741-4ece-a158-af73d974715f,0
4418,425b1a4c-d6d8-42b3-9c38-c6f4b12c05ff,0
4419,42663725-4eec-45bd-9b86-3b3c0490c869,0
4420,426bbe27-5bf3-4b1e-9fc7-35bc43203806,1
4421,426e8af1-720d-4c4a-93f7-a7c5635960e8,0
4422,4274c770-9fe8-4a63-87ce-56bd1a8135dc,1
4423,4274e91d-2c2d-4cc4-bef4-94ba57df2b07,1
4424,42766ca8-8c09-47ab-a7cd-4ad0cede05e9,1
4425,42782596-9ce8-4e86-bf29-cca677f9ce86,1
4426,427ac8ca-eb8a-4240-8309-f10b5c2955f7,1
4427,4283ecf6-a6df-4272-a99a-1967f819bece,0
4428,428c2488-79f0-473e-8b5a-14e6085e9dfd,0
4429,428d429a-2720-462a-82da-f3a694ba39aa,1
4430,4297ecd6-d9f4-4984-8914-baa6d92dff27,1
4431,429a7b23-ecee-42f6-b573-ad7895dbb463,0
4432,429cceb4-3dfe-401d-8695-25ff40ec2894,1
4433,42a48a7a-659c-4915-a0b3-a98b8b74c7c0,1
4434,42a49f9f-779b-4a7d-aa78-dc1a4838e353,1
4435,42a6cc29-3f48-44d8-992a-730048edf7f3,1
4436,42a7ae02-7205-40fe-aaf1-7949c1421a3d,1
4437,42ab4d26-3fb9-457a-a933-babe057e2003,1
4438,42ab819a-776c-455e-a127-576bb84f8901,1
4439,42b20bcd-4afd-4f82-8b1d-97a79dbec595,1
4440,42b34c07-5f30-4a7f-89d5-e602a2df9d9a,0
4441,42b8bb07-da8b-4973-b547-8a06d99cec7d,1
4442,42b8e9c6-9219-4be4-b403-58c4cc2da4e0,1
4443,42bb8219-7bf2-4670-83fc-40541477124e,1
4444,42bf0163-a284-46d4-af0a-251fcd8624b6,1
4445,42c2a19a-4e85-4273-930b-cfd909a2a124,1
4446,42c46af2-435e-4eeb-b12c-37c879d3a634,1
4447,42cb4ad9-1457-48e6-afa6-8d26699c28b4,1
4448,42d3377b-213d-4eea-a605-2f681bbfe940,1
4449,42ddf316-ebcc-45b4-b150-390fbec5e5b9,1
4450,42df390d-53a1-4398-a0f2-6c1f7594451e,1
4451,42e28df2-7eb3-4b6a-8955-878a15bd7679,0
4452,42e4e238-d510-4870-bc75-cea75e1614c4,1
4453,42e6264b-5e44-4de0-8e59-723ae4db824c,1
4454,42e8121c-8374-475a-9ed8-486a813e7886,1
4455,42e86b67-89f1-46c8-adf4-3257e70ab02e,1
4456,42e8a31a-c5ff-4b8b-a452-30b2a2423c21,1
4457,42ea8628-3444-4761-8217-ce6be8dfc362,1
4458,42eaf7b9-3d76-4a4d-bc9a-ae0e0e40d55f,0
4459,42ed28c9-fd97-46ea-8f02-140a410f7405,1
4460,42ed53be-29ec-449c-9a9a-2dbc07a51d55,0
4461,42ef66ee-c39e-4242-a34e-b8979f9982e7,1
4462,42f3a79b-2ec9-4ba0-b484-93edd74cc87d,1
4463,42f4275d-ed65-4327-8ead-723aff27fc9b,1
4464,42f61311-4ff8-49fd-a08f-c47f4dc48bae,0
4465,42f7b05f-28b3-466a-860f-5aec11891b43,1
4466,42f7e7e6-e650-4a9f-a20d-e008e952ff20,1
4467,42fce7e8-32da-434e-9bfa-68b1d0fa1803,1
4468,43017fff-5ea1-4817-808b-1d3ec632584c,1
4469,4307a81f-c09e-4d81-b089-92fa6ba77430,1
4470,430b9f1a-6d9e-48e2-b6ad-534801a40e46,0
4471,4310db0c-977a-4068-a7ea-d51694f297d1,1
4472,431e1645-dccc-4050-919e-3f9354087ab1,0
4473,431e764f-243c-437d-b978-24cb84a4f621,1
4474,43224412-5fc5-4336-8f3f-f443fcf825f2,1
4475,432be5bb-a466-4f23-af95-5381061f7e44,1
4476,432e0ae8-959c-4047-886f-bb95e9d639d3,1
4477,433144fb-03f6-4c8d-9342-75f2f24c07e5,1
4478,4334e744-d0b2-42ba-9394-18d5f422af58,1
4479,4337e126-64df-4e5a-95fd-19f0ddd1b711,0
4480,4347189a-a532-471b-a6af-a280c7b2429e,1
4481,4347a54b-b1fe-4985-97c0-2dc6f5325789,0
4482,434c77a3-03f0-43e9-ae3d-aa57fbc438c6,1
4483,4352861f-77d8-4ce9-b9d7-ba0514664b2b,0
4484,4359bdef-134c-43b2-a309-5c12ff508ec9,1
4485,435c54cf-a9fe-4987-86ca-d78bc41d9b51,1
4486,435e2626-3e8f-4c4a-9820-3070ac61ea3a,0
4487,4360097b-7f46-4b43-9cab-d14095fe4c4f,1
4488,4362348c-7d8c-47e8-b2d8-07482a557a01,1
4489,43655530-a79c-4e68-8609-de517386d940,0
4490,4366d05c-9dba-4b42-a986-f3a099ea2405,1
4491,436c7d04-4493-444d-a07c-11192387183e,1
4492,4371fbaa-7472-4068-bace-c0a33ac80c0c,1
4493,4373bc4a-b8c2-4c89-abc5-c2491f827cdb,0
4494,43746f26-7267-4dd3-b1a6-b4a79064e14b,1
4495,43878ac7-3bdd-4efe-87be-ee34bfb3f928,1
4496,4388f04b-dcc4-48d6-aca4-73e6e142bf8b,1
4497,439baa9d-7ac3-4d70-ac16-7dcb6774327f,1
4498,43a32a42-3f74-4197-a59e-870e1488d269,1
4499,43a3b65a-e2f0-4af1-b005-796318050e0b,1
4500,43a6ab2a-e545-4310-8f58-dc0b13cead38,0
4501,43a7ba0f-848f-4ccb-8c6d-132bb75f35df,1
4502,43abd0d5-b983-484f-926c-f9f265115163,1
4503,43af17e7-a1eb-43b7-a176-b83a55447337,1
4504,43b981af-0428-4311-b1be-dad2a8539197,0
4505,43bf32b8-61ad-477e-9d96-6b64504c0bbf,0
4506,43bfe9c7-ad79-4a8d-be7b-d6697c709110,1
4507,43c1aab1-909b-4ac8-b1c3-ad7f161b9029,1
4508,43c2ee08-4903-430c-987f-15291658009e,0
4509,43c9e671-a49e-4b3c-a84e-5e1ebfca5f1d,1
4510,43d0e1dc-7822-4715-866e-7e10ba3c9150,1
4511,43d37c6e-b654-42c5-9293-cdc5455b1b2f,1
4512,43e57c69-e65e-4537-93a6-4c786cf0d06b,1
4513,43e85580-9727-4d15-be2a-bd6729d65c73,1
4514,43f45547-b594-4aae-9b0e-2b953fd571a1,0
4515,43f6df84-f279-406e-ba78-2ad24f189524,1
4516,43f6f22f-26fe-4e74-ba19-13cb1f2a6e05,0
4517,43f7584b-ffd9-4af6-9a62-de0aaf577ed0,1
4518,43f978d9-6d05-40cb-8922-32f1dcfe1559,1
4519,4404ed35-b7a5-46be-a8d5-bc92d6f213e8,1
4520,4408fe12-0a2b-474d-9d43-412c327fedae,1
4521,440adc1d-0676-4600-a671-f21fe76b2760,1
4522,440b8b67-e1a0-4857-b5cd-b2cd11ec7194,1
4523,440e2bda-8b35-402f-a29f-6f99af053cc8,1
4524,440e8066-ce7e-4a8f-a748-3e059b663cae,1
4525,440ed7c1-9347-471b-b8d4-f54d2ea0e719,0
4526,44144983-149a-43fd-8fe9-869ccf77ea8d,1
4527,44218409-33a8-40a7-be6e-c260b4a52011,1
4528,4421ea77-b5e4-48af-a0d8-9496f2e41289,0
4529,4425c2b7-7d1f-4f67-95af-0963f3d39ebe,1
4530,44354945-faba-42da-b298-021c17138c5e,1
4531,443c72d2-2d5b-4ed9-ac83-d89277b52170,0
4532,44400818-6215-4375-8a40-ec5675a1a224,0
4533,4447bd71-bab8-439e-afc2-2f8c8ce513ed,1
4534,44484e35-3d1c-48ae-b935-e51decbd7cb2,0
4535,44502d47-a375-4b78-ba32-177286080b55,1
4536,4452c457-7996-49d4-846c-832b17598227,1
4537,4458ee72-bfdd-4bdd-bf02-88be8024834b,1
4538,4460e413-20e3-4eab-9f37-f757d0b33af4,0
4539,4462519b-d974-421e-ae23-471d557e394e,1
4540,446527e5-593b-4725-ae67-f92a10a60f7e,1
4541,44661f0c-19c3-412e-9ef0-54b4e360a165,1
4542,44674640-23e2-44da-a649-ed95630b746e,0
4543,446b93ac-d53a-4b02-8b8f-1cfd63d0e8dd,1
4544,446dd59d-c1d9-45ca-bba0-c03cf8d759e7,1
4545,446ff702-c95a-410c-b10b-482cbc0331fe,1
4546,44730faf-cc63-4e33-b683-cb0944bf0aad,1
4547,44738fb5-805d-4d1e-8f89-2d8fbdb250a2,1
4548,44798d55-1e2b-40a9-8914-28d5b5203146,1
4549,447be93a-ea7d-4531-b787-365ee6778021,0
4550,447c64c3-c296-457a-87d8-5389da159516,1
4551,447e0de7-7086-4e42-b37d-678a87380d19,1
4552,448085a6-9c30-4d0a-a8ba-ea3c62a32d4f,0
4553,44823ca7-e747-4b9d-bfc7-952fb2913755,0
4554,448557a5-9d2f-4103-84f4-bf21926796c5,1
4555,44882133-a642-4d39-80ab-165444a6e5a7,1
4556,448f198d-2bc9-44fc-825a-0efd2ff8f00c,1
4557,44919562-a0fa-445a-ab16-08ba9c59b5a6,0
4558,44969c28-f0d2-4a3d-88f8-4c69dfe1984e,1
4559,449a4f0b-145b-4aaa-97a7-ffdf31e543a8,1
4560,449d62d8-b79c-432d-914b-0a859159d636,1
4561,449dfe7f-1edb-49f9-8a20-fa745eaa8652,1
4562,44a58e33-e828-4721-a9cb-56f464f64890,1
4563,44b13151-b4c3-48fe-86bb-3b6c009ba1c2,0
4564,44b34b07-3cfd-4a31-a4f7-9ef86daaf89d,1
4565,44b42447-cd7f-487c-ac9a-850684cc7719,1
4566,44b76a23-9824-4ce5-9cd1-db4ea38de9f1,1
4567,44b8b39e-0b9e-46b6-85f5-963fe4630253,1
4568,44b92f6b-41ed-4694-9be0-d85c93d6245d,0
4569,44ba4a08-5f8e-4906-9d01-3a15ca66fb53,1
4570,44bc8393-220e-4309-a536-005ecefbca71,1
4571,44bf5384-6c69-47d5-99bc-f93acc55c7f1,1
4572,44c02b19-3349-4ffb-8d10-1330d864a26a,0
4573,44c4f563-ff60-4796-8bf8-6c6e35579a64,0
4574,44c57300-c25f-4d48-bba8-9696a2c16d56,1
4575,44d0e9a0-b6b4-4d73-910c-ddb9e5118b5a,0
4576,44d7173c-7f57-4512-aff9-c345123abbeb,1
4577,44d9c383-13b8-4a50-945d-b087ca7bf550,1
4578,44dae39f-1193-412c-8a37-bcc3b35885b3,1
4579,44dc655c-3726-42d2-9001-63cea36a06a0,1
4580,44dd0e7f-9d3a-41c2-ae5d-aaff0f531bb1,1
4581,44e0dc5e-10f9-4465-b859-800537b1d0f6,0
4582,44e1d55b-823d-4d6a-a793-256515f79fc5,1
4583,44e24c6a-32e1-4b49-9b74-5d58dffd5f6a,1
4584,44ec1341-8245-41f9-b0c8-561eb01de044,1
4585,44f07b40-32e8-4032-8f31-f304dda27b54,0
4586,44f1afe2-3a57-424f-b584-4dc9cc5b1c69,0
4587,44fba4b1-25ed-4623-886e-f9c7fd9dcb26,0
4588,44ffb20c-2c4d-4655-bf42-da5adef757fd,0
4589,44fff0f2-054a-4617-b290-1d97d3d59b9f,1
4590,4504288a-18ab-446f-af22-1ac88f96b8a6,1
4591,45121531-53e9-4f76-8ccc-cb461fda3640,1
4592,45141468-1e45-4602-83f4-0b5878ce3eec,0
4593,4516dc9c-0a92-437f-96b5-1806759ffb84,1
4594,451b2ff9-231e-4113-bd0d-7bacca9bb544,1
4595,451d52a4-fd62-4e45-a853-b31eaebab90d,1
4596,452b607f-e9e2-4fdc-a8a3-0f9f5a1891a3,1
4597,452ba237-40e0-47c3-945a-2c03e506bc48,1
4598,452e890c-798f-4f94-9335-40ce71a88153,0
4599,4534dc4b-db6d-42b7-a124-fb9fa45b8792,0
4600,453b3820-286c-4489-8c73-6870d455cf92,1
4601,4541bb7f-c838-4a7c-b110-d894c7598fc2,0
4602,45447bef-02aa-4e2e-b6f4-f211686b4e83,1
4603,45487288-9b53-4bd0-bee5-c05350e202e5,1
4604,454de7d0-f7cb-4df1-bfd2-671e1d258423,1
4605,45500315-712a-4096-810e-be6a1b9a2834,1
4606,4553d3be-671a-4f64-bc0c-ca3341251db1,1
4607,45597221-ad0e-4fd3-b4a1-c380ba350cd1,0
4608,455b7d96-e54f-42ab-86ed-7a06641d33b5,1
4609,4563010a-ee8c-43aa-b503-8cbf843fe628,1
4610,456ab6e5-10a9-4df0-8dee-494b55678931,1
4611,456ca29f-5e68-4dfa-8f30-ca8986aedfec,1
4612,456d2fd5-cfb4-4cc9-84e6-60f1d45c99da,1
4613,456d78ba-ed34-4a4a-8a3c-277ea49ce1e7,0
4614,45700a3b-11d8-4b2c-b4ad-5d5f72da9c5a,1
4615,4572d8fc-e543-4ef8-b274-6e5c7a19e7ad,1
4616,4582001c-0ea3-404b-bb66-8d525de9e059,1
4617,4587a99c-f1c1-4c6a-9212-40d4b3de0000,1
4618,458aded0-b26c-4bac-99be-aafaf4d0da88,1
4619,458bcd17-7dfd-4204-bca5-4980d6e17f33,1
4620,4596990e-3e71-461f-af3e-c1dca327c12d,0
4621,45976a86-4963-4ff8-aaad-a7c9415553a7,1
4622,4598a4cf-2fdf-459e-823f-8e33f34739e3,1
4623,459af745-1b87-4bc6-a87b-2074f9fb5acc,1
4624,45a0ab11-6f5e-4866-9e43-332cd9d3669a,1
4625,45a2cae7-baab-4914-a354-8c83d1437885,1
4626,45acd232-181a-4d32-98e3-a32065d8484e,1
4627,45afe389-4e7f-4d0e-b4de-6031666e28a0,1
4628,45b08da2-06b4-483c-b7eb-7d4d06e5022f,1
4629,45b13ac9-8181-4611-9e5e-9b75691e73d7,1
4630,45ba2546-2358-47e5-830b-54064c6ce97c,1
4631,45bdd294-34be-42c3-84a3-ccc1746f47e2,0
4632,45c10b3e-8426-429e-a0fd-0198e31df641,1
4633,45c11a8b-cba5-4195-9d18-f68747bedec1,1
4634,45c2daf6-07ce-43a0-b6a8-18e8670ee3ce,1
4635,45c46221-c681-4e74-8722-6e0fec86dbd0,1
4636,45c6b7c2-8384-424c-b3f2-4a786b66d26f,1
4637,45ce29f4-338b-4fe5-bb1a-626bedac5791,1
4638,45d24605-9f31-429e-8cdd-4bd127290585,1
4639,45d7c3b9-b37f-48f5-a3b7-6863b2c24f00,1
4640,45ddbfcb-95bb-437d-a423-31ca4557f8a2,1
4641,45e06dd5-fe28-432e-a1f0-e7077cfc4382,1
4642,45e3650d-a1db-40c0-b853-a613cab09f32,1
4643,45e3a444-3089-4638-908e-ea78991a6897,1
4644,45e7365a-e267-4850-881a-36eea2872c0b,1
4645,45ea2eec-01fe-4de8-871f-7e0bef839e90,1
4646,45ee3d82-9344-4542-9709-09e0e60c0cd6,1
4647,45ee889b-14b0-499e-8738-eacf813be931,0
4648,45f07775-cae6-4bec-80cd-af687e4084bb,1
4649,45f1f458-1c87-4277-bd34-e78bb9ac8f6e,0
4650,45f717b6-f241-4afb-88f0-3115b1a67873,1
4651,45f73eb7-c74a-496f-93af-fb918b28d407,1
4652,45f8b35c-c29e-4989-93f3-b5f4b76093f4,1
4653,45f905a1-49b2-4289-92b5-a50761a23929,1
4654,45fa3e03-ed8f-4aae-9405-f0c3700ee5ff,0
4655,45fbd7e4-06b7-490f-bf51-cf9792310c27,1
4656,46011d86-66b1-45fa-ae89-200be1e818d3,1
4657,4605b4ad-6582-42d1-83d0-0c7e0210b938,1
4658,460b7039-75cc-4f81-9ddf-777abf9a6422,1
4659,460b9dc8-51b2-472f-9130-1418b09e3513,1
4660,4612a454-c571-4ece-a282-379386ba39fa,0
4661,46140c62-645a-4d04-9486-ae35231da7ee,1
4662,46165f0f-d661-4107-be25-7bc0b3bf25d9,1
4663,4618369d-7ff6-46d9-a2d2-2e049bb093fc,0
4664,461e4980-8890-4e94-a23f-6449d49e8787,1
4665,4621b506-7407-4f7c-9f09-a92771e869b0,0
4666,46236445-6d39-420e-beb0-a73f03a81563,0
4667,4629729a-3fed-40ac-9f68-4a3680c0d8f2,1
4668,462f528a-8250-4d06-b0be-863a2ce25946,1
4669,4633113b-2c8b-438f-ba15-d3f75c0c092d,1
4670,463a5176-e964-497d-8704-ad4b9a2c8092,1
4671,4651d395-a2ee-4762-85f8-5f8f7e60cd43,1
4672,4652ab0c-73f5-4daa-aa47-3939e25dc857,1
4673,46591f25-065d-49c8-9a0d-575d4ad9da72,0
4674,465a0492-5dc9-446c-b6a3-9faee79cf753,1
4675,465b5acd-9195-4ef5-a5d1-71b25adbc3e6,1
4676,465c04fb-53c8-4d36-843d-2a526bae63c6,1
4677,465ed3cc-8ebf-4672-9e44-af92ed1d80d8,1
4678,46644384-376e-4017-aeb7-bd947e6bc1d7,0
4679,46667a4b-8f3c-42d3-8607-8561565a55a7,1
4680,46699848-3058-413c-8ac1-e388448f84c8,1
4681,4670f805-8c6e-41e9-ab1b-1fcff37defef,0
4682,4671745b-616a-4908-a8fb-1d17783a2f0a,1
4683,467415c2-71d1-42d2-b02d-427892ee602f,1
4684,4674f55c-c6ab-46a7-9116-548b8aca3ce8,1
4685,46751f50-2008-4427-b7dc-f3e3f43b7c89,1
4686,4677656d-66e5-45d4-a6e3-c96650df8c2b,1
4687,4678ebce-34a7-4d16-aea1-5c9561f5bc50,1
4688,467c95e7-9053-42ce-ac2b-4c30e7c603e3,0
4689,467cdbfa-6bd9-4859-900c-cc92ff8e8c7e,0
4690,468505ce-7666-4b58-9e30-0fe701ce3d0d,1
4691,468b8e8f-5e5a-4223-a807-6da8b3015dcb,1
4692,4691b3d6-029f-4746-8bee-cb20f396529d,1
4693,4693eae1-47e9-4386-9ec5-838d4b15c181,1
4694,4697505f-511e-4444-aee7-d40199e81116,1
4695,46998e44-5a67-4b00-a929-3f06c9244393,1
4696,46b1ff24-12b3-4fb4-b628-fbcdecce1e40,1
4697,46b9e29d-3a9c-4bc7-a570-8b2de9c9763f,1
4698,46bbe47e-6000-4cd2-b1bd-030935efaedc,1
4699,46bc89ba-11be-43ed-82ff-f1123a5b3e6f,0
4700,46be77bf-be3b-4201-b08a-62162164182e,1
4701,46c16708-2001-4635-b51c-2ac47d78c875,1
4702,46c2f44b-939b-490d-8d70-f1dc219619c3,1
4703,46da4d21-ff02-4580-8e88-59c57f70cb90,0
4704,46dac740-dae5-4c76-9b0f-36fe2d6bb96e,1
4705,46dce4af-9311-4204-8e20-7e53ea0ed84f,1
4706,46ed1596-4cad-4400-8830-4a8feb2bd613,1
4707,46f2ad26-647e-4101-8df3-63c53db175dd,1
4708,4702cfd7-a3fd-42b9-b709-2a631c57ff4b,0
4709,4706393e-2d3a-4c23-a480-63e61e1a2c44,0
4710,4706492e-5c57-41c3-9ba4-f61bfd3fabcf,1
4711,470a4737-b5c0-4e11-9986-8ab355968b12,1
4712,470b092e-1f5e-4a38-ab85-d57405ac26b5,1
4713,471341b6-904e-45bf-b81f-f3680856af9a,0
4714,4713c005-faef-4c0a-9877-dbcc57c09b25,1
4715,471d6da6-6b5b-4b72-b6d3-e1ff89b9c7c1,1
4716,4724ecc4-85ea-41c5-846b-0ac567751daa,1
4717,4727f2b1-1dd1-4a14-8ae3-3e05b2691e30,0
4718,472c038a-2f84-4ec8-ba17-a34101e5ed06,1
4719,472e5c12-8f72-4287-814f-db9d63fed955,1
4720,472ef6c2-f20d-4a72-bcb3-5eeb86879b27,0
4721,473201b4-9e98-42ee-9308-e099b08b360c,0
4722,4735adcf-4c03-425f-9cd2-5ae4e158183b,1
4723,4735f226-b8de-4f00-b224-a0b2b5361b2f,1
4724,4736444d-5b5d-4d7b-a27d-b8f5169349ed,1
4725,4736cb9d-c6d6-4ade-ab19-bcbe7f79ccad,1
4726,47373831-edab-462a-a9b7-759c2516646c,1
4727,4741b164-74c9-4ea9-9fa3-103907f4350c,0
4728,47448024-4c98-4d41-989c-a29767573af7,1
4729,474ce3bb-452b-4f2e-b6ae-15ed98e25445,1
4730,47505fb2-7f01-4148-af7a-1b50fc457ad3,1
4731,47511b01-1ce8-4aee-a4cb-e5e68bd52499,1
4732,476130f1-5b5a-4567-987c-65f83e696995,1
4733,4766e7f7-8bf2-4766-88d7-8571f56e3164,1
4734,476813af-cebe-41eb-8898-d7286c6a8831,1
4735,477b4c83-ae50-4601-8577-55446649abec,1
4736,47819c71-293c-4494-a057-21d7fe4aeda0,0
4737,479019e4-b6a2-4dc6-9bb9-f705fbc03397,1
4738,47936516-e63d-42dc-ad48-3afd089acaa5,1
4739,479a1cf6-7759-4f21-b232-fd482525e9f5,0
4740,479ac778-7f28-4c85-bee0-c835cf2d125c,0
4741,479d7f47-2acf-4252-86dc-280eb418e163,1
4742,479e3d3d-eb5c-42da-9de1-3fe22bfb90d8,0
4743,47a1d952-92e6-43aa-aa2d-79a2e568dcc6,1
4744,47a542be-d7eb-4f2a-b287-905ea6044c37,1
4745,47a5c264-a5be-4b69-ad9b-f204fdfa9e56,1
4746,47a68a3a-91b5-4148-b0a4-d3c3e1b826d9,1
4747,47ac5da1-12b2-4c5f-9f1f-1bed434dcee3,1
4748,47af639d-913a-48ba-85bc-f634d70d313e,1
4749,47b4fdcf-84f3-4e5b-88dd-99031c33daed,1
4750,47b619f4-a19c-4eb4-b247-1d9c9eea1644,1
4751,47be6621-0d4e-4abe-a966-a50406a59f51,0
4752,47be857b-afd1-4371-8afe-ddc0f2f7788f,1
4753,47c385bc-fa69-4c9f-8bc4-cd0a99e52792,1
4754,47c75496-6d2a-4d17-9a6c-fed07d181e52,1
4755,47ce22de-73a5-4e2e-8834-41b2b4944ce1,0
4756,47d1e77e-88a4-496f-89bb-c00a66a24f10,1
4757,47d25cc8-beca-450f-a60b-ef5daebd013a,1
4758,47d67b4e-cae4-4fdf-acb2-8159c0046d05,1
4759,47dac02d-2446-41e6-80c9-85afda2d9231,1
4760,47dd6cc1-8eaf-4205-b4a0-828ce58a8889,1
4761,47ea57dc-56ec-4693-95b6-62cc556f8f0f,1
4762,47ee8a58-5a63-43e0-b596-1743064540b8,1
4763,47eed136-1501-4062-acce-d491dc6e6a61,1
4764,47f8f127-ed62-4fa6-b9fc-0ba127c1e589,1
4765,47fdaec4-add5-4635-8f32-7284e4977a2e,0
4766,48041c02-e57f-4e68-982a-0dde5f56b211,1
4767,480c5a6a-0320-46d7-8c27-2dc83cec3732,1
4768,480d22b5-19a6-4183-9657-589d2a8db40b,1
4769,4819671f-d981-4f78-8a9c-23e90073d9bb,0
4770,481b1d4a-e4d2-4093-9350-51201e3cc7b8,0
4771,481eb82c-75b4-429d-85ee-db925c4a8aac,1
4772,4820292a-21ff-45a4-817a-2b4ac58251e8,0
4773,4821aa6e-6fbe-4c73-8f60-13db73a91807,1
4774,4826c78f-e35e-4878-a0fe-4b100e9973d8,0
4775,4828e2cd-4e21-48a5-9105-2eddadb2363b,1
4776,48293dd9-7abe-4636-b1d8-7365548e5871,1
4777,48295cc5-f865-49e1-9945-a13eab11c577,1
4778,482f4771-8701-4a76-9f67-ab123f8d9090,0
4779,482ff713-964e-4697-950e-d2fbec5c0b93,1
4780,48308bc7-fe2e-4da5-ad50-6a38a1f27022,0
4781,4831c712-0a0a-4226-b701-6c84ec77edd4,1
4782,483527f0-af39-42fc-a337-73269b13cb53,1
4783,48386a01-a5d4-4e81-a999-bc8cedbfbc29,1
4784,48389110-aed6-4df8-ada6-845d20feb341,1
4785,483af8fe-f45e-4445-ba15-4abc5b0b64cc,1
4786,48407d40-5159-416b-9898-24e2d27afc89,1
4787,4842aec7-3d73-40cc-aa1c-1a4a66b09162,1
4788,484c3ab6-f7d7-4456-91f6-2c34bd765b30,1
4789,484e7ad5-4366-4e2f-9ca3-2b2517000983,1
4790,485625f8-73ca-433d-a69c-47e94551a3f4,1
4791,485b277f-3044-401d-b45f-ab386f56ac10,1
4792,48614744-d57d-4ea1-b3f5-7348f65181c3,0
4793,4867474e-817b-4013-a5fc-78bc23405f45,0
4794,4875a3a4-ce37-4c4f-983c-d5a34e1272af,1
4795,4879dfa7-ccb3-4810-ac12-8aba23bff3fe,1
4796,487a8565-d92b-4b51-ab39-f43e6c05bc26,1
4797,487c099d-529c-4fd3-b67b-5203b450854f,1
4798,487db2a6-93ba-47e6-af7e-339dc04b6626,1
4799,48861152-1ca0-4022-853d-55eccceb60bf,1
4800,48862159-4009-4aaa-abeb-41860f3ee9d2,0
4801,48874602-acf0-4341-b941-13ed9f5ed923,1
4802,489388b3-9b82-4420-9ee0-74d8667a4acf,1
4803,4896da0c-3176-4be9-9676-9e4674c980e4,0
4804,489bb7ea-de28-4a23-b9a1-fc469bd18e6e,1
4805,489fad24-26a5-4c4b-9568-3fae06e36f9f,1
4806,489fb3f4-fad5-4f42-946f-69c5a460dd2d,1
4807,48a9d1c7-3ac4-4305-b441-8d0d1935d999,1
4808,48ad4924-cfcd-4e70-8803-0eaaecbd7108,0
4809,48aecb0d-6841-4dc2-8795-7170dbdc02ba,1
4810,48af536e-f764-4d77-9df2-0d8bfdb654ab,1
4811,48b1b144-19ff-43ac-99f8-6017d6b0219f,1
4812,48b3802d-741d-4dc2-9bc3-fcc84ce0295a,1
4813,48b677bc-41a1-4455-853a-650ee6fd7ddc,1
4814,48c0f6d2-be7d-4aaa-9f47-56e7a6c6499b,0
4815,48c48085-bb39-43ed-aa54-7272c0725757,1
4816,48c543c1-3ce7-4a0f-a9fa-5178f737e3da,1
4817,48c90f56-ca83-4044-90bf-95730f6eac0a,1
4818,48c91cff-35f6-4bf8-a4de-5ac7f8b95f34,1
4819,48ca0d5d-c71a-4360-a59c-e13c95159db8,0
4820,48cc703a-219b-4b8f-beab-12fc97be510c,1
4821,48cd33ed-81e1-49f2-a466-91ac6d0c00c4,0
4822,48cde0f3-1a59-4868-a8bc-8b6b2f06791f,1
4823,48d5cb96-8545-4c26-9935-8fb7918f062b,1
4824,48d7384d-c2f2-407c-8952-36d984001712,1
4825,48da2a18-f2a9-4aa7-b6e6-41098b938a63,1
4826,48dc55b0-5288-44e3-a0ea-e9462509b83e,0
4827,48e1e50b-a001-41ce-9eff-50a079ece02a,1
4828,48e4778f-8de2-4e2b-b115-da8528f5cff9,1
4829,48e67344-e5ae-4a9f-ad19-4633c66247e6,1
4830,48ebaf71-15fb-49c1-a031-8ec506751959,0
4831,48f0bf82-cc86-4593-b3f7-a860127e059f,1
4832,48f31340-8ab8-4d68-8158-f9542172a416,0
4833,48f88896-37f1-480d-941b-feaca54b38bc,0
4834,48fb0c55-145d-4a60-8005-6f3c01ac80f3,1
4835,48fb5211-a3eb-4465-93b7-04d221a91c0f,0
4836,48fbc364-284a-4b54-985e-f628fdd4673c,1
4837,49005b0b-7bcd-43cb-8783-c62c1dab743c,1
4838,4903d690-2635-4ae9-a348-0ddcf759bb0c,0
4839,4905b7c5-fddc-4583-96ac-3cd4c0af34d7,0
4840,4907aedd-8993-49be-8ae3-cc54e95aa814,0
4841,49125e6f-3372-4825-9894-06f1328715fd,0
4842,4913a0fd-9867-4845-a205-5c6fc6638135,1
4843,4915e276-6f5e-4007-9e14-6c1267a553c3,1
4844,4919a305-728c-4f79-8bb4-363a34c3e204,1
4845,4919f837-37d6-4e1d-a700-16d7f1c550a5,1
4846,491a4d8c-b664-43d7-837b-214862bc29e9,1
4847,491dd7d2-2b90-45f6-adeb-d9f0b8cac05d,0
4848,491ed75c-f2df-4eca-82fd-a0581ee00492,0
4849,491f017d-f6c8-4934-b517-07932378e8a8,1
4850,4922ebf2-a702-4d2a-af16-0293ba0ee279,0
4851,4924ae33-0e74-454e-8f84-cd645549d698,1
4852,494767fa-3a60-4bcd-9c6e-27c20ad0a58d,1
4853,494b0f41-1303-4686-a9cb-d6063f08e170,1
4854,4950b349-7395-4690-95e9-2dfc37af13a4,0
4855,4955c232-d980-4ac1-9973-ad99963c155f,1
4856,4955faa2-aded-4feb-93ba-ac2c1fa4c826,0
4857,4957e5a7-892a-4bf8-99d0-a47542a52b80,1
4858,495a258e-a146-41ac-8206-85f87894ce06,1
4859,495c910c-b1d2-4c2d-b403-7917246c2901,0
4860,495ffc5f-3c3e-4e1a-9643-124edc8f6600,1
4861,49611388-e96a-4a27-a731-b6d612381c84,0
4862,4964d527-f6e1-4bc5-9b00-e5844cbbd04b,1
4863,496527f1-170c-415a-8225-b4768eb754a0,1
4864,4966379e-6862-40b1-a8fa-2bf8950d1679,1
4865,49689894-223d-4d35-9f51-4f29000281c3,1
4866,496ac54f-bb49-4f7c-af2e-b926c0f376d1,1
4867,496f33c4-b34d-4d28-ac72-e34c2ad48508,1
4868,49722916-94f1-4cd6-aa02-c6fb509cb722,1
4869,4972303d-430c-4f10-8379-f32d00e0be9c,0
4870,497628cd-a56c-4f61-bc3e-96891ca78bd7,0
4871,49766a14-59b7-47d9-994b-37089ead7849,0
4872,497cdb4b-8851-47d8-8427-48bc05f8e7d3,1
4873,4985f689-65b8-4cda-b3d6-d61ecebc4c69,1
4874,4990dd6e-6a70-4f9a-a390-0bb6e2c6702b,0
4875,499501f2-137f-417b-8591-1eea7a8d7fcd,1
4876,4999f1d4-b488-4f2f-9918-541fed7ca5c1,0
4877,499bd935-a3c6-4914-b9a6-4c2f62568980,0
4878,499c3b85-b30c-4489-96dc-110ae6a87068,0
4879,49a191fa-b8c2-46f6-8021-3079a660700e,1
4880,49a5d0a9-c258-4e41-a2b7-2b7b565c0db2,1
4881,49a72b77-e7f1-4fcf-b8a4-314361107762,1
4882,49a90541-0246-4b79-8009-876f7f63c251,0
4883,49af6a7f-8cb9-49ac-9f81-203c5b8cdb75,1
4884,49b6abfe-891f-48c9-96a4-0a05218e99fa,0
4885,49beb43e-c395-437d-b1b6-8c80469b245c,1
4886,49bf3288-a1fd-4d8f-8ff6-2c2581c5629c,1
4887,49c0b161-4077-4992-b74f-b1aecbd107e3,1
4888,49c170af-eddf-45d0-b4a0-3cd6eefc94dd,0
4889,49c935d0-5b49-4f47-ace5-9783133d113a,0
4890,49ca0f3b-6737-439b-a745-4406a1e72d17,1
4891,49cca462-27e2-4d6b-b6dc-d2344d21daef,1
4892,49d501a8-2ca7-411a-93d7-c589eb8dce31,0
4893,49da4eaf-27c5-4e77-8e8d-3521cb202174,0
4894,49e7d2f5-ce51-41c7-b78a-e16208e93006,1
4895,49e8d3c4-edf4-450f-ab18-a17400f9c330,1
4896,49e9945a-808f-41b3-aafe-7757dd5d0fc3,1
4897,49ed7ed3-a113-4bb4-b2ab-735534f0593d,1
4898,49eec970-c1a9-42fd-8296-8bdeaacbea52,1
4899,49eecb73-656c-4c98-a3a6-4f0232deea25,1
4900,49f55fcb-c765-4e67-b561-5808e253d766,1
4901,49f81aa4-3710-4422-bed4-27b88f28d463,1
4902,49fa3389-820d-4189-8b9d-3c7d63b23143,1
4903,4a0147b9-0d87-4383-915a-2a235dbf03fe,1
4904,4a04990f-1664-4c7a-8503-4f0a00bb9899,1
4905,4a0f1d38-d3ff-4de5-bcbf-cf8a499f4a92,1
4906,4a11eaa8-a500-45f1-98fb-affb5d9d271a,1
4907,4a14f4f2-eac7-4df8-9c1d-18e3d4070e7c,1
4908,4a1f69b5-19f1-4842-ba88-11d62cfc89c6,1
4909,4a36cec5-451b-4bbd-9131-1f8645d1e244,0
4910,4a3a7718-eab6-4254-922d-12e6b70900cf,0
4911,4a3d2816-3593-4867-907a-707d6222d310,0
4912,4a47c0b2-21e6-48f6-a0c4-40ad97b5b0cf,1
4913,4a485e61-0bda-4f9b-8775-b85025330381,1
4914,4a4a0be3-c5b3-4525-a964-9673da4ddc27,1
4915,4a4c6b1c-b635-4329-ab05-6a780fb75297,0
4916,4a559f47-3a47-40e1-8f07-9e4393f9a136,1
4917,4a5e72ad-d04e-4710-b0fd-292291e9b696,0
4918,4a6f95ae-63f2-4e4d-815a-9f6ee5f485d2,1
4919,4a70f7a4-9e58-4848-9d50-133ff1bbb316,0
4920,4a71ead6-8341-4448-b0e9-06e43f71b1f9,1
4921,4a763db8-13bf-426c-9b46-4f30d944a665,1
4922,4a7c0f35-d388-4957-93d6-6f5f23f0590c,1
4923,4a800cfa-c701-414d-bfcb-d393f678fd9e,1
4924,4a84fc5c-a297-450c-b77e-88a7a2008dce,1
4925,4a87fb21-d4c9-43ea-a5ae-1ff4c6aed39b,1
4926,4a8bed55-55ac-4f94-83dc-09736e9560a9,1
4927,4a8d34fe-575a-46f3-9f8b-c63764ff02cd,0
4928,4a91d82a-0a18-40e9-bf52-182e632053a8,0
4929,4a934c13-433d-402b-b176-10f8b6b7ed7e,1
4930,4a982601-901b-4676-a396-86b5fdd1e7e0,1
4931,4a9b6d20-4462-422f-b819-87597b266424,0
4932,4aa31ac8-9804-4001-a7ea-e41bad782ae1,0
4933,4aa361d7-6a56-4a8a-a523-062ac141f407,1
4934,4aa37abe-9898-4bee-84b2-91f4eb6aeb00,1
4935,4aa5576a-5bfc-48bc-b174-8b5eb886a4b1,0
4936,4aa72e4d-4608-4d62-adba-197c2722ce66,1
4937,4aa8a6ec-ec95-498a-85dc-774003fd022a,1
4938,4aa8f5cf-995f-434f-bce7-c06818ac7b21,1
4939,4abd3c66-02f1-4541-9d51-c8bedbc88808,1
4940,4ac03aca-fc15-45cc-8bd4-9c95fba88451,0
4941,4ac84ed0-7b6b-40af-ad42-8b308a48e7e1,1
4942,4acad2b8-da79-4ff8-acf7-18daac7b7bbb,1
4943,4ad702d5-8403-4188-94cf-e0cecf48fe38,0
4944,4add8133-dc32-4b1f-a044-d651cb243826,1
4945,4ae37c58-e2a2-4177-806b-d836cade6075,1
4946,4ae7ba0f-69aa-49f8-a4d7-a08eb9965e74,0
4947,4ae9b789-2112-49e0-a42c-2a84503a5bb5,0
4948,4aea9eac-abd1-40c6-8eb9-facf94d47a74,1
4949,4aed597d-6b5d-47b0-91b2-1939574a9160,0
4950,4af25df7-d10b-4ab2-a33b-071f85572c1b,0
4951,4af27df2-c710-4ce7-a664-e33b87a05c24,1
4952,4af6c9ee-3ad8-478b-a922-d2c81c6fbd3f,1
4953,4afa626a-324f-4584-a467-067592f56946,1
4954,4afb9657-386b-4a8c-b898-764f349704ec,1
4955,4afb97e5-36ed-4828-b617-f2a5c3ab65f7,1
4956,4aff9887-62a5-495f-be15-c01a24ae2067,1
4957,4b0057c7-2009-49fa-98d0-aed0a2fba045,1
4958,4b00a40d-62dd-41b3-8ed3-c917cc99f51c,0
4959,4b060dfd-21bf-4c64-8aee-60168edb4b47,0
4960,4b08627d-31f1-49c4-85ae-0cd3e8d1f8f9,0
4961,4b0ce7a6-3901-4e18-a0c7-0a83cfe83c23,1
4962,4b0e7de1-de39-4345-93a2-d9a4d4cd11b4,0
4963,4b12e171-cc7e-45a3-bd2f-1997f59fbe9d,1
4964,4b130be8-d139-4c50-ae8c-7daa598989be,1
4965,4b14dac9-48fd-456a-abe0-f7c592463eb3,0
4966,4b159ff3-4303-4d5b-bce6-1097530f1665,1
4967,4b1eb02e-51bd-4a19-b93e-1633a4f7b586,1
4968,4b221dff-75a0-428b-951e-3bbd3366eb29,1
4969,4b2459af-3b7c-41e7-abba-62f840eb2e7c,1
4970,4b2531ec-b384-449c-a542-c50131a3eb85,1
4971,4b25bbc6-b326-4d40-8bc2-25d797fc8b04,0
4972,4b2b3b2b-1443-4d43-9ecb-c3f11cf1d6d9,1
4973,4b327666-0cd6-4bc4-8ec4-a5963170dc1d,1
4974,4b334d05-7a65-4a64-8990-cb2720918d61,0
4975,4b358722-2d46-4023-8b2d-e82a4cb7af64,1
4976,4b394b96-780b-422d-9413-ade3519cd134,1
4977,4b42b101-4030-4981-814a-032f86726dee,1
4978,4b458cfc-d62f-4982-8293-45609ce28dde,1
4979,4b496a0b-fb1b-4570-a5f8-40dc8d1be055,1
4980,4b52fcfc-09a8-42b6-80a5-d43cbcc1f553,1
4981,4b58d17a-1f9c-4b29-9cae-58f03625ea97,1
4982,4b599de3-fb0a-4231-8bbe-127df9c24d76,1
4983,4b614a90-6659-4d0d-bc4f-205e6be92798,1
4984,4b630674-6d53-4d67-971e-7058d8af0001,1
4985,4b69f7bc-2141-4937-b624-272819168dfc,0
4986,4b6eb100-54a4-4daf-9611-adbf78555e1f,0
4987,4b7295e9-3f03-48a0-bda5-f416782d7ab4,1
4988,4b74c727-ad98-4c03-b76d-db01e5caebe5,1
4989,4b7bd12d-aad1-4fe3-b045-06f202ef57cb,1
4990,4b7ce1cc-208d-4598-803c-a64e721c57b9,0
4991,4b8296e5-2d29-491d-9aa9-c377e8628607,1
4992,4b8b3775-5782-44ed-81cb-154f61357f40,1
4993,4b903f88-61ca-464f-be7e-229001e39c08,1
4994,4b924d77-9c50-4686-9753-3dc4988ef92b,1
4995,4b97f150-d8f5-4154-bc67-21e1ad306ee9,1
4996,4ba692b1-6195-4f1e-aaff-cb6dcffa82b0,1
4997,4ba7475b-a51d-4a05-ab02-ffac0150b0ed,0
4998,4ba840c9-cfc2-4a05-aeb4-b3ff88ac5019,0
4999,4ba99ecc-67cb-4859-a114-fbaf938cb805,1
5000,4bada60a-d2af-4446-bf49-5cdbfc2205af,0
5001,4badea56-6951-4651-8fad-cc63460f4c3f,1
5002,4bae7a47-f362-4536-a739-5d47bd5aae6b,0
5003,4bb3bac8-fd96-4648-88c2-688ed00462bf,1
5004,4bb3ec12-549a-4bef-bfbc-6669e5d30060,1
5005,4bb89c9e-7131-4d72-927f-791be93ae413,1
5006,4bbcecfd-b9f2-4066-91ae-e39f9bfaa8f4,1
5007,4bbd726a-b702-488a-97c3-a679042a572e,0
5008,4bbeeec1-dfa1-49c2-baa6-3ad227262b12,1
5009,4bbff6a6-1e57-462f-9df2-82eef18996af,1
5010,4bc60708-3e0b-461a-8638-a39d7f186a21,1
5011,4bc8e633-cef1-4980-aec8-6ae3f26101bc,0
5012,4bcd42d4-f359-4131-a243-d87f120f1961,1
5013,4bce05fb-3378-4d3c-a15f-cd24849261fb,1
5014,4bd42787-e9bb-454f-a973-6453f8858383,0
5015,4bd8c463-df4c-4557-a1f2-320c7e781023,1
5016,4bdc4487-e83c-4110-8754-acdb35f5ba2d,1
5017,4be2bc4a-13c1-4e92-a7e7-4bad18a771de,0
5018,4be52173-0a5a-4e08-83e2-76e4a9d463da,1
5019,4be73c48-1f04-4a73-8c10-9c29c4b76924,1
5020,4be79898-d036-4f7b-b570-a72a518f38ab,1
5021,4be87883-5b3f-4cba-81e8-021092e3f9f0,1
5022,4bebaec5-0161-4c2a-8198-cd3f9ccdf681,1
5023,4becd8f5-c8ff-4272-ba0c-162f97aacbb4,0
5024,4bedb067-b799-4162-a06d-29dd8a39a0b5,0
5025,4bf1278a-6a03-436a-b480-5c0d56c78624,0
5026,4bf20d5c-1890-498b-b08d-4a62ebc64019,1
5027,4bf835b9-34fb-45e4-9b48-3b0b8ab2ca1b,1
5028,4bfd3970-c4ee-446a-929c-f0f3af7eb255,1
5029,4c0161c4-a932-4330-8c1e-d90073423334,1
5030,4c051a91-61f4-4642-a33f-41a63b3dd571,1
5031,4c0544de-9f95-4855-8cdf-c2c781ec9777,1
5032,4c061f88-f35c-469e-a00a-6b7fefb8debf,0
5033,4c0fdfed-ff0f-494d-828e-9b3d17d658a4,1
5034,4c1153fd-1e51-4da6-95aa-093dc9615069,1
5035,4c1159ce-7ef5-409a-802d-945ec833f052,1
5036,4c1763a7-cfc1-426f-96d3-7fe4dd922ee7,0
5037,4c1bb8ab-e329-43ba-bf10-53a6a3fcf64b,1
5038,4c1d0df6-ea35-49e4-a967-9c4b5b2cefcc,1
5039,4c2084f6-d743-4183-afb0-4d0be7c661e7,0
5040,4c2a7bf2-895a-452b-8efa-baa1f3c094cc,0
5041,4c2ab315-65cf-4f9e-920b-a664b51bb53b,0
5042,4c2cd5d7-227b-4005-ae5a-8df17c58e83d,0
5043,4c31336f-d11e-4aa3-b4ed-5f4890f1e831,1
5044,4c32424d-0185-4fc2-97a8-237769ed4eac,1
5045,4c373725-9562-4d10-996f-8232bbfe9fa8,0
5046,4c3ccd38-211d-42af-b11c-c994c0c57dec,1
5047,4c3d2aa9-51b4-437d-9082-a2b8ad64ae8b,1
5048,4c434148-d19a-48fb-a9a7-873c3067909d,1
5049,4c4b23cb-9be2-4738-8d73-92728799481e,0
5050,4c55815a-f270-4c13-97c2-139d16df22a1,1
5051,4c571650-2887-4788-821e-74a854c4e2cd,1
5052,4c598d1b-99c3-491d-8895-ca37a1842666,0
5053,4c5c563d-723f-451a-ab70-e9f0821e7790,1
5054,4c6a4010-1727-431a-8188-652f5d008d6a,0
5055,4c713c9d-c062-41fb-878b-73bb63933467,1
5056,4c739bdf-13df-4190-91f1-8e4ce2511296,1
5057,4c7626be-4460-4f1c-888d-03482c62f3db,1
5058,4c796704-a725-4ecc-a32c-35163fe07100,1
5059,4c7fdf2c-5aa4-4f72-a977-a95c890a93d4,1
5060,4c827f59-6c61-4c58-b82a-22bbce1c31dc,1
5061,4c839d08-4e8c-4964-883e-7d91f96cbf18,1
5062,4c8a165b-57da-4fa8-99fc-552cff07ec78,1
5063,4c8b7f2f-b1a5-4686-9330-fd25da4fcaf6,1
5064,4c8f9998-3bb0-487b-b985-cc7a6ac17761,0
5065,4ca5d287-75c1-4db6-9d11-daf1882fa74c,1
5066,4cab7263-b506-4e34-b56a-874f866fe0fe,1
5067,4cb8dd5a-cda2-4d72-a8e2-fb14f4236fd6,0
5068,4cbe9fad-e53d-4b12-83a2-c78616e1c21a,0
5069,4cc0098d-cf1b-4003-86a8-1dc8101c1b50,1
5070,4cc58ebb-9d2e-4828-973f-9e75d607f5b3,0
5071,4cc7c4cb-888d-4c33-bcfe-a39b858ee46b,1
5072,4ccc3b31-710b-48c2-b356-e03d8c2e67a4,1
5073,4ccd44ab-41c5-42ee-b3c3-a1606f094b24,1
5074,4cd07d99-4db3-41da-ab33-d0357671b055,1
5075,4cd3a95d-a9d1-4032-ad5c-682ed2fb51b1,1
5076,4cd604f5-60b8-490d-a4b1-d1d552659f19,1
5077,4cdd2871-9bf7-4a74-8fe3-0abe7aebde02,1
5078,4cdd8cc2-d95a-45af-8c23-6a3f1a78f841,1
5079,4cdea5a8-b525-4237-9e79-3bfc68ca2370,1
5080,4ce3ea99-169d-469c-8b67-5d1c6d72e474,1
5081,4ce595ae-4d2d-4375-88d0-c7d86eebf5c6,1
5082,4cee865e-9324-41f2-9977-2171764d09e3,1
5083,4cf0ea38-bb3e-4f12-b75e-09ffed0c0111,1
5084,4cf244cf-9251-4e29-8637-1af5360e12a2,1
5085,4cf3a378-56e7-4e2b-8851-e8fbbec43fac,1
5086,4cf651b3-e704-44e1-bd2c-8b1bf75d7f58,1
5087,4cfc6669-e232-44c6-955d-ff04bfe9d761,1
5088,4cfdde31-9d0a-458b-b016-5b363ca4f778,1
5089,4d001e67-0def-460c-be8c-e0fe36eabaa4,0
5090,4d01a664-f945-426e-95f4-84620a864de5,0
5091,4d04f151-1085-4bf8-aeeb-12867168af62,1
5092,4d06cb5d-8fde-43bf-a2fd-05badcc33672,1
5093,4d0d487c-8979-42ac-904e-23ee4cce741b,1
5094,4d10d07d-ca01-4e71-8c06-3ed922427720,0
5095,4d11f56f-0348-497d-b546-4a2ef291385d,1
5096,4d12d82c-95fe-4191-80bf-ad3d310feba2,1
5097,4d1b59c0-00ee-4092-9f30-296003bdd7c5,0
5098,4d1fabb1-10ba-4ed3-847c-146c4e7e806c,1
5099,4d27d2a1-5caa-4e6a-93d3-6719728ea716,0
5100,4d290df2-47fd-42d3-b694-d067d62611c0,1
5101,4d2a4eec-b71f-4f69-be4e-6e3a01a8c06f,0
5102,4d3120b1-dfa1-432f-b746-24c4d59b62ec,1
5103,4d36ea3b-e1a3-4d9d-8864-045f73cd7cb6,0
5104,4d37a351-6912-4000-bf39-8efa541ad61f,1
5105,4d400723-493e-444e-b15d-40d60044e40e,1
5106,4d4a0de5-e692-45d4-83e0-2781ba434152,1
5107,4d4c29d5-c01e-46cb-96c4-5006b2200249,0
5108,4d4df89c-d87e-4a97-ba11-8752b75ef91f,1
5109,4d4e6f48-0189-41f2-a1b0-0de8384b4a7c,1
5110,4d500cf6-31b8-4d3e-a2ee-aac6f90f49da,1
5111,4d61a40b-ffb9-4862-b4ec-8dbad15ed759,1
5112,4d655e62-59d0-422b-b6eb-5fda596263de,0
5113,4d66045b-5e9b-4b63-80a6-c67989458821,0
5114,4d69297c-93f4-4964-8568-dd8b76acef7d,1
5115,4d6c0fa7-3286-4a04-8351-0be6591e5602,1
5116,4d6ff240-dee2-45c2-bcd5-e5c3f16f68c5,1
5117,4d715c60-39f8-4479-8afa-07023848b427,0
5118,4d718a5e-a792-4900-97c2-ba625db50382,1
5119,4d791610-a88e-447a-858b-5ccd858f4b54,1
5120,4d7e0f58-aded-4092-8dc1-b7340e3bba03,0
5121,4d7f9242-b33e-48e2-9204-9ca87abc0278,1
5122,4d80372f-d602-4ba8-b005-64b5082f42a4,1
5123,4d8209c5-a948-46b1-9b68-d8437589753f,1
5124,4d822bb4-aec6-4b7d-816c-25684f5cd789,1
5125,4d83a37a-51ac-4181-af1c-acfb8ad3812f,1
5126,4d83db90-3767-499d-a9db-b8e57a7fc2f1,1
5127,4d88d25f-fe87-458f-a777-118e44589e1f,1
5128,4d8ac162-db74-4cdb-973e-fea4eda376ec,1
5129,4d8ad184-f83f-4bae-981d-02b2462cb827,0
5130,4d90b17e-7d18-40c4-9744-00e1c67f681f,1
5131,4d92143e-2025-4e0d-a043-fd6d707df794,1
5132,4d94a5cb-97ad-46ff-8b9c-9c9ce258066a,0
5133,4db71caa-7d68-4973-9089-c302a72d4ad3,0
5134,4db9ca12-4dc6-4801-ae0a-528c80ca1eb0,1
5135,4dba6dd0-9f00-47a7-86d2-50eb29aac671,1
5136,4dbffbfa-ae2a-443a-a78b-658e77f29242,1
5137,4dc852e5-8602-42da-859a-e0488bc85c38,1
5138,4dcd4a30-be99-4267-b142-0ee99b486cc2,1
5139,4dcdd194-d013-4c50-8a6d-de8256eb170b,1
5140,4dd073e2-a3d0-4cd9-aa9f-40d3d456ae7e,1
5141,4dd0830b-b2f5-414a-986f-1f9791c2ff54,1
5142,4dd66480-34e9-44e2-8c27-a5fef9d7a130,1
5143,4dd72c3b-8af5-470f-8b63-bdeb3c35b4a9,0
5144,4dd994e4-bb29-4115-970a-8dfcd255be16,0
5145,4ddf7820-6812-430f-84d9-396126c608a5,0
5146,4de002d3-478e-4454-b7ac-1da68497b736,1
5147,4ded3023-5f6a-4111-8fce-743d8d71f778,1
5148,4df82de1-3bb5-4385-9709-ecdfee07e9ba,1
5149,4dffeb7e-e77c-48ba-b1b0-732a160b2ade,1
5150,4e0025dc-c321-4c7e-9b25-916b235a8c66,0
5151,4e02cf06-c20d-40ce-8660-c20b620edd15,1
5152,4e0990f1-08c6-4b6c-9273-aeda2db0cca9,1
5153,4e0a3795-ce2b-4781-a201-4bea5e9ee235,0
5154,4e0a5630-bd22-4a1f-bfa1-2002f7a0bedc,0
5155,4e0e3f57-dc13-4e3f-bee0-6d1d8e6e5cb0,1
5156,4e11a70b-d890-45d2-b5d7-93d7a4f395ca,1
5157,4e141318-7b67-4c36-91d3-65b0a214a968,1
5158,4e14abc5-f716-4716-b76d-05f68e320d8c,0
5159,4e1b44e3-7470-45be-9ae5-b834de53e494,1
5160,4e27cd33-1714-4165-97d3-451a1a5cc9c7,0
5161,4e2e9259-b33c-41ab-bb3e-8452955c3f63,1
5162,4e2f62a9-992c-4c24-a352-2ad9c554f935,1
5163,4e2f93dc-1ddc-4e0f-ba69-aa556dab471b,0
5164,4e2ffbc0-4683-4cf8-8003-e38c20b6f8d5,1
5165,4e3158ee-2989-439b-8c39-d16e49f228b5,1
5166,4e3181e7-19ba-4b13-b584-decfd11bc3b4,1
5167,4e3aca53-4728-4026-a896-37a642184f98,1
5168,4e41ee4e-c94e-4cda-988d-3bb01e5e20e8,1
5169,4e43225d-b21e-4a6e-8513-6705a04824ec,1
5170,4e43900c-69ee-4e93-b012-2b648d071f77,0
5171,4e4394c9-d982-485d-be85-797f32b072ee,1
5172,4e476700-aa2a-4890-ac00-3d8502eabc54,1
5173,4e4985c1-8de9-4b50-8fa3-8f028752b63b,1
5174,4e4b63ab-7430-4b0d-abbf-fc508e442f3e,1
5175,4e4b7414-1bd5-4f96-8086-153ea27186a8,1
5176,4e5090fa-1c27-42d5-bfdb-3707df6c5b6e,1
5177,4e597c6b-95ae-4e0d-ad3d-7bf410dda750,1
5178,4e61f360-3b72-4b48-92c0-dcbeaa02ed0b,0
5179,4e623d6d-6fcb-452c-a6a6-9916a76fa994,0
5180,4e676019-b27c-4c21-84a1-1ab6a1c6fcb6,1
5181,4e6a0ebd-2ffb-4d19-8102-83b33c5349c3,1
5182,4e6cd44f-5657-4b3b-b5ef-1242bebbece6,1
5183,4e6f8eb1-b094-48d5-9e19-aab0989305d4,1
5184,4e720b17-122b-4ccb-be9d-269c222816fd,1
5185,4e756197-dc7f-474b-a38b-6ce3618fea4b,1
5186,4e7649c1-a2c4-40ed-98dd-c5ab718eeea9,1
5187,4e7b1ac2-5a81-426a-8c99-c424735bdab3,0
5188,4e7c1701-67e3-4c62-a444-4d01d489392a,0
5189,4e8494f3-0ffb-41dc-956a-5488d765f362,1
5190,4e851313-03e7-44d7-8d1c-340fea5e2520,0
5191,4e86788e-01d6-4d0b-821c-271cef63ba39,0
5192,4e86947b-bf9f-4eb9-8d8d-fed3479ac2a6,1
5193,4e897ece-9d54-4485-ae67-a7156a8c9f2e,1
5194,4e8e8cc2-9af9-4ed1-977e-a98d6ff494c1,1
5195,4e8fc227-600f-4fbe-93bd-a03e5d5bf4a6,1
5196,4e9761d3-a237-4c05-9c77-6b726867c8ac,1
5197,4e9f8e49-f702-4fec-b528-de92c998d1ad,1
5198,4ea08350-2d36-429e-a6b5-e7ff5f870aea,1
5199,4eaae437-fecc-4624-86eb-2e930f174cd0,1
5200,4eaaebec-5309-400f-9424-5505c7e1fa3b,1
5201,4ead08ff-9813-4cfc-a047-e5b318b7c995,1
5202,4eaecdb8-10e3-46bd-b025-96f5e05913f7,1
5203,4eaf38da-d6f2-476c-8f32-3298a1aa9f14,0
5204,4eb7dba2-5c77-43e8-b3e8-c7082a58863a,0
5205,4eb80aba-ffc0-4684-be0c-c16485c82c59,1
5206,4eb9b9ca-66c8-4548-8bf7-339316ac1894,0
5207,4ebbac14-4eed-4002-9fe4-ee0d4b6467cc,0
5208,4ebcce95-d903-4d41-b8e1-7286e4aa708b,0
5209,4ebf0132-5b8e-4f34-b61b-1d7156d789cf,1
5210,4ec1d13d-971a-48e5-9219-92a051425a54,1
5211,4ed4eeec-c3eb-48f5-b721-ecf9f792f42b,1
5212,4ed890d8-b880-4c33-8838-daf4fc87bd0f,1
5213,4ed981d7-02a5-4f34-b124-ed103a5b55f6,1
5214,4ee055b3-b3ec-4bef-ad75-7d13748f4fbf,0
5215,4ee6c152-e42f-4d97-931b-a96bc544c2b6,1
5216,4ee77116-bf1b-4427-8b52-2322fc9a7743,1
5217,4ee79cfd-530c-40dc-9817-e3609a620cbc,0
5218,4ee862c3-82c7-4409-80ec-97bf34f732eb,0
5219,4ee9a774-e6fb-4718-b653-411490d924d9,0
5220,4ef350e2-4d39-4823-8169-f0f54fc622ae,1
5221,4efb2c88-c1dd-4099-bad8-b8f49bb22d6d,1
5222,4efef6d9-67a9-4893-ad8a-701c9abc1d8a,1
5223,4f0024a3-e2aa-4033-9b04-5c29595e8d49,1
5224,4f020656-ca26-41b1-971e-21438a628fdf,1
5225,4f0649fd-169f-4fa8-892f-daff0a3894e7,0
5226,4f2780bb-a927-4f81-b522-ae066169bfeb,1
5227,4f28a007-8f48-4bd0-b846-13f1300103bb,1
5228,4f2c4544-2531-44f7-a72b-5027928dfe1b,0
5229,4f2c6197-4341-4572-b325-c25c5b6cca8c,0
5230,4f2caa8c-0d43-4c6f-8762-40d69b7b78a1,1
5231,4f31cb14-f0ce-4524-b0ef-9e80d439ed83,1
5232,4f337ec9-7adb-4550-990b-41893f3315d3,1
5233,4f380a15-968b-4ab8-b5ea-f5e74321d233,1
5234,4f3b5238-9611-4420-919f-fa404390e226,1
5235,4f3d6a30-4b69-458e-8d11-b0f3ccdec816,0
5236,4f3f1d02-4120-4211-950f-0874109f1475,1
5237,4f41ead5-10dc-42e5-ae2c-396ac0d1d117,1
5238,4f4dc4f1-ec83-40fb-9958-5fbd89feb054,1
5239,4f53888c-a56f-482f-95ac-79ace278bb14,1
5240,4f541cb6-c753-469a-b7db-81e0ab3b36ca,0
5241,4f5a9a44-f563-478f-8916-839d60d0ff45,0
5242,4f635866-0de2-4aa1-b6ad-eee7d79671ad,1
5243,4f67771a-7307-498b-8dae-1a961d7d809e,1
5244,4f6e326a-4dcf-4d9b-9add-0aba218b6019,1
5245,4f72b9d2-23c4-4b3d-bdb8-9b0c92bd62fe,1
5246,4f7846d1-04e8-4b6c-a28b-a699c9bf3f74,1
5247,4f7c8bb5-664c-4ed6-825a-404372e1d9b9,0
5248,4f8a773e-e66a-42d6-82d2-a5be6648de1e,1
5249,4f8d3b59-7e60-4f74-8ca2-cf5135c4fae0,0
5250,4f950b72-987e-49e4-ab57-842aa289e3c5,1
5251,4f96963d-492f-40c2-bea3-fc883d116afd,1
5252,4f9d7e1b-8849-43b1-a788-69428499e329,0
5253,4f9dc89e-69e8-486d-bd08-8b03dacbd62e,1
5254,4faeb21b-841c-4ab3-8e1a-66965bcf0945,1
5255,4faeca20-2635-42e5-a19b-eabebbe23d10,1
5256,4faf60e6-6ed5-439a-a179-df18165dddcf,1
5257,4fbece2e-b31a-4db4-ac78-6b63ae92ad90,1
5258,4fc50dba-d763-4b57-acad-8fa052aa158c,1
5259,4fc6c18b-45ae-4636-9050-e1f03ec8d9c6,1
5260,4fca6ca8-d3bd-4479-ab1f-6d7548a757eb,0
5261,4fd16c5e-ce3e-491e-9554-092f6cada34f,1
5262,4fd20d21-220d-4606-aabe-40c8114c0674,1
5263,4fd71e2b-ab04-4c1c-8336-5f993d506bf1,0
5264,4fd85cf1-1b33-4253-8535-cf5e3d79d101,1
5265,4fd9242b-4bd6-422b-928b-362ac02a7499,1
5266,4feaee3c-7489-480d-a61a-14487fc57105,1
5267,4ffa6963-7198-42b2-bdf9-c6bec25e437b,1
5268,50048c03-2b54-445e-87e1-de2a076f3173,1
5269,50070828-caa8-45b6-a8ce-c07f2882598c,1
5270,501a5de5-eafe-4e89-8b54-88c248e90dca,1
5271,501b4890-2a90-49dd-9f6a-8de131daa96d,1
5272,501b7324-54f7-4896-91b2-e41bdb85d672,1
5273,501c68b5-10c2-4841-a111-dc83d87cd10a,1
5274,501e7f8a-4ce2-4c21-9415-495ccb477501,1
5275,5020b910-a70d-4b42-a9ff-e7a77c9d7fe9,1
5276,50278290-4f10-45cf-aa2d-6659451d9283,1
5277,5028fb56-d7b4-4d38-b959-25033675f08d,0
5278,5029c327-31b1-49d0-a3dc-f882c1dd81b0,1
5279,502e69f1-5857-4609-86fc-1af31e912272,0
5280,503119cd-ba1d-4f69-ba01-cec4d79e5aba,1
5281,50375201-4d4b-4b73-9732-013cbe69c4ac,1
5282,503a23a4-f942-4573-8086-eec2ffe0ea4a,1
5283,50408d01-4dc7-4d57-9949-84ce7930c4d9,1
5284,50411db8-3fa2-4599-b9a5-f2fed5b89403,1
5285,50431193-264e-42b8-a218-a4eb0037226f,0
5286,50441898-f8a4-42f4-9abe-f9622ce880f3,1
5287,504d2606-f1bc-417c-a7d0-beb6226b4af3,1
5288,505e097f-10bc-4e26-8282-ab380a3ed554,1
5289,505ec3dc-d141-4790-bd7b-bd7ae5eed9bc,1
5290,5063cec4-c87d-481b-88ea-4dafc5e3c9a2,1
5291,506700bf-f646-4101-abaf-0afe9ac054d0,1
5292,5069791e-f12a-45eb-b943-8ef9b461a778,1
5293,506a5316-ff17-4a83-a45a-4dae8bf72621,0
5294,506bfac8-2a69-4127-a5fb-df352db4a31e,0
5295,508087bb-9e0d-4473-8efa-2ddb36d2a475,1
5296,508679cf-6711-43db-bf3c-6d710881f0b5,0
5297,50878fd4-04d5-4dac-a2d2-2a8b39df716f,1
5298,508a9ce9-905e-44e0-af4d-f2c5dd16f8f3,0
5299,508af31e-10b5-4380-97a2-460ffee2a858,1
5300,508dd64b-e552-4764-819a-efc876131ff9,1
5301,5097202b-84fe-4e2e-b652-96c5abdcd3fa,1
5302,509d2e2b-5479-4823-8745-6f4959a7fd8c,0
5303,509ff85a-7b95-4097-af91-82f63f8ea107,1
5304,50a0aa68-0c86-4dcc-af24-ee0c8e92c4cd,0
5305,50a34776-ec6d-43d4-ac9d-cf069f28b251,1
5306,50a3bab9-2a8d-489b-982b-95b9a9bd3bff,0
5307,50a61947-7d4a-47fc-98ae-2d09b04a2c1c,1
5308,50aed3e7-512f-4e1a-b4cd-58c47621e4be,0
5309,50af9f44-789c-4d17-b230-f6284cbdde9c,1
5310,50b7d01e-ee41-4854-846a-59259bc23a05,0
5311,50bbe216-5937-4e74-b327-ea0818cd55f9,0
5312,50bccc17-4981-4c9c-a85b-e803aacc85d5,1
5313,50be710a-573e-42f1-b8a1-23896a121ccf,1
5314,50c28229-4fdb-4049-ad81-af1fceac7984,1
5315,50c46798-3a12-4a4d-aa3b-88420e4cc71f,1
5316,50c4a3c6-a237-4787-8dec-9b8ea10225f9,0
5317,50c65dad-5875-4af4-aff6-747cb4595915,0
5318,50c8ce39-9bce-49f7-bda7-692d38671ac6,1
5319,50ce1e41-07a0-407c-8364-0e8fbe4fd9d6,0
5320,50cf21bc-5265-4a70-b3e3-c4d3612cdbed,1
5321,50d0f036-232d-4d46-a03e-c803e2c2140e,1
5322,50d27900-7305-420d-b2a1-7ca5f9b367eb,1
5323,50d34be3-0575-40d2-87f2-08f9ae72c410,1
5324,50d92cf5-e2a7-4dcf-8db0-913d2cc36836,1
5325,50df14e7-9d76-4047-b706-5b04adab7284,0
5326,50dff5b9-07c3-46df-9b07-2822d61d6892,1
5327,50e1a054-5e28-42b0-a984-330afc7cbd68,0
5328,50e1a172-dd50-4bfe-9477-8783f8e645d0,1
5329,50eaa3bf-fb2f-4c54-ac49-b961acc666a5,0
5330,50eef1ae-acbc-4300-b17c-0bf269d7a8c3,1
5331,50ef6cac-0155-4ff6-84eb-383c8a7b9598,0
5332,50f458cd-50f1-4830-aff2-402c78289e51,0
5333,50f49d74-6e67-48d4-a2c9-4a365acf516d,1
5334,50f4dec1-ba25-40ec-b93f-6eb85a253b0e,1
5335,50fb9d26-1b02-4853-a9f0-e1009e11fe7f,1
5336,50ffff9c-7248-4cfb-914a-81ab3a9e3eb4,1
5337,5100dedf-eb4c-4c92-ac04-827335f03ed7,1
5338,51038baf-d84d-4534-86aa-3102e15b67cc,0
5339,510cef7d-40eb-4342-b945-efcea459d83a,1
5340,51115066-e4d8-4fae-94b8-b00cdcaca6ca,1
5341,5112d7e9-c88b-44a1-8989-321d74d8fa56,1
5342,511547d3-fcb8-4908-ba81-2cfcaaebca5b,1
5343,511a5fae-fec6-4e21-ac7e-b5d333a40b0b,1
5344,511d6ca5-04d5-4998-a0db-48deec0d433d,1
5345,511e34bb-2e92-4969-a925-b1eeffc48a10,1
5346,51273be5-a3bf-459e-9f6e-fe645abb63f5,1
5347,5129f7b6-877a-4844-8ffc-ca909714bc5b,0
5348,512bd0c2-db0c-4ccc-a100-70d6dfda54f6,0
5349,512db336-f45e-4276-ae86-ee344247f98a,1
5350,512e86aa-2456-490e-aa16-032cc8846154,1
5351,5130e1df-7e58-416c-9157-d8164fb8b1c7,1
5352,51339647-461c-4e1c-a189-196bf5850997,1
5353,5135dcf8-cebd-461c-8229-053fc7684888,1
5354,5139f4f2-7cd9-4df2-a47f-528466453cf9,1
5355,513bbc70-e482-498c-a294-976adb83fdc0,0
5356,51415c03-3411-4699-a8ce-44372a63c741,0
5357,5142d1e0-71f4-4ec0-8921-89cab3667f69,0
5358,51466a3a-f389-47f2-96e3-3fca169c0747,1
5359,5148678a-cd44-4d5b-8672-7b68bd0fe96f,1
5360,5149daf2-7255-4dde-b115-82fa156f0ca5,1
5361,514c5ca8-cd82-4d71-a7b6-ef0720c84177,1
5362,5154eb75-09dc-4f18-8834-033785a8e2ef,0
5363,5158ebff-7bae-4a8f-807a-8d0284db77ef,0
5364,515b89d9-3c6a-4fdf-a9cb-dc853e463e89,1
5365,515eea6c-9a39-4953-a454-6a1c0f78ccd0,1
5366,51734cc8-62a3-4e57-a40c-1a92cf79d98d,1
5367,517c3475-3f97-45b8-8abb-37dea4522ab0,1
5368,517eaf11-6b5a-415c-9809-32e7bf961700,1
5369,51807a49-34d0-4610-b494-f11aa8a83f17,1
5370,5180b3aa-bb86-42fa-a4b0-d35a4083a20a,1
5371,5183c7b6-93c8-47c0-81b8-f800ebed1c83,1
5372,5188adad-be51-4289-af34-0693801310f0,1
5373,518e731b-bc03-4138-9d9c-fa7a0a2773b1,1
5374,51932adf-59f4-47f9-afd8-d09d5d779836,1
5375,5193a7e9-9e05-4b5b-92f5-555928cf978a,1
5376,51986463-b0f2-4502-812a-3cb88102a257,0
5377,519fd132-f955-4c2c-9a63-62673561a710,1
5378,51a24b4a-e4f7-4a7a-bc91-77be738c8e6d,1
5379,51a4f642-8104-4741-90b2-2ced30d638cc,1
5380,51acec89-db1e-48c1-9af1-27d1a823b3f6,1
5381,51b0d7d4-fc9d-40c0-bf4c-eeaf3252563c,1
5382,51b116c1-2738-469a-847a-cb3f8039b977,1
5383,51bb2ebc-bad0-47b5-a764-a62683a8ef4e,1
5384,51be2e1c-66f7-4b09-9784-7623e14fcbf2,1
5385,51c98ad6-79d3-47e7-bbf6-43b9cd22415b,1
5386,51ccffc6-6812-4af1-9461-8f1ce80004b9,0
5387,51ce5938-9a1a-45cc-a016-9f12678347ce,1
5388,51d41a2a-c278-4ae1-a5d3-33f204ec105d,0
5389,51d64238-d525-47e1-9c9c-03ce532a2a56,1
5390,51d6cd63-e17f-4fbe-94d1-1c50d20a8c52,1
5391,51d7cf2c-f657-466e-9a35-7c2767e4d030,1
5392,51d99d7b-3296-46ce-961c-c291b6ee86f5,1
5393,51e53ecb-1f09-4dcd-9714-001faf44d092,1
5394,51ee0624-1f94-451d-bd82-f2b735573349,1
5395,51f0afa2-b1da-4a4d-8fd3-34581b471fba,1
5396,51f33f28-22af-4372-94a3-b86365badd65,1
5397,51f35b1d-859f-466f-a2ad-5a23517e9ce7,1
5398,51f7f267-ec5d-45e3-8388-9ea7824fa440,1
5399,51fbac46-db55-45ca-9bb1-3aaf14c27614,0
5400,51fe68d4-2c08-44cc-9b1b-a07c98ca5087,1
5401,5204bcaa-0a8a-44d0-a7da-d9f62421a19b,1
5402,520657a8-b6c1-4aca-95d7-fba9536104cb,1
5403,520c63fc-99b2-496d-a1bd-ed102b52816b,1
5404,520ca8a8-c127-464a-ba58-fba0314bacdb,1
5405,520e36d6-f7f9-4a8c-8a3f-198bc40bf8ca,0
5406,520f9e1b-9ff5-4761-914a-cd1ccf328585,1
5407,52140d61-d348-429e-b2ef-6e32436a392a,1
5408,5215ff61-2399-4e2e-b5ae-508266537147,1
5409,52174d74-8105-4c1f-9453-f3e7e6771375,0
5410,521cf1aa-a797-44e3-a8d7-2840f671ee37,1
5411,521eaddc-a259-4f83-8cc3-9f0a1336f2c3,0
5412,5221b8bd-a0e9-4390-a46a-11eda4951ce7,0
5413,5221fdc3-781e-4fc8-a760-fc62b52ee7c9,1
5414,5222f6de-b745-4848-8f71-88686cb14c3b,1
5415,5222f7cf-5d1a-4e37-a2c3-f4997d3292f1,1
5416,5223dd86-94b8-47d3-bfe3-8d3854dd5bbd,1
5417,52260045-6ede-48a2-aa18-00544a3ddf1b,0
5418,5227f906-80cc-4c35-90c0-fd0ec6217251,0
5419,522c330d-a380-4247-8f78-8750500e0037,0
5420,522da34f-59b8-4190-bc89-10a9c0f56d98,0
5421,522f485c-365a-4947-82b8-962ae436c6d5,1
5422,522f9a11-b40e-4982-b8e6-36feea0d4ef7,1
5423,5239ebda-fa27-4249-acf4-0d0cb52594dc,1
5424,523b7865-c30c-4c6b-b3cd-f98f29fc0616,0
5425,524a0eec-396a-4257-82bc-c5ffaef72483,0
5426,5251085c-ba64-490a-993b-123eab47832a,1
5427,5253dd3b-114f-49f5-b140-15c2a09c26f9,1
5428,52552f89-bead-4955-a0f6-dd09a4a0038a,1
5429,525956b3-60fc-4aa5-a103-790792840d02,0
5430,525dc7ed-8b32-4da6-a0a0-c1b8437f4c13,1
5431,5263760f-0eff-44b2-a1a4-c9549f6fdccc,0
5432,5264966c-fd9a-4ebb-ae4a-3836b4170268,1
5433,52666768-e639-4203-bb40-e95c83f75bdd,1
5434,52684041-0fcd-4b33-bdb0-ac6c469817df,1
5435,526de936-3449-4f77-b0ac-f2de58785005,1
5436,526f9e02-ca79-499e-a7f5-f36d95a086c5,1
5437,52740e0f-f954-46b8-8595-af1edae222df,1
5438,527cee83-f40a-4394-a4c4-bf4206704d3d,0
5439,527ff6aa-660a-45a2-868a-177785f5c54a,1
5440,52811e14-61b4-408e-9af5-5c45f0ae5fed,1
5441,5283d2dd-bfbd-48da-9f4c-ee10b19d5028,1
5442,5283df20-f693-4f4a-a11d-6b05b26b9bab,1
5443,5285c300-ea51-4ba2-910f-9c0f6058fc48,1
5444,528927c0-d180-4cec-91f4-b9a3df818b80,0
5445,528aac87-dfbd-4e1a-9e99-5cf80b26a0a3,1
5446,528e9237-06d7-42e0-926a-94bb2c805c68,1
5447,528f1895-4996-4a25-917c-b03af68d2ad5,0
5448,5290ca9e-ba71-4eab-a612-6f575299bb32,0
5449,5290e853-9dcf-4abd-baf8-6d7ade77a8e8,1
5450,5291a79b-81db-433e-bf3f-57b20744fab3,1
5451,5292a4d2-2764-4837-9a43-4b0d65b4cc95,1
5452,5298f97b-65b8-4e63-be5a-9c20ddce8fe8,0
5453,529d9722-2b9f-4cac-b237-ebe4420ce3a8,1
5454,529f3b53-9e5a-4d1a-8d3b-bc2d2e11c0d7,1
5455,52a70439-f72a-4494-bf40-5486e695d14a,0
5456,52acd9e8-5b4a-4fa0-bebe-df55085a988d,0
5457,52ad95c1-1bf0-4073-97b7-47b6cf28c950,1
5458,52ba4721-f917-4947-86dd-5fbe00efd75d,1
5459,52c782e0-806b-4cce-b018-5abd29c72f71,1
5460,52cbdc4d-93f7-4a67-a01f-b79340a446a9,0
5461,52cd6825-2293-4e06-9dec-b86edd5dd4b1,0
5462,52cdc2ae-24a8-474f-a6fa-11cbc52cf2e1,0
5463,52d32d85-53e1-4c91-9ff6-d70ff5ac73e8,1
5464,52da7b08-623b-4953-8e8b-0dbf37cf1bed,1
5465,52db6f9e-f420-45e3-82dd-4ec71fc88b86,1
5466,52e3fbea-ede6-409c-9a30-932fcb238dba,0
5467,52e4c8e0-7415-4b78-8926-e9df02ffc17a,1
5468,52e80a11-d710-4b5a-984d-6a4240c99fd4,0
5469,52eab03e-b3d4-4ff9-8905-f4fcfcb90768,1
5470,52eb8b10-8708-4b04-b3c9-c87e18af1228,0
5471,52ecef0a-2957-4901-bc0b-8cf77622ffd2,1
5472,52ee27e7-0069-492a-8c88-89099ed7e27e,1
5473,52f0c79d-bc03-4027-8538-1bb6b1cccfe7,1
5474,52f252b6-3893-4f87-a90e-f2e9a69be31e,1
5475,52f4d467-164d-443e-ab4d-0dadf38a9873,1
5476,52f53eae-8507-4cc8-bb74-0aa7a699a1dc,1
5477,52f70da7-0d66-4852-a7b5-d8bc44648e82,1
5478,5301fd1b-e338-4058-8e2e-b9857087a66a,1
5479,5304b0a4-6df9-412b-a415-429a93b28259,1
5480,530b1edc-be33-4d7a-9c4f-8c45686b8ef1,1
5481,530b2915-cbe7-4a1f-a35d-1cffb982b71e,1
5482,5312e0aa-f40b-4a28-a78f-dd291aea1778,1
5483,53195373-bd29-4a49-b816-3214bf2580b3,1
5484,531b6822-623c-4c14-9d04-7e5c19146f39,1
5485,5321b410-0778-4dc0-96d8-0815d8c749eb,1
5486,53220360-4122-41d9-a895-c36d2d9abc93,1
5487,5323bf26-1e0f-457f-8d2d-c1bc43e52bb8,1
5488,532903b4-14c8-421e-bb3b-cf2269dd5d6b,0
5489,532918dc-79ff-4a91-b97c-071303bc55a4,1
5490,532965fc-5817-4ce4-887e-4f2077cf0b19,1
5491,532b4a1e-c4cd-4e99-ab13-6a3a4c683951,1
5492,532e0bae-c080-490b-a29a-dd58eaafafe0,0
5493,5331390c-ef49-4ec1-b490-cf65cc4cbabc,0
5494,53346c3f-8436-41d4-a673-87ee7873d760,1
5495,5334aae1-67df-421a-af82-1f2fbdeb115c,1
5496,5334b750-f571-4052-b36b-573ca9991ca2,1
5497,5335783c-5d8a-43e0-80d8-cf382b2db920,1
5498,533724ad-0ac3-45ef-981c-10fdeaab9535,1
5499,53375c80-af48-4ba8-b362-9f6c775125e1,1
5500,533e5712-6e0d-4940-960a-4f53e1076eb1,1
5501,533e905c-9290-4124-86f3-96f586e9d24b,0
5502,5345f825-7e23-4034-8e8b-c15507189338,1
5503,5346c0a6-c0a4-4414-99a7-9c1939f269be,0
5504,5347a1ee-6e1d-424a-ab41-a28cd4bf40ac,1
5505,5347c912-c7ca-4813-83a2-e444a1f49e0a,1
5506,534b17b0-3fce-4a62-9816-a9a02ad7881f,1
5507,534c9c5e-615c-4f91-97cc-ff565c775c56,1
5508,534d0094-bf89-40bc-9377-3842cf1cf7d9,1
5509,5354e233-9f11-46ac-af53-daea3f599dac,1
5510,535d002c-022c-4ce8-970c-acbd020c5b17,1
5511,5363bffc-18c4-4ec5-8f0d-5846da44d6a1,1
5512,537449f8-7460-4de4-a8b4-71f714990155,1
5513,537576ea-d047-4abd-8db8-7498dd4248b7,1
5514,5375c2b0-03bf-423e-b6ba-6b8088178eaf,1
5515,537cf5b0-2079-4037-aedd-1b4c343f2931,1
5516,537ff81d-c1e3-44a3-8acc-43f84c7b0a63,1
5517,538181dd-bec3-4cd8-aaa9-9a863142ef0c,0
5518,53818e05-95e2-45a5-b251-8354f2c7e4d3,1
5519,5383ab32-4cbb-488f-9a74-eb9290feff3d,0
5520,538a03e4-300e-4625-bdc0-54768c955fa9,1
5521,538a179d-213c-4a51-9de1-84f697d142fb,1
5522,53907e10-b2fe-4f4a-acfd-dd2959cdd6ef,1
5523,5395c5e2-9b9e-4240-9629-680b5f5569ba,1
5524,539feac5-d30c-42d8-b193-ea827df97e0a,0
5525,53a323af-c07c-43f8-b252-bf10a3df549e,1
5526,53a578f6-62b7-44f5-bad2-0d3f4a740196,0
5527,53a8ec3c-aa86-4713-8635-438136046e1d,1
5528,53aa9225-d5df-4e39-bc2a-588a0e24b599,1
5529,53ab0ceb-c0d1-4311-b06c-84409fe95513,0
5530,53ac865d-3267-41d4-afc6-578e90945ad7,1
5531,53b059e9-b4cc-4a77-bbf5-c34b22f1cef9,1
5532,53be4fce-46a3-498f-ad66-eba18e694cb3,1
5533,53c2d219-6821-4042-a0a3-f04501c1f22c,1
5534,53c3544b-9581-4215-a964-7afce612a47a,1
5535,53cd6548-4e24-401f-8bc5-251222010e78,1
5536,53d1a735-c128-4213-b88d-6e05d1c91f45,1
5537,53d210c5-1699-46af-9bd1-527e1d819ab5,1
5538,53d58f6a-415e-42ab-bf5f-f0a344acc8e3,0
5539,53d9eec4-3d1a-4a6a-95ef-0c58c344017a,1
5540,53e2abd7-6695-4050-9266-f47f8fdb0c8e,1
5541,53e385e7-7372-4c8f-8016-b01ec302826d,1
5542,53e7d2b0-9cfd-43de-83c8-b4942b814d17,1
5543,53f3e607-e79b-4b6f-8307-ce052351679f,1
5544,53f4ba06-9952-4039-b79c-f3ca98e6de0e,1
5545,53f6024b-7583-4b00-b6ca-747ddb404cf2,0
5546,53f6c8b1-ed8d-4cf4-a2de-2c4a15b41d13,1
5547,53f85aa9-d72e-442f-aefc-9a64db96efb5,1
5548,53fa69bf-3dd4-4d5a-9e7f-e7108bcb1f77,1
5549,53faded9-fcf7-49c1-abbc-2b55a42b1bef,1
5550,53fd3ed8-08ea-4940-853f-ee8cf9ff6532,0
5551,54005660-8871-478d-853a-c26e2d35bf3d,0
5552,5400dc3a-8eb6-4b59-a013-0e2ec872e45a,1
5553,540787dd-05b4-4988-aec4-a33809de5442,0
5554,54097d35-a3d7-4a50-8b0e-95a63386279b,1
5555,540bd78c-b417-4b9a-924c-b89e620bd688,1
5556,5411d47b-24e7-46e8-b0d6-d3b224595f26,0
5557,54127b10-a803-4dfb-8e70-f19e15f3005c,0
5558,54129e72-1922-4d8c-8e3b-3fd94d42887f,0
5559,5415ed99-e5d8-4d8e-9dc9-7a545a71062b,1
5560,541fdce9-342c-4f1f-b4b2-fec3cf55bcb1,1
5561,54202ce6-6edc-4758-a81f-c843475e1e90,1
5562,54276276-373e-430b-8282-f0a6a3d65c53,1
5563,5429f394-e48a-4286-918c-8ad0069f1f18,1
5564,54334c47-0593-4ccc-8169-c0a5f13f582e,0
5565,5437abb3-213e-489e-bc71-4968b5e71846,1
5566,5437b4a7-344a-46f5-9577-796a713dcd19,1
5567,544499a2-9c7b-40bb-8ddd-699b6b884a62,1
5568,54452d0a-7b31-4654-8e4c-b68f9354b401,1
5569,5447a632-85ed-444d-b0c2-e66691b7f0cf,1
5570,54501f30-d1ca-47ad-b898-6513b107379b,1
5571,5452571f-72b2-4e03-9433-8cecbcdcbea4,0
5572,5454b7d0-0757-4ff3-9888-5259dd6d747b,1
5573,545bcc9e-547b-4a6c-ac15-fa294b586f0e,1
5574,545d07ba-9b7b-4c82-85c5-bd580915a13c,1
5575,5461e8cc-10d0-40a4-a448-b09b67e6f2b3,1
5576,54664b57-4ec4-4f59-a224-22b0119f04c0,0
5577,546b0d6a-1133-40e8-bfa6-4b75bd5a972a,1
5578,546ea328-a90f-4b46-abec-440f39aa6c38,0
5579,5473024c-8017-4392-975f-4e525ab2241b,1
5580,547a6e44-e16e-4664-bd01-f7fe73bdba10,1
5581,548392d2-e04b-4ca1-be8f-91157f88b006,0
5582,548fe5b3-9271-4968-8342-89ae5b3c2ed5,1
5583,54975a41-7bf6-4001-adce-8eac65c2be80,1
5584,549a3ddf-fb7c-4f3a-aea9-0aa1b90e48ca,0
5585,549c9bc4-6cf4-40d2-b47b-86cebd87a827,1
5586,549e0bdd-88a1-4690-bf5e-d54eaaeac908,1
5587,54a11da5-cad2-4736-af6a-e0b0184c369c,1
5588,54a14736-83ad-480b-8af9-653c35051658,1
5589,54a2d5bb-17bd-4b1d-a010-3d09dcc7bbf5,1
5590,54a6e91c-d63b-46d9-8161-7cad15a370fa,1
5591,54a8112b-0dc9-4527-83b6-0c5d23cfefee,1
5592,54a88e30-c604-4ae8-8284-fd7c6ad92778,0
5593,54aca90b-2219-4318-b5b6-eb48355a3d7c,0
5594,54b56b42-a237-4188-a332-385bc4157558,1
5595,54b6fd30-5eeb-43c7-8cfc-92061ad07755,1
5596,54bb8afc-2f22-4c17-b49e-dfae782d3461,1
5597,54c936d2-d6d6-4bf4-8523-c4ab5ca5cb40,1
5598,54cc3733-8d7e-456b-adbd-fc13e540ac84,1
5599,54cc7c0f-f986-4a0f-8ea4-b843c1ec946d,1
5600,54d0ae6e-46e4-4037-b147-6b92e41e918b,1
5601,54d633cb-f70c-40a2-b96a-614221714c15,1
5602,54d6c9eb-b04c-4e99-9734-a8d356adbe36,1
5603,54e449e6-bf86-4f80-8ff3-021a919c3d8e,1
5604,54e494b0-9ada-4027-9b52-a9a8c9696cdf,1
5605,54e69a2a-02f2-46fc-bc29-0d5d02796eba,1
5606,54e70e63-0a1d-4b37-b582-acbadcc83466,1
5607,54f226ee-43ba-4721-8af0-560c4d741f6d,0
5608,54f960a7-4f8f-45e6-9939-2131fdb34651,0
5609,54fa23e5-d68d-4c2d-afde-15a38d0710f5,1
5610,54fd2734-1bd8-4918-834a-aa6524015a09,1
5611,5501f6b1-cb64-412d-b9d1-b61bc434f88d,1
5612,5504f46b-d098-45f9-9ad5-26444d874dd7,1
5613,550dfb09-9281-4410-b1f2-d83a25a5fedd,1
5614,5518700c-0856-40b4-9728-6c6cf325343f,1
5615,5518d913-7980-4d00-9f68-44e75cd94b71,1
5616,551913ec-728e-4309-bf15-8dd0dcff80cd,0
5617,55193300-c430-48e5-9c35-efb313f9f236,1
5618,551ac95e-36c7-4706-9094-62bd4bfefa06,1
5619,551ca0f4-d563-4300-8b0d-991d5e42037a,0
5620,551d09fd-b342-4544-a363-f0777a6a4723,0
5621,5520b765-6875-4690-b8c0-92d928f9f816,0
5622,552133ad-3b9e-468b-a3e4-9d3057b46863,1
5623,5522a100-f6fc-4e4f-8a32-ecc94089fac1,0
5624,5528ce26-17cf-4815-b8f2-1901e37a1cd3,1
5625,5529a4fe-c027-433a-b157-c869f073c3b0,1
5626,552d436b-34d9-4633-b9e3-537c8e0a2a4e,1
5627,552eb870-997a-4cf2-9114-dc7c7f6213fc,1
5628,5534cdaf-4285-41ad-b679-61596474d16b,0
5629,553f11a0-b47d-4eea-81bf-6aeefdd3a509,0
5630,554f39e3-a62d-4568-822a-7f674be5b2d9,1
5631,555249b8-cf0a-4fa9-9570-3583ece4c01c,1
5632,5553774d-a329-4534-b47b-8f0683d9a67e,0
5633,555a1281-55ca-4d2c-96d9-4e36b079083c,1
5634,555dff27-11ba-4cfe-a072-cbbc5e29b83e,0
5635,5565858d-e205-4265-8bab-c2125bd2b55e,1
5636,556795a5-8141-417d-99b2-a9ab8c55617d,1
5637,5569c1d9-27fe-4d8e-b2a8-592c8b6b1644,1
5638,556a7fbd-a12a-4025-9c02-e671f2a53c9d,0
5639,556c1122-5a98-422c-a863-edbd62b13be3,0
5640,556e9349-499b-4905-9413-eada41f3e077,1
5641,556ef4eb-3fd9-450c-9332-bf521e570bf5,1
5642,5574152a-bb8c-42af-8ec8-8bd8b1fd3497,1
5643,5575846c-23c3-4a47-a7e8-e886238fd390,1
5644,557c3ea6-517c-4b81-b16c-9e1fd8e18f17,0
5645,5583b4ff-1449-4521-96cd-c8e076177ca2,1
5646,558ad72e-b0bd-46f5-94d3-92a78da758b4,1
5647,558c76ba-7455-4ffe-87da-5be0487320b9,0
5648,5595f6eb-df26-48fc-b2e6-9fcb114411c1,1
5649,559708a6-8c0c-4863-b35d-008d3c447ad3,1
5650,55974844-4d7a-4a14-9d0a-b196306af465,0
5651,559b0035-3f83-4c40-aa14-fa1487b8f7c5,1
5652,559ba7b4-130f-47c5-882f-2d58d2ccf662,1
5653,55a0339c-b41a-4fdd-9728-a99e65cb22ec,1
5654,55a73314-b20c-48e9-9448-095b899b1f7a,1
5655,55ac6fa9-5c46-4f7b-9a9e-a626f52cb779,0
5656,55b59a0b-1da3-4146-bb4b-a12f9296001e,1
5657,55c18d69-34ec-4a7e-abb7-9b8cbc4c8d90,1
5658,55cc99b7-d1fd-4d11-a4b1-c59176da5f5d,1
5659,55ccf82b-9e7e-4b46-a617-da63b8469b62,1
5660,55cdb1b7-8544-44bc-a738-d2e81657ee6d,1
5661,55cfb45e-d42d-4e76-8bb5-f363d8d1aa2b,1
5662,55d18bed-8751-458d-b39a-889175c12fea,1
5663,55d305fc-ef99-4dd7-a1c6-627e6bb85b84,1
5664,55d336f0-74d7-4f8a-b8aa-c4d465caf486,1
5665,55d7062d-9d92-4629-b5d7-9ca6f9ef18cc,1
5666,55d73f3e-6182-4fa7-abc8-277f519d0aa1,1
5667,55de22eb-d54a-4271-8ebe-5a62b510d4d1,0
5668,55e42c9a-704d-4398-b51a-cb4efe0f5080,1
5669,55e5e3c9-5948-4617-a5c5-8bc44569cd73,1
5670,55ea9243-fe2b-4f64-b847-e41a6e9a2ae8,0
5671,55eb5e2e-a5a2-4d2b-829b-d332c0d182a4,0
5672,55ebb32d-54db-45b5-8487-0ffdc96eaffc,1
5673,55ece5a5-e46b-4917-88ef-a24bd60d7353,1
5674,55f3042f-f9bf-44c1-9ef5-852481084477,0
5675,55f3f5f6-2fcb-474e-a2d2-50c7d2401cae,1
5676,55f5309e-378f-4725-a267-c0158db845ef,1
5677,55fb9911-de5f-4329-b7b3-cb005df4f1b3,1
5678,5604e424-3526-4ab4-802d-956c961c39fc,1
5679,560d12e6-18fc-4987-a2d9-4563cc702077,0
5680,560e6acb-3a9a-4b01-8fa5-2d2e53f5a22a,1
5681,5612ba0f-1bde-4c88-b2b4-1dc5f8e657ee,0
5682,561d62a5-7e22-4aae-9bc1-887579a51594,1
5683,561f96cc-d705-42b8-9e3a-13ae75ef579b,1
5684,56201e9f-59ba-4d9d-a7ec-68155aed777d,0
5685,56233646-6d59-460f-9e22-8047e8164c84,0
5686,5626e63d-6a72-4bd4-b57b-5383b816a0e3,1
5687,5628c779-a582-445b-8edf-521e955da9a0,0
5688,562969a8-abc6-457b-b841-d5c872499daf,1
5689,562a65ce-28ed-4701-980e-4bba1dbedfc5,1
5690,562d0395-ff4b-4c56-96b9-aef3de1f7f94,1
5691,5647acf8-5cb6-431e-988a-b2ae2ed6ffeb,0
5692,564eae4d-a95b-4ab8-9469-53befbc5561b,1
5693,56538caf-724d-45e8-8a24-2c94d841da48,1
5694,56548501-6195-4693-9a27-e519b0293df8,1
5695,5654e06a-f129-45a1-8018-cee0dd3c39b0,1
5696,565649a6-120a-477e-8b84-e52a8394ee2d,0
5697,5659ee1d-6a27-41df-8e7e-864669fb1481,1
5698,5662dc62-d36e-4516-b294-da125a6bece5,1
5699,566bc1f2-7f5a-4beb-9100-aad739efea23,1
5700,567b3d70-6541-4c56-9831-5d1321956fe7,0
5701,568fc026-386a-429e-8ef8-02dde77f7057,0
5702,5691f781-915f-4060-8209-34be3c3efee9,1
5703,56941483-85bc-4bec-8df0-623e1d8b258e,1
5704,56966738-6116-4e4a-a941-1b52fc6a2516,1
5705,569bde98-2acf-4e41-af38-f2a360157c57,1
5706,569cd22f-c1e6-42d1-ba7b-68a421cc2f49,1
5707,569e88d0-243a-47a9-adcc-bdeb12a5bc25,1
5708,56a21123-56be-43f0-b1b3-34903c0df81c,1
5709,56aec4f6-9acb-42fb-846b-68af0dd61d24,1
5710,56b33ad9-9fca-4e15-ae40-84e2966a9d66,1
5711,56b6ae3c-b968-4880-a45a-3685541802a5,1
5712,56b90ff6-68b1-4c97-82b9-d35d687284ce,1
5713,56ba6b8a-6457-43f6-bb0e-1e87a6da2e60,1
5714,56bd0d20-b418-438c-af75-105d6cce7574,1
5715,56bf3790-06a0-4629-ab82-4e15a30dd68b,1
5716,56bf7c06-8df9-4f27-8afd-64dfa24811b0,1
5717,56c1c1fd-8776-4c6e-b209-c9f426a13c1e,1
5718,56c2bc18-4007-490a-b251-6dd83fe5a689,0
5719,56c6cfff-4111-4c7e-9171-ad21fb16cf2f,1
5720,56c8285f-a286-42b5-ad8a-dc07a1118c93,1
5721,56ccaba0-81f0-4732-905d-b90679e955dc,0
5722,56df8230-5461-4a65-b69a-d4b44120af25,1
5723,56e8305c-98f4-4ccb-a2c0-2c94f3fe0583,1
5724,56e8add0-a1aa-4233-8487-0a8ad6dac155,0
5725,56f22427-64a6-47a6-91e0-905a01525864,1
5726,56f2dd4f-757f-481c-913b-2f3cabc91986,1
5727,56f59254-d77d-4b22-8527-190a26c9b46d,1
5728,56f754d2-a110-471f-a97e-6afd40003dbb,0
5729,56f9e211-b6a6-462d-adb8-343e6573bc26,1
5730,56fb9ebd-3972-45f3-85ed-f09a914be9ec,1
5731,5701bcd8-e729-4dde-840a-896b8bea4023,1
5732,57020a9f-0e4f-43e3-b0a7-c60b51da4bc8,1
5733,5702cfb4-211c-49f1-a614-f705584e70cd,0
5734,5703c44f-a3b0-4782-81d1-d84bc8957dda,1
5735,570e3dda-2293-4379-80c5-46892c4a73de,1
5736,57119b08-0b61-4d3e-81e7-5e6b6878f331,0
5737,57121d9d-b814-42d1-87a1-161d4a527680,1
5738,57164ffd-ed10-4eba-881d-6fd698e79e99,1
5739,571654b0-be85-41ff-a344-e1808309acb6,0
5740,5718f8f3-8463-4a8d-ba74-9887ddea72be,1
5741,571ac63b-5295-42e3-bf47-f80c9fc40d96,1
5742,571e56c5-aa59-42fe-a673-472613f4ccb1,1
5743,57233a9f-25cf-4c7a-860e-61c4461c51d0,1
5744,57264c97-c8a3-4cf7-bc32-57767f334412,1
5745,572af059-a4ba-4fc7-a4d4-75ed264ee4ef,0
5746,572b7448-a105-4bfc-93bf-f3ffa2d642a3,1
5747,572fa0ec-4831-45fc-9af1-8f5684fe35dd,1
5748,5730cbe2-7c4a-49c3-b2dd-e09880f7d047,1
5749,573149b1-3789-4e9b-aaff-1a2a7d7570b6,1
5750,5731af86-a010-4a1b-b1c2-e5889dc0cd81,1
5751,5732c83b-7d8f-4aca-b917-8239807b5a53,1
5752,57387b24-ca58-4d43-936f-8ae165d9bb26,0
5753,573f28ae-b703-418a-8ae4-573dd1ba8921,1
5754,57420462-41e3-4d02-b953-9c5d92ccc14a,0
5755,57424a34-a8c3-4b71-a3e4-b2e0ff2002c4,1
5756,5746b72d-3969-4243-8a29-e69ee9761735,1
5757,5749e237-5da2-4ab4-88c3-6b0ac93d2be0,0
5758,574c214f-07aa-4af2-9f99-73d57d566d88,1
5759,574dfa81-1a60-4c41-8616-9d87e8ad082a,1
5760,574e3db3-de3a-46b8-baf7-1529c2ca4a8b,0
5761,574f0137-6d58-4464-b226-f68cf339d886,1
5762,57563134-e620-405c-b4dd-94fc43dcbbb2,1
5763,57639cf3-dcca-42b6-8820-1a6e58dc2b1e,1
5764,5767c3f1-7d4a-4e38-a83b-430370d60f72,1
5765,5768567f-750c-4d7b-b8a1-9c66d437b795,0
5766,5769804d-cb14-4308-b2dc-d57fa2d681ce,1
5767,577a301a-0183-415a-9d4b-4b0616a88a7c,1
5768,5787808a-b19a-4116-98dd-4cb9d2b4fe72,1
5769,578ae38c-5e0a-4007-86c9-c259db2d62f1,1
5770,578e874d-fae6-416a-ac20-7b7dd06e9d01,1
5771,579317dd-1341-46ee-bdfa-9972d7ef1f7f,1
5772,579d5119-a833-4145-aab9-d87e96638655,0
5773,579d58d3-3cc7-4182-b99e-2a212750354e,1
5774,579d8cf0-598e-41f4-98d9-15c0cae96464,1
5775,579e155a-cff8-4f39-afe6-86f49425cc97,1
5776,57a87304-126c-4807-bc3f-913fdf6d216a,1
5777,57a8945b-f62a-472b-b3f5-8ea1b22ceaa0,1
5778,57aaeb1c-6ab3-4224-9a14-1ceb26e9b569,1
5779,57ab461f-058a-4802-8782-771d0d824f4b,0
5780,57ad0c60-eec7-4f26-87db-633d29666c26,1
5781,57ad5c39-141a-4c7c-9eb9-8bb6328c6abc,0
5782,57ae95f8-7000-40dd-aa20-c52608cc059a,1
5783,57aec9cb-6987-4124-893b-c37bdb73ea67,1
5784,57aee125-c291-49f0-9195-aba0f21172be,1
5785,57b657b6-082b-4c77-9fde-61bfce174382,1
5786,57bacee5-4535-43fd-809e-0fc9077940e1,1
5787,57bc1109-97a6-420a-aaab-5cdae64b629f,1
5788,57bd15ad-0017-4591-80c1-c3ac60e013f8,1
5789,57c16dac-5297-4d8f-92df-0d7289311dc7,1
5790,57c2089c-8442-48a8-8822-bbb6c16d1763,1
5791,57c47fb4-f6a9-4418-8d6c-a32dc46f87af,0
5792,57c98659-d4c0-4d2e-b354-1f4130733ae1,0
5793,57cc9144-5862-4297-81b3-1be2c2aa9537,1
5794,57d2dc04-109d-4fa0-97dc-91bd414e4d5e,0
5795,57d6ff08-5da7-4b28-857a-13f518a0d210,1
5796,57da08f9-18ee-469e-bce1-e1863889ece6,1
5797,57dcc2f9-2421-4d8e-91c9-b2cf06f44cf8,1
5798,57dffc02-260e-4e91-a0a5-9ca7025ec095,1
5799,57e5ad90-2aaf-4f64-a470-04b027ca0d73,1
5800,57e696f3-06f8-43bc-b719-d65d41ff9dca,0
5801,57e82417-6df6-4bcf-9f44-c4785d97295e,0
5802,57e83803-6949-4e98-be5b-5ba44971e557,0
5803,57ee47e4-4763-43b0-afd6-911c4130d29a,1
5804,57f15e76-b684-4ce8-ab20-05b25e2a6cff,1
5805,57f4cb08-cc8c-45af-9500-530445b67771,1
5806,57f775b3-9cd2-47f9-82e9-e007cfc69860,1
5807,57f935dc-c714-403f-be4b-3ee198f05837,1
5808,57f9674d-19db-4e44-bb2d-b23b57da5ac0,1
5809,57fa06b4-8596-48db-aca7-8192c5c92aa0,1
5810,57fb7274-ffb6-4746-8452-9a4492b950fb,1
5811,57fc028b-29bb-4d70-8651-470e29d4370e,1
5812,58025a3f-df2a-4b59-b10b-676f4a9b276b,1
5813,580c236d-cccb-4ec3-8d20-0fc1de688992,1
5814,580f1f02-9c53-4ea0-b3a7-8017bafec68a,0
5815,5810eed0-7617-421f-955d-0eeaa47a3b3f,1
5816,58133440-25e7-4ae7-b9a6-64df0322e34c,0
5817,581aebab-68b2-4b34-bfcc-67ac9e32603b,1
5818,581c0e9f-5ffb-422c-a3ad-304958d2738a,0
5819,5823127b-bb08-4f0a-95b5-93dbce1f80ff,1
5820,58236466-3734-4836-bb37-2e9ba8cd7a59,0
5821,5825212a-8ad9-43e0-bca4-d3e22e071c78,1
5822,5827d003-feec-4625-92bc-5320f0f01085,1
5823,5828b717-bbd1-46fd-b579-4bc21cd2a0d8,1
5824,582f461a-4699-4ebb-8266-2a8a7d300f81,1
5825,582f7954-3d93-4d85-ba55-a056dafda498,0
5826,58325f2b-3027-46db-ada4-17fafa16a4f4,0
5827,584101b1-ef9b-4da6-b58a-1310cdbcf354,1
5828,584b180e-6446-454c-b86c-bd3cceaeed76,1
5829,58556605-aa00-4563-847b-972f3d0f968f,1
5830,5855dd5d-7133-4abb-869d-e9ccd8895406,1
5831,5857d2c1-a136-40c4-911a-41d830e66c09,1
5832,58585598-d9b2-4db0-a9d2-33115deb32ae,1
5833,58637677-0ac4-45e1-84f2-b7a379c60959,1
5834,586659cd-4ef0-41aa-acb9-8a656a44679d,0
5835,5868a866-6720-4732-889d-e40180e8dd47,1
5836,5869108a-5f18-4d58-9ec4-fb42612afb40,0
5837,58696796-b5e8-461a-a9aa-4782669ad9f3,1
5838,586ada23-3dc5-40ed-9e95-c2e915036b06,1
5839,586bdd30-5376-4f81-8e16-94492ff86838,1
5840,586ea21f-cf79-4582-99cb-e2c8e9958d36,1
5841,586f462a-bdee-4466-b5ce-93c423043840,1
5842,586f7083-e597-458b-88bd-55b41afefaa6,1
5843,58800de2-5b7f-4ff5-b093-1f8eccbc2fa3,1
5844,58842c6e-39bc-4b14-8b8e-3289bde39185,1
5845,5885209a-2027-4046-8438-3757f7bf5f38,1
5846,58867df6-7e7d-49b4-ac51-793d314d55bd,0
5847,588e221d-1c01-4483-98ee-0dcfab867f50,1
5848,588e476f-4345-4283-babd-bc9a7f46fcc8,0
5849,588ed228-2f20-497c-8318-2fda610f073f,1
5850,588f0fa9-d76b-4624-bfc3-442ecc97a91b,1
5851,58902bf3-b887-44f6-bce1-b26010f230af,0
5852,5890339a-ab23-44b9-b1ed-928d3b0fafcb,1
5853,589697b3-94e9-4c39-a337-ee53c8f60756,1
5854,58a13309-8e38-4c65-9ec9-e03ac12d3dd5,0
5855,58a45818-e175-449f-b9be-2913974cc72f,1
5856,58a47555-0503-4c26-94c1-5c8bb6e63336,1
5857,58a83ebd-9463-4ee6-a291-47f409966d8c,1
5858,58acaacf-44e7-4eba-b454-197845bf0acc,1
5859,58acb2c0-bc4f-4561-a62d-43feb081511c,1
5860,58ad08c2-8f1e-4641-ad16-c70654597a05,1
5861,58aef5c6-0ce6-4e27-959e-257dde932362,0
5862,58af8b4e-962c-4ed9-b3f7-e64e79e50836,1
5863,58b69717-ab10-4b6b-a76f-111878bcf700,0
5864,58bb9534-cea6-43e0-94b1-153abd3f9110,1
5865,58c41e6c-db08-4a4e-9bfe-55a91d58258b,1
5866,58cd3d9e-056a-4446-bd0e-40ae1d5e441b,1
5867,58cdd4a0-88a1-4305-8592-876069ebab48,0
5868,58cde77f-ae9d-478d-b71c-4fe23840285b,0
5869,58daed04-fb95-416d-9154-1cb81a66ba48,1
5870,58df237b-46a7-4086-8312-a56bcaad4b1d,1
5871,58e02d73-5361-4396-997f-6abb0c83a238,1
5872,58e037cb-6c86-451b-aacc-0f2edb1958ca,1
5873,58e9c403-626c-4c80-9dc4-eb742a9df7eb,0
5874,58ecf09f-d9ce-49b5-9849-03b2a56ff99c,1
5875,58fb4b72-d8f2-434d-ac4e-2725251ba4df,1
5876,58fe3926-c1c6-48bd-b71a-03a69f2f3da2,1
5877,59004d53-5c0f-41d1-89ac-0b849833e813,0
5878,5901063d-d9bf-4beb-afd1-90e4f77b86ef,1
5879,59055c9d-c27e-4516-97c2-c4e392732ef8,1
5880,5905ba80-8bd8-4c62-933c-58cd4f483683,1
5881,59087dce-434b-4a9e-a523-3dd7992719cf,0
5882,590a41b2-4ad4-44b2-8357-9eba9104383b,0
5883,5912b826-61e8-45fe-a6c0-4517818ad9ce,1
5884,5923644b-09e8-4595-8fe1-3dea5858f01e,1
5885,59290a34-d467-45d8-98fa-2dc379c3f678,0
5886,5929fde6-bbcb-45f7-916b-b91a15a09b04,1
5887,592e94a7-40b3-4067-bb44-fd12894f846d,1
5888,59333902-ff5c-4dbc-94db-0c3516da57ff,1
5889,59387ea8-3b3c-45ec-b5c7-3c8d4b2c1bdc,1
5890,593c443d-eab1-44da-bb49-05cac8c11199,0
5891,59419b93-d409-4b2d-830f-6770f3df205e,1
5892,594310a8-7158-4d4a-bf65-658d818e067a,1
5893,594a3e3d-ffbb-4839-b014-e1a77284ebf3,1
5894,594e5710-5801-4c66-91ea-732172ae1f34,1
5895,595af760-afa2-4593-91ca-e7d218076fc9,1
5896,5968361d-6b5a-4c3e-bcae-318efdce7f69,0
5897,596ab90f-436a-4eac-a273-d4988fc68c5a,1
5898,596c9c88-04b5-4e7e-a1fd-3e9a41a02905,0
5899,59744b77-b575-424a-935e-a7de86529e20,1
5900,5978bad7-371b-453b-8d20-dfd9a5e0f5c8,1
5901,5979875f-2aa4-4dea-a186-dee04f47722b,1
5902,597c3b6b-87d0-49e9-99a9-9f45da1aabb7,1
5903,597fbc41-a597-4679-9ebd-e30577c53d0c,1
5904,598bb9cf-0666-4782-b94d-c89af7db4d42,1
5905,598d0b98-a572-4fc4-9562-c92b7344e16e,1
5906,599672eb-3e8b-4590-80de-885facc632aa,1
5907,599c550b-f6a4-474a-8efd-1f65f3c31623,1
5908,59a036b6-8f6a-4096-af9c-cc08a450b7b0,1
5909,59a2e0f6-257c-4eb1-898d-e9dd1f93d32a,0
5910,59a45e86-5c16-40ce-b81f-1b8fbb5a3f48,1
5911,59a7bb90-fb80-4e53-ad21-55837defda49,1
5912,59ab82a8-024c-4e8e-bc64-e2ea44e8c205,0
5913,59b578b4-f3e0-43c1-80f0-16e88e84eea3,1
5914,59ba5f2a-dd9e-4291-8e8e-09c9f4cee9ad,1
5915,59bd5247-52f8-4561-b304-07f3eff2f2e4,1
5916,59be6e57-4f49-4bbe-af65-132751c39236,0
5917,59c1b629-1b96-4d98-b2d9-89525271802b,0
5918,59c656d8-ad45-477c-8c00-ab894f2c6521,1
5919,59c7a160-733b-443a-896f-227b28133319,1
5920,59c97488-430c-4bf6-985e-cf4ee45b4752,1
5921,59cd7299-867a-4d07-9790-e5df90620bbf,0
5922,59cda2c7-94d0-4c10-913e-5280ce732846,1
5923,59d02db7-bfa8-4fee-8f01-a1b5de4a0fec,1
5924,59d7ccad-2b51-447d-a067-b2e7dd511bbf,1
5925,59d8cbc2-8aee-40dd-a3ab-ff4c36f764a8,1
5926,59dc9f4b-edca-4c3e-9ada-2964d013491e,1
5927,59de6792-fa9d-43b5-ba14-b403a3c8f0eb,1
5928,59e64afd-496d-4214-b4e8-ff1c50b5ac56,0
5929,59e6fe81-3041-44be-8b66-15a85f192c7f,0
5930,59e9f246-411e-43ea-a3c4-996edeb796b2,1
5931,59faa70c-256b-4ffb-9650-c8dc2acf4652,0
5932,59fe7d62-dccf-470b-ae04-c892acc34bb2,1
5933,5a04eb9d-0a7e-4fd9-9268-3560cf269156,1
5934,5a06f4f4-1051-4b1b-a408-e8e62de93ae2,1
5935,5a13b09b-45c9-49f4-a014-d046fbb62c0f,0
5936,5a16e650-69f7-4e50-8790-124e9c3fa667,1
5937,5a1e9d69-b2fa-435b-a8fa-5145754e21fa,1
5938,5a21286e-0c1e-4734-98a2-aea311598b33,1
5939,5a236571-c770-4836-85ec-bb951aaf1f56,1
5940,5a25f958-a7f0-4741-8e71-d9cfd3983026,1
5941,5a32721a-b39d-4ea6-9c12-04e5be451dfc,1
5942,5a33236d-bb4a-4c2c-9e7a-83476f0ee4c3,1
5943,5a336887-45a2-406e-87e4-6444ccb6f1c0,0
5944,5a347ceb-e187-4488-b93c-c687555d5c57,1
5945,5a36d77d-333e-4382-a774-5fe64010fea7,1
5946,5a39fe00-ad26-4574-b5db-fc64d1de3f39,0
5947,5a3d0bc9-cd18-47b5-b8a4-740d8572c4b2,1
5948,5a40ce60-66aa-4c72-ba55-cb4f6dc629cf,1
5949,5a468113-28fe-4c20-b921-761afb649451,1
5950,5a4a9904-d641-41ef-8342-19dc4e927f86,1
5951,5a4e9dd5-3ea2-4029-977b-d4939a3f28ab,0
5952,5a4fadf1-4b31-4cdf-b03a-235a4637c719,1
5953,5a522fd8-3de0-4a23-977d-3ab6498225dd,1
5954,5a53d75b-1dc3-4149-b848-02057ed4e94f,0
5955,5a59e816-bcfd-48ff-a9f7-3a5f6976a0cc,1
5956,5a5e2387-3769-4aa6-92f8-c3b1368e4c0d,0
5957,5a5f2bcb-8afc-47d0-8dd0-3a62039bd1e6,1
5958,5a61cb20-3fcf-4dd7-ab66-7b337ca1a019,1
5959,5a632e7c-88e9-4ca2-a22d-d05c9fb41cca,0
5960,5a6b64f6-7aaa-42dc-beb3-484d18b6b728,1
5961,5a6ce05e-f5dc-48aa-b3fa-d645a388eebe,1
5962,5a6d9174-c2cc-4151-beea-af958fcfb1ed,1
5963,5a7af6b0-76cb-4664-bbe3-b04d01364ccb,1
5964,5a7d1deb-2ce7-4530-9b0b-177875571040,0
5965,5a7f56af-0848-441b-bd88-ac6293376c0a,0
5966,5a8ee362-6d6a-4266-8d64-eb9dc6ae708e,1
5967,5a9018fa-8636-49b6-b18a-95fcce7cdb8f,1
5968,5a913883-1a48-4e5f-814a-2e39a4a1a669,1
5969,5a9e11ae-b5a2-4880-aafc-a569cec69bf2,0
5970,5a9fbd7c-3b35-4990-b277-69117f91433a,1
5971,5aa39001-45d6-42dc-bd34-71c1a614ff50,1
5972,5aa4c57d-762e-48ff-89be-3f62d2f3fcf1,0
5973,5aaf27c3-b207-443a-aaaf-8d57aecdfa9a,1
5974,5ab12997-6311-4cf9-a6e7-619c20189c59,1
5975,5acb35e4-d236-4da3-8a49-139770e1c45e,1
5976,5ad023f2-33c2-4d20-8c3a-df7f5a05b7f1,0
5977,5ad13a7f-1f01-417f-a887-642ad326811e,1
5978,5ad192a9-482c-4646-9c9f-c14aeb8ba4ba,1
5979,5ad1f731-13bb-4db0-ab63-f007d1226659,1
5980,5adee863-90f5-4d1c-a206-489134d92d35,1
5981,5ae05436-7df7-426d-a3cb-eb2afb537f98,1
5982,5aed2124-e8c5-4a65-a7b4-700382efdf0c,0
5983,5af2b140-f2b9-455b-83e4-6c0efda31324,0
5984,5af50ca8-cea3-4daa-b520-63adbd43d93a,1
5985,5af79d76-52d7-49cb-9e2b-dd127806e9e5,1
5986,5b09171a-5eec-49c8-8193-c025bf21665c,1
5987,5b0af2d7-9dc5-4baf-857c-74fc961085b9,1
5988,5b0eab2b-f03b-43c6-82b6-782ce7ebe56b,1
5989,5b18cf2a-0889-4407-9fc3-041cb4e64d90,0
5990,5b1aa681-557a-4f4f-87ea-0f970a6091a8,1
5991,5b1c5740-8dcf-4d14-b4ca-adcbeee054b9,1
5992,5b1d845f-0d5a-4926-8c17-cfb9d2a2475f,1
5993,5b1f843a-867b-4460-b094-c374a368a92f,1
5994,5b25c2a4-44e1-4f12-97f6-a794e023f9c8,1
5995,5b26e9f9-d611-4f93-baf0-2548192104aa,1
5996,5b2a2059-5640-4698-9aef-530751584e5e,0
5997,5b2a2586-b44a-4e7a-b97f-11e0a1f88e5d,0
5998,5b2c421a-74fc-4799-b9bb-9ae82b385eee,1
5999,5b3019f9-c671-40d2-98eb-3fc3c1930bf9,1
6000,5b316805-2e87-4319-8204-1ebf927c86fb,1
6001,5b3699dc-2881-4daf-9a9a-451fd6247435,0
6002,5b3fdd45-c544-4b16-8c44-08a9b23dbfe4,1
6003,5b43e556-ff06-4945-88e4-254e9e510f87,0
6004,5b44dd6e-dd7d-41e2-ac41-02b56f59b971,1
6005,5b44fd16-ee7d-4dd2-b446-307a8b8456d6,0
6006,5b493d47-5b9b-41c7-b332-577a83707571,1
6007,5b534a1e-fe85-4761-8f51-9919c9462a2a,0
6008,5b59fe78-7ebd-4d79-9bc0-7d462920d032,1
6009,5b5dcd40-9edb-4aba-bb41-088fd1eb38ae,1
6010,5b5fed9a-8e27-45ef-8bb7-f93316c775df,1
6011,5b70487b-5dae-4e70-9217-767d1738010a,1
6012,5b76e470-5299-4012-8be6-1ab972e9ac0a,1
6013,5b79ed0e-9b95-4a4a-b0d7-bb845acd3a73,1
6014,5b7a0079-780b-42b6-a454-197518989da0,1
6015,5b8660b0-78ff-4274-9717-cdca5862b6be,0
6016,5b8de03c-b581-430d-9eeb-d050ed3823e1,1
6017,5b8eb7e0-0421-43d9-93c9-657854894362,0
6018,5b8ec5b1-8917-491d-803a-c97d509922b2,0
6019,5b94aaee-6952-45f1-a853-d623ef268bf6,1
6020,5b94d9a6-7ada-41ef-b47e-6f97af84d103,1
6021,5b9e2ae7-42a4-4874-aac7-5f5c73721242,1
6022,5b9f0f60-de3e-4823-86b3-39f670151e75,0
6023,5b9fc686-bbd7-4935-bdcd-44070e1dd9e8,0
6024,5ba0951a-adb0-4db5-907c-9b4a8bdf8624,1
6025,5ba0ccff-e125-46ca-9e70-198eedf81ad2,1
6026,5ba102c6-b4e1-4a94-abd2-af0c00c3df85,0
6027,5ba2100d-7093-4cc6-a644-4cdc2f830e53,1
6028,5ba39bf4-9712-4414-b297-d5633a80cb58,1
6029,5bab1601-39fb-41ff-a6c9-49dfa05377c8,1
6030,5badf84b-1630-49a1-85b6-35e77fbfbbd4,1
6031,5baf735b-9b69-44ff-b5d3-187a1230e127,1
6032,5bb3d74f-c1f7-42e7-ba01-fb086adcff1d,0
6033,5bb4555e-df42-430c-a770-f8b17356593f,1
6034,5bb8419b-d08e-42cb-9714-7ec180b27717,1
6035,5bbaea36-c5aa-4e85-9d6d-4351bc8ec1bb,1
6036,5bc61db0-bb58-4c98-a603-a411a003518f,0
6037,5bc66a17-1a6f-46d7-9453-18d32f33c3f5,1
6038,5bc825a4-d1f0-4f17-9f3f-42864b315ef1,0
6039,5bc90401-9581-41b5-94a0-cfdfb3b6ab78,0
6040,5bcd410d-7828-4c5a-ba86-6d91efc62616,1
6041,5bce2260-07d9-4ad4-91ae-40357a328f6b,1
6042,5bcf561b-44c3-4322-9bf1-7cdb8b2db952,1
6043,5bd2df91-371d-461b-97aa-540673427730,1
6044,5bd41bd3-b830-41e3-a77f-fefbc71d7720,1
6045,5bd7bc4b-1d6a-4fa2-9951-3ede09daf481,0
6046,5bd7c4ea-17f8-4984-9fe7-9500bf65a48d,1
6047,5bdcd8bf-3317-4db4-a4ac-02d7a0f899f0,0
6048,5be1fc74-7301-414c-8ce7-ed0ac5464c86,1
6049,5be25af4-1ebe-4095-860b-fb51fb19901c,1
6050,5be6d18b-a368-4cc2-8ca1-2654ad6bfcb5,1
6051,5be753df-9a2f-43ee-b866-ef214989d07c,1
6052,5beb656e-d6dd-417e-9e92-255481182ca4,1
6053,5bf29e6a-fd62-4457-8485-e45a16fdbc45,0
6054,5bf83bf0-e058-4037-a199-4b17896f8b23,1
6055,5bf88779-c013-4006-bd6b-151013713a84,1
6056,5bf9f62d-3edc-4075-b533-b6b0abcdc0a8,0
6057,5bfa27d0-aef6-47cd-857d-efd6b66d72d3,0
6058,5c046a3a-2719-482e-aa39-5d50d5420af0,1
6059,5c085bee-fc07-435c-a82a-3aee03c1b4cb,1
6060,5c11ca3a-c1a2-400c-b1c0-0a819bec416d,1
6061,5c189e58-c74e-4ace-8f9f-6676bf601233,1
6062,5c18e68e-b220-415f-ba14-f0b865675161,0
6063,5c1a8378-e987-429a-ab04-5e561ae9dc90,1
6064,5c1c75d2-2b65-4d00-a95e-7f85224b66aa,0
6065,5c1d1216-2f8e-4f1f-a2bb-3ced8aa3450f,0
6066,5c1d5232-7c2d-403f-b0c3-fa908fd41581,1
6067,5c226687-965f-41d8-898e-19478c844845,0
6068,5c249597-8df0-4ece-9c67-a40537e9242f,1
6069,5c2519f2-dfd1-4bd2-bdf7-85051d765214,0
6070,5c25a733-d551-4ca9-a815-1de08fef458f,1
6071,5c2b382c-b633-445a-98bd-a7dcf55115ad,1
6072,5c348b5b-beb5-4d2d-8096-e318230f902f,1
6073,5c397361-5233-42c7-ad69-da5348f70316,1
6074,5c3ae986-f3be-4028-ba70-470c88d7cca1,0
6075,5c444d6b-af5d-4919-9c1c-5c3a339e83cc,0
6076,5c46463e-1f9b-4f89-813f-ff5434bd8fef,1
6077,5c4a6c9f-a2cb-4090-a7e3-62ad10a3861d,1
6078,5c4af2ca-e10e-4d3e-83a5-d44fcdfa30f9,1
6079,5c4f8c14-e56b-4cad-b2ad-26ba42ca7702,1
6080,5c53e169-1758-4eda-9265-5e5bd30d2c5b,1
6081,5c57dbe4-d4d3-4cf3-8232-ecbb6d4ecef1,1
6082,5c5ae26c-7d4c-423d-b037-603727c8c519,1
6083,5c5af76f-995d-4510-b751-6b372a38681d,0
6084,5c5afe1e-1084-4fd2-8602-d9785b9edc55,1
6085,5c5c795c-8bb3-4359-8922-1547c5179ba5,1
6086,5c5dc772-61e7-4640-b855-534c5cf926d1,0
6087,5c5ef51e-ace7-4501-8faa-0dda595fce81,1
6088,5c6eec24-8d6c-47ed-839f-51de518a23b9,1
6089,5c73ef73-7621-4007-a0d6-c553d0ab29f9,1
6090,5c803afa-a2cc-4e29-996b-4709d8ca8f59,0
6091,5c805a76-1fbc-4a1b-b9d3-30b9b984047c,0
6092,5c810725-087c-4ca4-9326-d19eacb46bd3,1
6093,5c83fd82-e219-4539-8249-365f3fa6982d,1
6094,5c85dafe-d4c6-4de2-b1ca-c259df35b3cf,1
6095,5c87c3e8-0190-4f43-b849-f519bd41e003,1
6096,5c87e3a5-1501-4a0f-8568-e36183e38489,1
6097,5c8ea453-22c2-4a62-a11e-ef02e83b9923,0
6098,5c959169-ba29-494e-be41-0a68a10ee475,1
6099,5c9cde0f-a76b-456d-b3c5-f5e8d64a44de,1
6100,5ca25abd-ab64-4bcc-abe9-6b42000800dc,1
6101,5ca2edc6-a3b4-4d20-8844-2fa1f349ffb5,1
6102,5caa3bc7-e8f2-48ec-9ec3-64dd3331ca79,1
6103,5cbe127f-58c1-4135-b2cb-3a98d93dcd47,1
6104,5cc67b65-f837-43e7-be23-56cf93b8ef46,0
6105,5cc6aad3-bda8-4b3d-9a21-ddc3de963e89,1
6106,5cc9c07a-e755-4ee1-b10b-6651dae43ee4,1
6107,5ccc1f3c-c60a-48e0-a935-f8f692fef05d,1
6108,5cce4bea-cfc6-488d-8f04-921b8b4cd0c3,1
6109,5ccf31df-9d8c-4332-a6c2-dcf611739a03,1
6110,5cdc01d8-40ba-4324-bba2-6ca799df6a0a,1
6111,5ce17e35-becf-4f6d-a0d9-5efb6e63d9f0,1
6112,5ce184d8-5db5-4309-939d-c40de12fff13,1
6113,5ceae0a8-f58c-4da7-8226-2af4cb2562d5,0
6114,5cf770dd-2e46-4b38-b1f5-eb06339a96aa,1
6115,5cfa1bf5-9cb1-4ab9-b6f1-68c76613f544,1
6116,5cff8144-4a76-4506-a32a-fc6806e15f96,1
6117,5d07a893-361a-4b90-ac44-41383738c7e2,1
6118,5d0d0262-388c-4647-b804-cf3113346293,0
6119,5d130cbf-cb96-4786-9de0-f8b0aa1ec0a0,1
6120,5d1365ae-1c5f-46f1-af68-fb55b28e566e,1
6121,5d18553d-0fc8-4559-9c99-451973733e06,1
6122,5d1ac99d-aacd-498b-b302-fe0a4884921d,1
6123,5d1ef81b-0e2d-4c43-abc7-e256a7887948,1
6124,5d21a4e1-db2d-4e96-a7fc-45785d49e1a5,1
6125,5d225443-1d4b-4678-8a80-75f03c7fe71c,1
6126,5d2c54ca-a013-4cca-ba77-e4ff3aadcfd6,0
6127,5d2f9b95-b0a8-4ffe-b061-55ab681c795a,1
6128,5d3c2a9c-d047-4f34-a8bb-a004c95e4d00,1
6129,5d45f093-9d02-42f5-bfbd-3122cabee01f,1
6130,5d4b51e3-b0dd-42a6-89bb-4a5e5d68e607,1
6131,5d4cc10b-3b40-4c93-8d0e-cbc9e26eb5da,1
6132,5d4d121d-67da-40af-ac54-9c909b282507,0
6133,5d546f75-1a07-4325-9df3-4901250a68fe,1
6134,5d553729-1636-4a59-8ed6-0aa1a9fd23dc,1
6135,5d57a0d4-3194-458e-80f1-980e03389b47,1
6136,5d599614-2068-4035-820b-43796a80c4e1,1
6137,5d654f3e-8ae9-4148-95be-7fc327295c84,1
6138,5d65d169-579a-4c96-945d-2a911ce8f68d,0
6139,5d6842fc-ad51-4858-b6ac-f1e90ca85c49,1
6140,5d6f086a-c394-4b9d-b775-e5231f67a9c8,1
6141,5d726d9c-72bc-4c76-958f-3135a27b495a,1
6142,5d769d98-cda8-44f3-a4e1-747fc28ee66c,1
6143,5d794d98-8102-468d-86a5-e09e117ee02f,0
6144,5d87e1f5-5f52-454a-a717-5a329098dea2,1
6145,5d8b7713-df6c-4c0d-8f82-ea4e898b9e00,1
6146,5d8d7cb3-be25-4c42-ad88-05b5bb979f32,1
6147,5d92b98c-4e5f-433e-beb3-a50213f86eec,1
6148,5d9327ab-aec0-449f-a583-c6158767c0ed,1
6149,5d95f03b-e8e1-45bd-953b-2e0d45e4371d,1
6150,5d95f983-38e1-4067-9643-81db4c729028,1
6151,5d96bdcd-ac1d-4b24-85b6-9820f8c3f4d6,1
6152,5d9a4738-5a67-4592-98d7-1f849f22f486,1
6153,5d9e80d8-a095-4306-b9ec-95708f4fd939,1
6154,5d9fc207-5c1d-4a16-9fd0-bd7782ce9997,1
6155,5da19ab8-7965-4304-a041-4b435236f5a4,0
6156,5da1de81-e77b-4ae0-b986-57d30a0617c9,0
6157,5da6d96e-a367-41a7-a0d0-049d36d484a9,1
6158,5da6ecdd-f936-4db9-b179-a80064760af2,1
6159,5da73bb8-7a00-4cec-8132-111d28eca8bb,0
6160,5daa823d-db1d-4ad8-8f11-496628bbbdf3,1
6161,5dabdc60-bba1-4714-9fde-ad5c5cdb44d9,0
6162,5db02184-ec6c-4c50-a17c-c8ff5e9a0bff,0
6163,5db4a148-6496-4e40-a750-4df6dd6e556d,1
6164,5db5d838-3549-4e4a-b0ce-ed57357c0fde,1
6165,5db8204d-c5b8-4f1c-a16e-dec6d2979d06,0
6166,5dccbe0a-f4ca-4111-9c73-f54b8c135e2f,1
6167,5dd1f128-8694-40fe-95e5-a666cbeae3a5,1
6168,5dd4bfc3-009f-455e-b5f4-93cdbcf1ee76,1
6169,5dd7061e-ad5b-4315-be6c-8abd4bee9c1e,1
6170,5dd75586-313f-4cba-a062-d6a228ccebc0,1
6171,5dd7a817-5abc-40e3-8570-3ce58dd8e63f,0
6172,5de446d8-c767-4884-814c-8b36dbe3ba26,0
6173,5de9f4c9-dc6a-4589-ada1-577ec26f5336,1
6174,5dec0e46-1b50-451a-85ae-5391aff6a8c3,0
6175,5dec514d-03b2-429c-a94c-695d2b6aefe1,1
6176,5df402f7-0704-44e7-9ef6-bd3d38cc81f9,1
6177,5df60c79-db6e-45bf-a850-479c63aff59b,0
6178,5dfec269-5418-4475-8e7d-1586f2c6c7bd,1
6179,5e01bfb6-58f0-4f50-b357-3df6a549f76f,1
6180,5e0b48f4-f868-411d-9b52-751c6f44009c,0
6181,5e0c518f-c249-4822-904e-37c1188eee10,1
6182,5e209ddb-9549-4d96-8d93-3ac5c9646327,0
6183,5e2a6ec4-7869-4a50-9ec9-ff53ff6e8dda,1
6184,5e2e2aa9-d549-4c1e-b3a7-d711e21e3df9,1
6185,5e31b1e3-5984-48d3-bbd3-853551b77f7c,1
6186,5e33edb9-0212-4562-b6ef-4fd44052af10,1
6187,5e382334-4f7c-4f8c-bc01-5a800168f349,1
6188,5e3a7036-daeb-4fce-ac54-429b55e196d2,0
6189,5e3b7fcf-c1be-4056-ae81-1c9fb666d6a0,0
6190,5e3e45ce-9361-48f1-86c6-ecafe8ff6c69,0
6191,5e433304-a445-4af0-8e1e-c87f4e8e23d4,0
6192,5e4660d8-dbc1-4087-9cb0-f666afa07826,1
6193,5e467a3e-f841-4b65-ac47-7503badda06b,1
6194,5e46819e-036e-4f6d-9bb9-66e8ac6d4ebd,1
6195,5e47144f-5ec9-48ce-aace-e9f11555ae2e,1
6196,5e4f2605-fbbc-4996-a8c0-c16b173a35b5,1
6197,5e5848b7-ce17-4ea0-82fc-b0e81e885880,1
6198,5e5cfe64-0d1d-46b3-abf8-b49fa0774d32,1
6199,5e5df271-a14a-481f-8e42-05d11b06fb9a,1
6200,5e604055-e325-4afb-a625-5b3580c2f55d,0
6201,5e61b7a5-8cd8-452e-967f-029a3b949429,1
6202,5e703a7a-8801-47d2-9a4f-3fed2306f301,1
6203,5e7422ba-1439-4704-9ce1-7b91e7ebc099,1
6204,5e77897d-6c66-4a31-aed3-2b0305b0fa92,1
6205,5e7949e6-3c1b-467f-9ba0-fb528fc4453b,1
6206,5e7a1e92-f8bc-4b5f-8ad1-430556450512,1
6207,5e7a962d-fafb-4442-bf7c-a84d52e468b8,0
6208,5e7ac93b-6e14-4988-b97b-bda11279f280,1
6209,5e7c5039-1ac8-4239-9b7c-c95ebfc17f2f,0
6210,5e7fb652-3de7-4c64-bb83-f87da1efde33,1
6211,5e81f422-a9bf-40f1-9afe-9b2760864b54,1
6212,5e87082a-c062-4c7b-8d06-d1044bcade7b,1
6213,5e8d2391-1678-4fe9-a1f6-db06e75841f5,1
6214,5e8d9aec-a745-4b2a-bae2-1ea0abb12651,1
6215,5e903a15-7e98-4e80-8ea1-8c9b53158d67,0
6216,5e9fc9d0-334d-498e-92ef-d75f658eb1e9,0
6217,5ea22aa5-de08-4685-b663-911bf2925f59,1
6218,5ea60c15-7f9a-4b4c-baeb-82e1ed0f28ae,1
6219,5ea7e3d0-6556-45c4-8a94-f7d2089b89bb,1
6220,5eac7528-d1fa-416b-8124-88bada83dbcf,1
6221,5ead5d9d-b116-4462-aa4a-09b1f553735e,0
6222,5eb98e33-b4b9-4fbc-af1b-0f56facfbb95,1
6223,5ebabdd9-347a-4de4-8400-71534882d66c,1
6224,5ebabf5c-9936-4a2b-93a6-f44cfbfcedf6,1
6225,5ebfeae8-47e4-4885-ba87-f52598de13e8,1
6226,5eca135f-7d11-48b3-8867-299af98998b5,1
6227,5eca2d10-e6c4-47c8-8cd3-8b264baa9ffc,1
6228,5ecec20a-8f2b-4e90-a8d7-4f634c822955,1
6229,5ed0a089-c13e-45dd-a496-1470be2873e6,1
6230,5ed42440-e6c9-4cf8-9f60-d1318afcab22,0
6231,5ed4fda7-98a5-4a5c-88dc-f518f0e8fe6f,0
6232,5ed50743-70e1-4e45-b682-d72f37df3793,1
6233,5ed5eb43-e19e-4425-81e6-5720f837ea71,1
6234,5ed795bf-1871-46ad-8c6b-261d19eb3e92,0
6235,5ee065b7-0c9d-4e41-82e3-688f0a00e809,1
6236,5ee32b9f-6cca-4699-9efa-33566710854e,1
6237,5ee5400a-c46a-4af3-aae4-bda7faa24e56,1
6238,5ee5872a-9c69-4793-84a8-b95cfbe039e9,1
6239,5ee60047-1ffe-4066-be37-39e16deee64a,0
6240,5ee61f2f-37f9-4311-b21e-32eab8dc795c,0
6241,5eeaf231-806e-458e-b9ff-acd566698bac,1
6242,5eec95e7-951d-49cc-ae9a-39281082e073,0
6243,5eed8948-b0d4-42b4-bd45-c628043776c1,0
6244,5efd2f68-9aba-41a7-b46a-9fdec86bd3b7,1
6245,5efd427b-b698-4895-bdda-07d3ee03fa41,1
6246,5efed0f8-0a08-42c4-87c5-5be5a27b5cab,1
6247,5f002df2-46f4-4196-8706-0508d11126a6,1
6248,5f005d40-3bd3-4d49-b196-fcf80520e533,1
6249,5f0dec4c-5598-4793-b084-6ed79c861137,1
6250,5f0df1a8-c22b-4e6f-97c2-79a29ac3f8ea,1
6251,5f0f4e0a-edf0-42c4-9eee-612b6f4313ee,0
6252,5f0f644f-7865-468e-be5d-f083e9117f16,1
6253,5f101e1d-7851-4e0d-971b-3c532fd94446,1
6254,5f1199d5-3380-4b83-a0ce-b2b05158e501,1
6255,5f2e3d92-8dd4-4ac3-a00e-50069c7eebda,1
6256,5f2ffd5b-ff19-45fc-b220-81b9ab180f7b,1
6257,5f31b619-b331-4301-bf36-2cfd8b99a9f6,1
6258,5f376826-e77e-4452-858c-94e228244e3b,0
6259,5f38c08d-922c-429f-8fac-fd032c9eddf2,1
6260,5f4296cb-aecb-4183-869c-99c8bd1b21bc,0
6261,5f4491f1-2efc-4632-a87b-76ba5c97e9e7,1
6262,5f489cc2-35e2-46fa-adda-7274b6c76dc8,1
6263,5f4902a4-aeff-4c77-9ba5-d2b256eb9b8d,0
6264,5f4dbf89-c07a-4502-b376-93df7e26af56,1
6265,5f4f081b-45bd-4338-9c78-786af261ae0f,1
6266,5f4fdb4b-67bf-4c94-a130-601a474eeec8,1
6267,5f5495ea-dfc4-4a7e-9ab0-8b41045f7920,1
6268,5f5de901-97cf-4b04-b2fa-1f65a03d7248,0
6269,5f629d14-3fef-43c9-9a16-83a854e1e323,1
6270,5f68a72c-f393-4a0a-b701-33edeb41a71d,1
6271,5f6a87b4-cef5-45d3-a938-2fedb154a282,1
6272,5f6d6070-af20-4070-9450-1e560c8bec01,1
6273,5f6f858d-9499-4dd9-803c-9c489e0f3870,1
6274,5f70f5ee-d10a-4a7b-9bc1-bcfca1efc372,1
6275,5f74f9ad-3df1-48e1-a1f6-838f81cdd46b,1
6276,5f7cc7fe-6c9c-49e6-adb4-bda646fc03c9,0
6277,5f8017bf-bcff-451f-8e0d-4eec02c5488a,1
6278,5f80fd45-3efe-4698-b4e3-ebc5dab095cf,1
6279,5f819bb5-2be7-4a97-9908-b2fa1a36c820,1
6280,5f880388-9627-4cc5-a651-f2e06aefbeb7,1
6281,5f8a0594-53eb-48d4-9624-07695988786d,1
6282,5f9b5306-aee0-4f56-8b35-780be5b35ad2,1
6283,5f9e70e4-eb90-4d8a-a831-8f272d3b0467,1
6284,5f9ef753-70ad-4405-9c49-c57fcd567491,1
6285,5fa0895c-a54e-4815-9274-0f275c069f81,1
6286,5fa2aa8d-941c-484b-8968-3d3540e0ccbf,0
6287,5fac1548-fb30-46f0-8a13-842c7c4280b2,1
6288,5fb2b9ba-0935-4a88-a6a6-c673a11cfd11,1
6289,5fb95a7f-5d67-4fee-8a8e-1d8f0bd0d1d1,1
6290,5fb98137-48a2-41f6-b684-ceb824de5d59,0
6291,5fc767cc-aefe-4938-93dd-dea090e28dee,1
6292,5fcb9e77-e99b-4ac0-b3dd-62f6bbb26875,0
6293,5fd80ac0-3573-4888-aa2f-43e397eafef3,1
6294,5fd82691-739f-4a3a-a083-74440e9a7924,1
6295,5fd9dc5f-dde2-45a0-b055-609df32f2dad,1
6296,5fdf53f6-435d-403d-bd17-8e4c0705af54,1
6297,5fe126e5-8cb9-4dcf-b225-dd2b3fb3df6b,0
6298,5fe236f0-e989-41e8-a61d-c88188dd85ae,0
6299,5fe57b7f-2f67-4f4c-b43e-be4c328add73,0
6300,5fe8c15f-cedb-4cd9-8e03-7baebbb7185e,1
6301,5feaa741-02f2-46ef-999b-c9482a20ce05,1
6302,5ff01829-df50-4208-b6ce-660413989792,1
6303,5ff263bd-b9c8-4a6a-9186-c06142e472d2,0
6304,5ff5eb31-e5e4-4bb6-924b-eb66053c4371,1
6305,5ff6d9fd-d89c-4a40-b4bb-3d6b3659516b,1
6306,5ff7d478-c0e6-4aa5-bb68-c66590c4519b,1
6307,5ff89ba5-900b-40cf-994e-dd5ba2f7bcf8,0
6308,5ffa37d3-637c-48f1-8481-fa024faa1ea0,1
6309,5ffd3c12-a5a7-448a-9dfe-e46daf41ae86,1
6310,6002a90a-8dd4-478a-8f4c-ed2f44f62fb0,1
6311,600877d8-4d71-4075-9a30-0ed411a40591,1
6312,600b9fe0-86c4-4548-9122-30b4e66c24a8,1
6313,601142fe-76e0-433d-9f22-ac25526d379d,1
6314,601211ff-af9a-43be-b468-80dddecdfbd2,1
6315,60131e04-1aa9-4f74-b689-bb75f2979e6c,1
6316,6015351c-f9cb-4dfa-8296-bbefba3b3adb,0
6317,601683c9-0ded-493f-9b75-a4e0ec5ce9bb,1
6318,601e4bdd-d537-4ca1-ae95-d42bdae1d511,1
6319,60238904-4f51-4b4f-9734-4f1cab6376fb,1
6320,6028f5a5-5312-4dc2-b464-573462697dfd,1
6321,602e067a-d0aa-4821-8414-aa1f0ce8b126,1
6322,6030b119-9eb0-425d-a951-a93b2f2d813b,0
6323,6036b681-3e40-408e-be0a-c36b3f0ec27c,1
6324,603a65b9-cc85-4489-a942-4057f3375a15,1
6325,6040a642-4537-4c61-a638-e5191c78d10b,1
6326,604432c0-b117-4f8f-a78f-2d9f0ad7cb15,1
6327,604befd9-1231-448f-9bac-715f58520d67,1
6328,6051554b-740e-474b-ae96-5f2fc06eb32d,1
6329,6053178e-8df2-42b9-ab7b-228ab4eb392f,0
6330,605c761f-a862-4375-abe3-7f14cab245a4,1
6331,605e965d-7627-4f9e-9cd5-44dc7c172722,1
6332,606156ec-2ee7-4411-8780-56a41a5691d7,1
6333,60679f20-540c-4f57-a1df-cdf60e27a582,1
6334,60726e65-4a5a-4351-8483-a2df6eabc7b5,1
6335,607c9be8-e1e8-4823-9e86-57191b701707,1
6336,60839367-8089-455c-8c2b-f0a508261a2b,0
6337,608637bd-889f-444e-88d5-41baff483508,1
6338,6087e362-e15b-463a-8f8e-61fbfd457e5d,1
6339,608a11be-d57c-484b-9359-41943480ceff,0
6340,608dd9fa-df65-4c83-b059-d96f3cf455a7,0
6341,609115ce-c37f-4b6f-94f7-73ba494d7baa,1
6342,609575ea-e3f9-48e3-bcbd-5b92be007ba9,1
6343,6096bfef-321c-4e16-8b90-b94689d9a115,1
6344,60971005-9c5d-4a26-b650-91394a9647c3,0
6345,6098d94b-494a-40f9-a955-c7d81d2ad0a0,1
6346,60a528dd-019d-4662-b725-51aff5d292da,1
6347,60aab39b-a493-4801-b039-6ed6b4ed380a,1
6348,60ad58fe-5aaa-429c-a28c-350a82a4208e,0
6349,60adf8be-b5e8-4414-b843-2cdfcd42d788,1
6350,60ae8d05-d4b1-44b9-9d89-4a1e36df4235,0
6351,60b4e48f-2c76-4b9f-97ca-9dfb65880934,1
6352,60b81ac7-c6dc-48f0-9e09-8e1787f8d1f4,0
6353,60b9ad0c-4dad-4779-a714-297a72b4a1c8,1
6354,60bc06b9-04f2-41a3-8e2a-71981f18e9d7,1
6355,60bd15ab-df42-4c0c-ac0d-0974aa44e488,0
6356,60c46fbc-6e0b-4ddc-ac2f-b27d0faad5ab,1
6357,60c589bb-eb9d-4c4f-8ebe-cc63e95d05ad,0
6358,60ce4a35-c1ec-4015-9836-9f10db37e035,0
6359,60d24e01-f6ba-450a-9e1b-7fe5645af033,1
6360,60d54f82-315c-497e-9b7c-0890fdd708c3,1
6361,60d65a57-ce7a-4eec-bac0-0348e4c767e6,1
6362,60d83d8f-a7d1-4076-93aa-e3fa3071d0e8,1
6363,60da6751-3146-4c89-8bf0-01904c487ea6,1
6364,60de1337-4c83-4ba0-8d95-b054b6cf1f5a,1
6365,60e61122-1f13-44f1-a375-481cf0823335,1
6366,60e81bea-8977-4937-8b26-acea6377fd94,1
6367,60ef0419-43a4-4257-bb2b-7902d20adb15,1
6368,60f1e505-257b-42f1-898c-74d6145983fd,1
6369,60f28b8f-8d8a-4889-99ad-ed22ca073cc9,0
6370,60f6e4ce-4d4f-4e1a-b690-d4405e4db869,1
6371,60f9d865-e046-4db7-8731-fc335b0af7af,0
6372,61025978-3d50-4e5f-94b4-a624f8b1b96b,1
6373,610c6904-0d0d-47a6-be2a-c4d115abb5ea,1
6374,61212915-f5ab-45c7-80e1-f1d952614f52,1
6375,61242225-eb00-453b-94f9-0d1b1564ac58,0
6376,6127bf5f-8bf6-4d57-b7ac-3096f8401fc2,1
6377,613a181a-c7bc-47c7-b2ac-113547d2d2f3,1
6378,613aa424-f99e-4556-8d2a-e0868956ab04,0
6379,613dc725-9fb4-4c66-bb9e-62f89da1cb15,0
6380,6143ea26-9c78-4e68-8cc7-7886f64f2ca6,1
6381,614f4da3-b71f-43e0-8d98-a2a616a431a8,1
6382,615c73c5-5bfa-4e16-915b-f457f0e4d421,1
6383,615fc3cd-d93e-43b0-b1cd-ed2487209ae1,1
6384,61609fb7-f00e-46b3-a98a-3a025ab715a6,0
6385,616333d6-7085-4fee-87cb-ec6587eae035,1
6386,61643068-f0b5-47e5-81b1-0f0ed1a6be67,1
6387,6167120a-cb34-4e6a-8df5-01889e65fadb,1
6388,6168c379-0b0f-4ea1-9b84-a27d61fbc616,1
6389,616d9183-efb2-4b7c-876b-f46b6ffe514d,1
6390,616e5f3e-8f21-4871-8f46-3983b6c80446,1
6391,616e78d5-7894-4072-8a44-72afc5b4bc62,0
6392,61735205-5b9b-4fc0-b341-af38b306e9ba,1
6393,6176d586-52aa-4072-ae2f-d3fcfbb36f11,1
6394,6177565e-2c19-4c9c-aacd-d0908f915322,1
6395,617e1d08-ed69-4cca-accd-00b2e291f55b,0
6396,61859d57-7595-4745-9f23-3a4b94a91ec4,0
6397,618a7743-5567-400c-963d-86835a5f422d,1
6398,618f9568-b7cb-4afb-ab62-c3e94dd190a6,0
6399,61920bd5-7b62-429d-962a-e6d08e40e09d,1
6400,61922e07-de4f-4d63-8b67-241224872fa8,0
6401,61946a83-f184-4796-8c8f-98ee5f476d46,0
6402,61949b9f-86ca-4934-8484-04048cfc2aaa,1
6403,6195aa63-54a8-4a0f-b11b-51bcf861e8f1,1
6404,6197ca55-caa7-4d76-aef6-9090129ea230,1
6405,61997004-fcf0-48b1-aa9c-25bf06b1092e,1
6406,619998e2-074e-42d0-9b00-578a10c382b6,0
6407,619b2cc6-c656-49c1-bc20-170cdec14f1c,1
6408,61aba217-1f32-40d5-a786-08dcdae2d7dc,0
6409,61b1f85f-6c1b-4aa6-bdd4-c0237e3704b8,1
6410,61b45469-d8d9-4556-b290-1f095785f290,0
6411,61b49ea6-a4fc-40b5-9bcd-75f26783742b,1
6412,61b5c073-55bd-4abd-9f72-90f4cb2eb3a7,0
6413,61bbb617-6ce8-48ad-b76a-fbcfceee51f4,1
6414,61c5da88-a472-4b6e-abfa-95d7599c9304,1
6415,61c72e78-1c5d-478c-96ec-ab4103534333,1
6416,61c96d79-4fc1-4f79-ae59-ba0d13ef4d32,1
6417,61cac7e8-b774-4799-93a1-5b7bbe791795,1
6418,61d2d4eb-67b6-450e-ad42-5d9ea7bae406,1
6419,61d5afe7-5ec4-4413-8848-352e6ee45118,1
6420,61d6d87c-4977-49a2-8b88-1f3a85d8424a,1
6421,61dc5618-ba9a-4a0c-8937-b140aaf06c02,1
6422,61e482f9-eb6e-47e7-aec1-5e6270564eeb,1
6423,61e5a345-512c-4f09-a5b9-0c7b3437a2c1,1
6424,61eaa19d-70e2-416a-8f05-6709b5bcfc3c,1
6425,61fdea62-06ea-4f98-ba8a-94210a9f5fa0,1
6426,620340dd-2b85-4bea-9616-85ddf3f52a4e,1
6427,6204044a-708c-4d0f-9fb1-6a3284ce257a,1
6428,62065034-7528-4a79-8b4b-5b98482700a2,1
6429,62081a5a-ac48-4b9a-bf2f-b13e99448ae9,1
6430,620ec9cb-46bd-4d3c-a8e0-c394b75c13bc,1
6431,620f4c1f-b514-48c3-801b-4aa74957dd2d,0
6432,62109c07-2052-452a-83f9-8be2fb14c612,0
6433,6213b7a5-31c0-45d0-923d-9542c394a48f,1
6434,6217627d-8071-4972-a5e1-b14ac29861ab,1
6435,6220be49-c172-46e7-9f76-5889c59a464a,1
6436,6221ff5b-f55c-4748-9e2d-ee38c3f439f6,1
6437,62233bc4-0c86-4a4d-bdc5-2ef47ed972a4,1
6438,623006f7-9f2b-4440-8221-cdc8eb102fac,1
6439,623389d8-2b82-47d9-b2db-cf5a767132e3,1
6440,6233efbf-5fb9-4fc0-a7ee-104cc966519d,0
6441,6235681e-1545-4f09-bcbe-26ab8b489823,1
6442,623d49f6-a1f4-47f4-b98e-a2d940c53380,1
6443,623e3d5e-66f1-498e-9654-f001e8972cb4,1
6444,625017ca-d468-4e37-892a-8c7e3a62d153,1
6445,62518fd7-532c-4aa0-81db-63553760f944,1
6446,62538ccd-d12b-4a09-beed-17cb249cd4b9,1
6447,625b34e1-4af0-4e6f-ab30-03f2b6088e13,1
6448,62607e0e-0f15-4f67-a2e3-0939d0d0b4f7,0
6449,626271b6-8bbd-413a-9023-e35f64dc572a,1
6450,626314db-9fb2-479a-adde-6416f770c597,1
6451,6263d9a1-1cec-4d87-8ca7-83b135bc2884,1
6452,626685ac-7121-4eeb-9e62-dd8b2e57b63a,0
6453,626e7f2d-2cd8-4dec-b655-21feda96c53b,1
6454,627126e0-6f02-4cfd-bcc2-ff997968ee4f,1
6455,62718362-81e6-4f82-aa48-a9cb4c05a065,1
6456,6279b823-0440-4dd7-a95f-bcbec826ce1d,1
6457,627abc09-fca1-4e1f-82a2-eaf814a5d2f6,1
6458,627acfd4-6e25-4550-a24a-af4737c0bd22,1
6459,627c1d1d-dc6e-4d6d-b581-424ef17212db,0
6460,6280e513-cff8-442f-b126-20cb9ec15256,1
6461,62885d19-da8d-41dc-934d-a60c6a8dbd8e,1
6462,62893c84-ed18-4798-bde0-8fbec6cc699b,1
6463,628ddfba-2181-4ed5-a2d7-d7f70191b9b2,1
6464,6296418f-e445-42a7-a90b-eafd6a9b325c,1
6465,6296e6a2-8407-4629-93bb-3ae6252203bf,0
6466,6297cd59-e56b-4ded-8f07-461a45175622,1
6467,629cdd9d-adc9-4b56-9457-2aaf0699a99c,0
6468,62a4ce8d-da6d-4489-a944-fa82dabbbe99,0
6469,62aae7ff-3e7b-44ee-9b21-e55de8a64770,1
6470,62ac4124-80f4-48c7-b385-74607758667a,0
6471,62b45c3a-dc55-46a2-87d9-5215e25ab21c,0
6472,62b69953-d012-48cf-b088-7c3b5b3cbe3a,0
6473,62b741b3-a341-41d6-a2e3-a0199af8f2b4,1
6474,62b8bb3c-97f8-469f-b854-22f6a2fe1b95,1
6475,62b93037-6a39-4632-ba8a-1fb3d1fcbf90,1
6476,62baa891-7ef1-4678-8c12-58a2c606df8e,0
6477,62c325ea-1d8f-4715-bb6d-93c22d2743bf,0
6478,62c709ee-514c-43e9-8956-51ac1293df66,0
6479,62cc34aa-fde0-417b-ac5d-f3e76d51bbcc,1
6480,62d281c8-771c-4eeb-9bd1-fe6fe1936689,0
6481,62d81e4e-2791-4281-a71e-8424872eb8d0,1
6482,62e0fa0a-a167-465c-bf3a-352bdec740e5,1
6483,62e717a1-8f5a-4f45-bebf-77a8d985fb10,0
6484,62e9f43e-5507-4bd2-b81e-29d0f2e9701f,1
6485,62ea7d8a-3856-4b11-b4f4-54f382f644c6,0
6486,62ec7de6-fa6a-414f-9f76-e12e781b400a,1
6487,62f685c4-d9a3-4b2e-a6ec-c97e0efcab6d,1
6488,62f92664-260d-4047-97d9-4b67ec62197a,1
6489,62ff88f4-686a-4ab1-b356-d878baeb84b7,1
6490,630200e7-45af-47cc-b1d8-3e9c8e1aa0be,0
6491,6303e175-a722-4090-9753-7a53ad8b7465,1
6492,6304efef-f885-4091-9080-c8e2add5bb74,1
6493,6308efc2-cee2-45d1-a288-10cb24332ab8,0
6494,630cc449-b2aa-4df7-85b4-bb0ab9801f6f,1
6495,630e35d2-99e7-41f8-9963-492a7642fd9e,1
6496,630ef27b-3f4f-405a-932d-7ac1d69d3edc,1
6497,63148642-4203-4a02-9e3a-d4167792c0d4,1
6498,631ed48d-4498-47a6-86cf-296911ab1e4e,0
6499,6321c454-2ce2-47c5-8bd7-7c6bf2f370fc,1
6500,632cf052-99b3-4973-8317-6f865fcbf351,0
6501,632d2448-1989-4763-b6bb-fe6a5cbd4f58,1
6502,632eff69-b290-4fb4-b5a2-89795a070950,1
6503,6334bd63-f596-4252-81cb-cad9144ccafe,1
6504,6337f77e-a710-42af-b19e-ba030a9fc011,1
6505,63399bcd-9bef-4ff0-b86c-09a616c9e602,0
6506,633b9547-5976-4cbd-8ced-49e6c672c70d,1
6507,634949c9-0cc2-4b5f-a260-f179399ff11d,1
6508,634d47ac-4855-486c-9c9b-c6ad2e182a93,1
6509,634df367-c696-4169-a591-ae8eebe0299f,1
6510,634e022e-a567-47ab-9417-55316e6b9c44,1
6511,634f6a8f-5759-4331-9e7a-8070a6f12920,1
6512,6353f9b4-143b-4f7b-9069-54c26ddb2133,1
6513,635b3707-e8df-4e5d-8bb0-18ecf65346ec,1
6514,635d2e3e-70e0-48b3-a8e8-864151ba7f23,1
6515,635e521e-47d5-4be6-a1f9-6566a9caf379,1
6516,63694562-99d6-471f-84b7-35d478848128,1
6517,636f2a75-d3d3-42bc-bb13-01246cadcd2b,1
6518,636f78d4-5f11-4af9-b726-ac3780e2da9c,1
6519,636f8087-105c-4be9-b2ed-231f8a130893,1
6520,63761fb8-eaab-44b2-adbd-72d59d40ce92,0
6521,6377900c-edd6-4853-af21-672dd48a6376,1
6522,637b9b56-93e0-4a33-91f7-aa768e1bacc7,1
6523,637bee94-f130-4ba4-8676-87a7eea61659,1
6524,637d9c5f-c08a-4565-86bd-65548d7d0433,1
6525,63803b1d-97ef-48ad-85c2-b09f31998ab6,1
6526,63895b21-37a9-4f44-a949-2909b414e86e,1
6527,638c17e9-7f55-497f-9532-c24483f1b6d1,1
6528,638e2cac-fb44-4b67-8928-66bfb7e4c106,1
6529,6395c0a4-644f-48b8-9a38-85af523b4650,1
6530,6397933c-7e50-4cca-a934-612d7fd70a45,0
6531,63a9d6f7-937e-4c51-b92f-6a7d19e97915,1
6532,63b469ca-8e35-4db4-a27f-7e3ac74f9674,1
6533,63b78274-8623-4360-9fde-1b29da6430ae,0
6534,63b8b3e4-260e-46d9-b5d9-313e2733e2d9,0
6535,63ba866c-caf1-4429-a616-a1a80077eb46,1
6536,63bbd331-2d62-48a2-8d00-a8292322fe43,1
6537,63bc9aaa-651b-41e4-9bdf-f5ac805cd4f6,1
6538,63c0384f-c23f-46dc-828e-f157e589759f,1
6539,63c21826-cfaf-4bfe-ad6b-87036fd29933,1
6540,63c293a9-870b-47f7-a172-ffa5a3417d74,1
6541,63c33dfe-23ae-410d-b28c-21cbadca02a4,1
6542,63c71685-c727-485c-81bd-60928a79105b,0
6543,63cd4659-c035-45a5-83c0-0514fde8dc3c,0
6544,63d04d88-b698-4335-9903-0e3c570a04fc,0
6545,63d2f027-c230-4a7a-ac77-9e588d4e48e4,1
6546,63d3aa19-b11f-41f0-9006-b0258cc15173,1
6547,63da4e29-b72a-4b6f-93f4-163e4341558a,1
6548,63db3ebe-6d9a-4c7d-b1ba-205eb5b0b705,0
6549,63dc9232-f031-4149-a476-adbbcdb7b05d,1
6550,63de1379-623e-4f09-953d-3289439d381f,1
6551,63de1475-b24b-4d0d-9d38-ce352ce70a27,1
6552,63e2f3a9-c702-49b8-a8ce-8ab9095d26d2,0
6553,63e3073c-0fb9-452f-a95b-bd9e9fac9ed1,1
6554,63e4906b-a630-4b65-a4c7-84be650ac040,1
6555,63e715ba-cd0a-47d7-b6b1-a6964accdf72,0
6556,63eb5d33-36ec-4810-9b4f-6a657675866b,1
6557,63ed5dbe-3715-401b-b3ec-f29445304e1c,0
6558,63f9d475-65ac-41bc-b2ca-9e983c294a83,0
6559,63fd1fd4-2b6f-4875-9520-fa136070f23a,0
6560,64011039-9fa8-467c-a73e-6d45e48b0c7e,0
6561,6402d708-f9e8-4414-b9b8-321a149eacd4,1
6562,6404a203-c54c-4c80-9cb0-1924cb99cf00,1
6563,6407cb23-62fb-47d7-860f-5c1680da827b,0
6564,641050e3-d418-459e-af80-c49674428dc5,1
6565,6419c96d-6875-4564-a2e9-1dbf36fca516,0
6566,641acf3b-fa35-405a-aebf-a690f056014c,1
6567,641b94a8-fe31-4123-8ee6-ee5d14d3f69a,0
6568,6424daf6-9141-4bcc-9528-50b9eed24c7d,1
6569,6428eb16-3171-45a9-9ce6-928d2c63b7cd,1
6570,6431e9b4-f5d8-4368-9121-ad26aa5f998c,0
6571,643aeb3b-1ebb-4950-9980-3de657963246,1
6572,643cb782-d7e0-41f9-adbf-7d98f765ab3e,1
6573,643d047a-ee44-477b-8304-275af6861817,1
6574,643dc26b-d16e-4f42-88aa-f20ae14ede61,1
6575,643e097c-10ce-4be5-ba8b-20460aacd9fc,0
6576,6447e56c-3b83-4611-9bea-556bad405569,1
6577,644a82ba-ca22-4bec-a065-c87845e99191,0
6578,644ac0d4-d5c5-4d29-9add-583809f69025,0
6579,645bf427-a026-4a37-9904-e0d02a77d9cb,1
6580,645e4b97-db2c-4025-b67b-92a25db66398,1
6581,6462e0a0-c41b-4c59-a750-5e0def2ef5c5,1
6582,64634ee6-14a7-4dfd-b43c-755b2a58d199,1
6583,64640efb-e866-4a96-a618-43a0a35a5ed6,1
6584,64644f06-97a1-4ce6-bb43-0a0291d364e0,1
6585,646b2621-fde7-4b36-97e6-2ea08deefc10,1
6586,646d8840-1910-4d29-9d24-f2320f718b89,1
6587,64739773-1714-491f-ad5e-b487139aeae0,1
6588,64749186-7eb9-4897-8a53-b2c302a9ffdc,0
6589,64775bb7-c990-4557-b371-b31b9891ec88,1
6590,64780aec-3154-4d1d-bee9-91576c5014a7,1
6591,64809032-c330-4783-aaa3-6223f3d11112,1
6592,6482ca6e-1623-4ec5-a6b3-4b8cf41c8600,1
6593,6484c86b-b887-4e59-92e9-83581bd161dd,0
6594,6485e351-2062-421d-b1a6-7d278538ba42,1
6595,64861166-5f19-434a-9799-076932d023a6,1
6596,64869595-0942-48ed-a14f-d3dccd160544,1
6597,648e2e46-32c5-49e3-94cc-5d97669e40cd,1
6598,648f9b3a-8b72-4aab-9d47-f17103e02935,1
6599,649654e6-773a-4187-855a-b25226b3c4a8,0
6600,6497d678-abba-4e03-a205-5c9abcd878d3,1
6601,649919fc-35f3-4ee6-be43-156d2c1366a3,1
6602,64a657e5-9ddb-4171-961e-2de8dd89b4e4,0
6603,64a6f3f2-0c57-4cc2-93b1-ff8fc23a26c6,0
6604,64a8b79a-1b5e-4cae-9ca0-5ddac244f41f,0
6605,64b07130-9521-4852-902d-18bd36bf9f97,1
6606,64b4dadc-d184-45a1-a5a7-b0f71f0b7f98,1
6607,64b573d9-eb86-43cc-a3ce-b87e3959e995,1
6608,64c74bcb-73eb-41f3-8fdb-9f099868c012,1
6609,64cc0a90-92d8-4842-aaa3-fd260d2bc724,1
6610,64cf508e-39de-4b42-a0ec-6f4f08b2e1e5,0
6611,64d20c3a-a1ad-4fb4-851f-ba57dc6cfa36,1
6612,64d8e809-066e-4449-99ba-deebba3f4f92,1
6613,64d9927e-c101-4105-af45-9ef175655997,1
6614,64d9b32c-6aab-4fe1-83f9-fa7a1bcfe15e,1
6615,64e22f5c-f2df-441d-a340-75744d167386,1
6616,64e60be6-1671-4d56-afcb-ae115cebd250,1
6617,64ede40d-ae4e-4e67-ad48-1a16c2f29d2e,1
6618,64f507a3-9d15-4742-99ce-66908e56316c,1
6619,64f7842c-4da9-4f67-8a8f-41e5cc48d814,1
6620,64f9ee22-3590-4e8a-8b60-cef607a2fe10,1
6621,64f9fdad-439e-45de-a699-ea26a7f0ca8f,0
6622,65014c93-e390-4350-9fdc-6119b00f16ae,0
6623,6503dd65-927f-4fda-b818-fa5d9cec00eb,1
6624,65047f63-a730-4402-8876-f3c24291bc04,0
6625,6508e432-2631-4c38-b1fe-51e27f91cafd,1
6626,650c316b-ca98-46c7-b312-365cff629e2a,0
6627,650eab2b-8e22-4b0a-af0f-cf7099d5aee2,1
6628,650fad01-5a17-44d0-8fd7-3bc7fae961fc,1
6629,651299d1-f638-4756-b1d2-bdb19b578297,0
6630,6512b837-4f8c-4abf-a910-69d844f5a22b,1
6631,65144678-7408-4bb1-b0f7-0ed56ee85a0f,1
6632,65147bfa-befa-4135-a268-96fbcfa7363b,1
6633,6519df14-dd9c-4251-bbbf-407b7895a636,1
6634,651acd3a-be99-4a03-bcab-400f67f01167,1
6635,651dff29-1c16-4e86-92af-2ba51f9d42b8,1
6636,651e945a-e3dd-448c-8b81-2a94db3ac576,0
6637,6520843e-5be1-4f6d-b29e-766f8bf961ee,1
6638,65252de4-50c0-4764-90fd-51fc5cbec368,1
6639,6525814f-de7e-42c1-83c2-adab67eac6e7,1
6640,65305f3a-9add-45a4-88df-d754cecad350,1
6641,6530c9db-5310-45a7-bbca-d93db4c807c0,1
6642,6534d3fc-09c7-4add-9820-8cfe7a40cbef,1
6643,6536519d-b2e2-4cb1-afb1-2b386cefc089,0
6644,653a17e0-fb79-4633-9566-dc11bcae1a0e,1
6645,653b0de5-fb9f-40ba-a11c-95c7857f64d9,1
6646,653b21b2-34fe-4e89-a0e2-2f8ca383f21c,1
6647,653bbccd-269b-4583-aadf-aa4413a6bf5e,0
6648,653bbd0e-409b-46db-8b41-5e3eff5adc13,0
6649,65400ab1-d23e-48f3-b028-d1757e230cb0,0
6650,65473478-768d-4db8-88a4-d5c476df273f,1
6651,654b0072-d372-4559-baf2-e34275a2da3d,0
6652,654bdcfd-f887-436b-b1a9-a626606e0bf7,0
6653,6554e03f-65f0-4763-aa8a-0473dae69248,1
6654,65560b6f-3dfb-45d1-8a0a-54920ef46705,1
6655,65579e13-b92a-4a72-b063-de96aaef4e9c,0
6656,6557d38d-1af6-4d7f-b390-e7b302a38cde,0
6657,6559a28c-ad0d-4471-86eb-b24caa5fc661,1
6658,655f0641-4789-4c5c-bc2c-024a6fef54b1,1
6659,6561b96c-e513-4cf7-b8fb-b7b6292a8a86,1
6660,656633a8-3c2e-4674-bf3d-370fb51ff229,1
6661,65667b52-4f04-49be-ad18-a97abbd7ed07,0
6662,657217bb-0811-4ea7-92d3-f72e54a8e633,1
6663,657461ce-2a17-44f0-ba63-497301c78040,1
6664,657c49d2-6a14-4095-9529-d13042286038,1
6665,657dfd06-e081-4cbf-915e-201d48461cd3,1
6666,65803bd8-0bd3-4263-b261-b47bed63c73b,1
6667,6581fc28-55f9-4898-9156-35d2bac4e6e0,0
6668,6586093c-cff4-42d4-9112-0679b454953e,0
6669,658ad4d9-d9dc-4c06-bc6b-1a6d1450adf6,1
6670,658bb83e-02c1-467f-a8c4-9fc18ecc6442,1
6671,658c41c5-727b-4354-a29b-07faac5b776f,1
6672,658c4502-5d0c-47ab-a4d8-142978981fb1,1
6673,658ecc60-7e0b-4e08-96d4-f358865bf3c0,1
6674,6591e0c1-05d2-4289-b27a-2d1dfbf50188,1
6675,65980ac7-7e8b-4203-8d46-eb95eacb8b61,1
6676,6598b95c-baa2-456b-ab70-605fd0280aae,1
6677,659a06f5-3e55-4fdc-9ab6-89fee487ad18,1
6678,65a0e64f-5e29-428e-ad60-943fd7d8335f,1
6679,65a6f2ed-bf31-4a6d-86a5-a5096a0bf319,1
6680,65ab00f7-d127-4711-add9-d294d2db2f2c,1
6681,65ab154a-5aba-4c73-aebf-e60084a32c3a,1
6682,65ac0b27-5abf-4498-9d16-2f1b9414463a,1
6683,65ac3f13-0c77-4979-a91d-489eecd84e04,1
6684,65b89d11-cc68-4b1f-a567-f418b135d5da,1
6685,65bd9b86-73ff-487a-b826-dc634e0647f8,0
6686,65c2145c-7faa-4fce-ac56-a6b6c3290730,1
6687,65cbb802-e9ba-41ec-a57e-4487453d49bb,0
6688,65d5874d-b218-4a13-85b9-da2840274668,0
6689,65d800a7-63a0-4930-833e-ffec66d3210e,1
6690,65d8ef7e-ea4d-421d-b6f5-45579edcf7c9,1
6691,65d9b3c2-90a9-4644-9747-1ba592a159ec,1
6692,65dc061e-36a1-4622-99ca-c0235c672191,1
6693,65dc2f1d-4b22-4b22-b9ea-e69ee8a04f3c,0
6694,65e4b181-bc36-43d4-a13e-b7c27e65b540,0
6695,65e4e903-f23d-4114-9851-87fc5a2b946f,1
6696,65e9f386-86ec-42ac-8362-26835b587887,1
6697,65ea1ffd-51ab-4bb6-9eac-9c78727f4133,1
6698,65f01734-da4a-4316-86b6-75397a32ccf9,1
6699,65f6324c-2e94-4191-9b25-d22e1c06a144,0
6700,65f70b6d-2d73-4269-8bdf-78d5f8574caa,0
6701,660118ef-74fd-4b23-88d9-c9a45130c4e5,1
6702,6603f654-344c-4098-9924-3bbb6b336b5c,1
6703,660998d6-a4a2-46f2-8310-4f1c6aaabbb6,1
6704,660be5ad-9d7b-4b4a-a65d-1a384eab0563,1
6705,660d2e0b-23e8-4fa2-97fe-c407eecd8261,1
6706,660f4da0-f3e5-4442-84e2-b63864045051,1
6707,661558bf-4edc-474b-8b45-bc3347f00617,1
6708,6615a442-52b4-42a0-ab9e-00fe81c1798a,1
6709,6616634a-d3ee-4c01-ab46-a11eb8fd701b,1
6710,66200986-66f5-4cc8-8d8a-8cfa1093f972,0
6711,66239554-aa42-4b63-9a16-81ba26d44c24,1
6712,66242cb8-229e-499e-ba31-a23cf86948c7,0
6713,662945ed-1549-4214-9d61-2888ee78b5f9,1
6714,6629fcf9-c5e0-4b28-87f5-2f7392eb85b2,0
6715,663040cb-90c7-4226-b5ff-004c0b93acfb,1
6716,66320433-ff13-4c93-a5d4-a87e73363e93,0
6717,663242b3-c008-420a-94cf-5c09e4e81a41,1
6718,66389140-26a3-4bda-b9f3-832007b1b796,1
6719,664366f4-0504-42a0-9e63-ed4e3e230c32,1
6720,66490a81-cec5-440e-a7c7-3a92a3374ac6,1
6721,664ced6f-f839-480f-902b-110937ca920f,1
6722,664cf66e-4270-4508-b866-af239c68e4d5,1
6723,664d4d94-7e19-4b96-8cd6-5f06f5e479e3,1
6724,665362bb-32e3-4822-98a5-698778fcbb26,0
6725,66542e50-2d04-4839-876b-388e6eef9749,0
6726,66559634-7223-4bd5-94b2-a6f26f9bb173,0
6727,6661c4d0-4fb0-4cdc-aae4-73bc3acdd155,1
6728,66681de0-4a36-443a-9056-8dc5b29c7780,1
6729,6669c233-59e9-4247-b0a8-955e18f21e90,0
6730,666d10e4-8828-4d1d-867e-47fc31db9ec8,0
6731,66747289-78f8-4cc0-8803-c95fb87f3496,0
6732,66776110-5231-47aa-bc2d-fe8e20142c69,0
6733,667bc8eb-cc5e-44e4-9889-4ca164ce2229,0
6734,667cd7b6-951a-4207-848a-8c1dfba15b79,0
6735,667d2d83-088a-46b9-a015-037bc0389c9a,1
6736,66803e13-b4aa-414a-8e0e-e121c2684d43,1
6737,66805be3-5955-4283-802c-088709058b41,1
6738,6680bce3-dfc2-4b0a-adec-1ab3b59a50fa,1
6739,66840e5b-e930-4990-835c-0def7bff0d31,0
6740,668bdbb4-12f4-4ab6-9bcd-67bfc6c8dbd0,0
6741,6692961f-5fda-47bc-88c8-8060d96d5a38,1
6742,66940ee3-3b0c-4784-98ca-916e43248c67,1
6743,66957b90-d673-4989-9283-ae9d77e4b0f4,0
6744,66971f09-3b72-4565-a73c-1989799d7b89,1
6745,6698842f-6d65-4dfd-b69d-1fa41d00140e,1
6746,669c4a6c-a5aa-4fd2-a399-3eec2b3dad0d,0
6747,669d4278-3227-4517-a746-b96b5c92e710,1
6748,66a1dc5f-4e7d-4d42-8b0b-400e8a81b417,1
6749,66a8f215-8cac-48cf-b04b-8bf522108a5d,1
6750,66ac744e-090a-425c-b9ca-482cccdaa5ef,1
6751,66af55a9-2a53-4415-8a54-df6d6dff3c2c,0
6752,66b58e85-e520-4830-bb2c-8325e4552d2c,1
6753,66ba9a87-a517-4de9-a989-c0d18acbc62d,1
6754,66bb7737-aeb4-469a-9eb0-440c15840653,1
6755,66bb80fb-427b-4a42-be81-720e6cdfe400,1
6756,66bfa853-f9a1-48f2-8cf0-668296031098,1
6757,66c29b33-c69b-43d3-aa01-574f42dd611b,0
6758,66c9ceeb-4dd5-44d2-a558-71c87d97783b,0
6759,66cb6367-ac96-420f-9f0d-aa804cb38252,1
6760,66d1531a-3a4d-47dd-81a5-386383463512,1
6761,66d15ee6-c1ca-4eea-8121-ca3a1a76826e,1
6762,66d7d53a-f075-4f8f-8315-0f2978f71454,1
6763,66d93a0a-5f2d-4a19-b45e-ef89104459e4,1
6764,66dacf50-ebfb-49be-bbe8-3c54a4f816fc,1
6765,66db734f-3914-40ad-8ece-b37c09687ef7,0
6766,66ddf08b-0736-486b-9c0d-5478621a46f3,0
6767,66e106ad-f363-4d63-9545-7a31160a26a2,1
6768,66e12363-01b2-43fa-9057-9a00b6a34cfa,1
6769,66e35491-d2a6-4f32-bec5-3c04648760a1,1
6770,66e80e09-52f8-4ed3-bbfa-9f0a1a3c9b12,1
6771,66ea0bac-3cc2-4caa-bbb6-b221d9ffc58e,0
6772,66ef1743-3959-483b-8b77-ce4e4253a06d,1
6773,66f494b9-acc2-4120-bad1-6d537fa62e40,1
6774,66f5f6a3-e168-4a4c-b5d1-820f9f29f1d3,1
6775,67025fff-ca75-4df9-b43e-d57e92b46625,1
6776,6708d232-4e04-44a9-8e83-671807c75be4,1
6777,670d9562-260e-46f0-ae00-e0702a7cd01c,1
6778,6710daeb-eaf5-4e51-a15c-845160069d54,1
6779,6711539e-dbd8-4424-95ba-2b5e465297d8,1
6780,67116e37-308b-41ca-961c-64a375418511,1
6781,6711bb64-a89a-4efb-a947-aa75aca7586c,1
6782,6716421a-4083-49ad-b34f-a5a3c727fa6f,0
6783,671cb36f-9150-4b5b-ad3b-1455159d7e23,0
6784,671da63f-6e40-48cb-958e-3c5c3d2c4524,0
6785,671f0dce-3796-43b6-b018-4900dcc139d0,1
6786,672e5c7a-3ab9-417e-a59b-3b4b0ce5b209,0
6787,672e6177-6c1f-4a11-b77b-776e7195f0be,0
6788,6732a5ef-e2c2-4c62-9e53-c632fbaf6346,1
6789,673f9e4c-39d1-435c-8f75-fa3644f75d77,1
6790,67419064-be5e-4d91-b8db-b0ad78f43d63,1
6791,6753b666-16cf-44aa-9d30-8f4f5b222519,0
6792,67543c5e-cd23-4dcb-a414-26d8c36691b8,1
6793,67554243-cd63-47b8-b9dd-bd7afa5af2f2,1
6794,675a35bf-0674-499c-b810-50fcb1f4feb8,1
6795,675d2506-1817-4aff-aedb-d8f1619dfde1,1
6796,675fd028-f498-407f-9ed3-a46a5d7446b6,1
6797,67652593-32cf-4d3b-878a-26951e11d171,1
6798,6766bed0-369a-414a-b83b-548e652e3727,1
6799,6766dd1d-1a0a-4a2a-b739-70cfc73d47bc,0
6800,676b2e78-4a5c-484e-b3d5-80aee036892b,1
6801,676c7ef6-6acb-4e31-b795-2e3d5c518f2e,1
6802,676e54c3-67f3-4039-b2fa-5802380f6517,1
6803,67728846-b1a0-4fe3-bcbb-e55f9e3a2ca5,1
6804,6773d1a4-6d72-4acd-be56-d67542623d63,1
6805,6779137e-b70a-4dc9-9286-9f66b27fb364,0
6806,677d92eb-e1d1-440d-9b0e-a3586b2748a4,1
6807,677f9bc4-3b09-42f0-a4f5-4c0b88ef1da6,1
6808,67802de4-7e10-4e58-9787-b3ff1f9223a7,0
6809,67859fd6-deb9-47d8-a3a5-1134fd87f39e,1
6810,67891ff7-50f2-407b-824b-449f0665bd7e,1
6811,67951068-251f-436f-a7bc-03119421cce6,1
6812,67aa9778-1182-49fb-a99e-8b29aae96bcd,1
6813,67ae5b0f-1609-41a4-9ba0-973f67e01a1c,1
6814,67b17113-56b0-4cab-b0ce-e1d31076e7e9,1
6815,67b33527-c4d8-4b29-9194-6459b73b5b31,0
6816,67b6d958-6b3f-41be-8dfd-cd3e97b6420c,1
6817,67b6f19e-ea45-4d99-b2ea-9c1e330e8294,1
6818,67bd3385-03ac-417e-a550-eb489af8eaae,1
6819,67c087dc-6b5e-48fe-b3be-24f4c56d1e1b,1
6820,67c10221-1b8b-4705-90e8-1fab4bbc5019,0
6821,67c39783-63c3-4813-b5bf-ccbe7ff1d7b1,1
6822,67c52455-aa9b-4eef-8614-674b5e4edd9b,1
6823,67cbd1d4-5e09-4f03-b8c3-3651c84e4196,1
6824,67d6f0a5-a044-4d80-80c0-ab0f7d4f2dba,0
6825,67db4183-df3c-4bb9-88e5-1c6180c04589,0
6826,67db6b53-adac-4e78-add9-40d8eeac9ac5,1
6827,67e250bb-6cc5-4aee-9e7e-03fac6b1d301,1
6828,67e262d3-e159-4335-904e-4a93b66c6bce,1
6829,67e4cf3f-6e93-457e-b166-c92446bb2f54,1
6830,67e6847f-937d-425f-adbc-b0cd5c42b35e,0
6831,67eba28d-ec1b-4dd0-b991-903bf265f225,1
6832,67ecff58-2ff0-4369-b753-006f61e0c79b,1
6833,67eddcae-0e79-401b-8dc3-5b83348caf5a,1
6834,67ef103c-0381-4f81-af83-bca05d996d84,1
6835,67f39745-82de-44e2-9f89-c1431b1a1124,1
6836,67f5d73e-54cf-47cd-967b-7df0d6b8200a,1
6837,67f657b4-e1a8-4806-9126-973d102acaed,1
6838,67fe2aa7-6758-4043-9561-e06f232d793b,1
6839,67ff8649-c79c-44bc-aa1c-34ce78dd2daf,1
6840,6804d1c1-3f42-470f-99f3-715ff14b1a14,1
6841,68057e5e-7b35-4142-a94c-3b1d661c1310,1
6842,68095008-31b1-4725-a7fe-ab39fe074137,1
6843,6809a5d2-30f0-4d7a-a0b8-206f78194e68,1
6844,680c3429-29ea-42cd-b8d2-10eff7b68a01,1
6845,6810cd52-6453-4000-98d1-d3fa4a62306c,1
6846,68148c18-c365-47a5-99f6-d21578be6613,1
6847,6815cd2e-11de-4ddd-a062-90fdd9352a89,1
6848,68245113-9de2-4c21-8afe-a38159d3ac72,1
6849,68245eb7-3b52-4f25-be0b-82fe902d58df,1
6850,6828a90c-83e9-4cae-84b9-9cc0588bd65d,1
6851,68310ac7-0aa7-49c8-b591-1bf5090913bd,1
6852,68312514-8d90-4d23-889a-45511a6a692a,0
6853,6833d2e6-8b58-4cc1-9a49-db39700e5f57,1
6854,683422f0-0dee-4dd5-b12b-fd53dfa35fe8,1
6855,683694c1-3a64-4b38-8e18-aef656b01a88,1
6856,68443b40-1a77-4980-8f59-7ab126f136cf,0
6857,684d362d-b7d7-4c69-a203-394608e86024,1
6858,684dd07c-2e0e-4c9a-b048-2b50ecc817ca,1
6859,6854f356-e05e-49a7-ba3e-921c69943f83,1
6860,685988ce-d260-47f5-9707-fee4c48740b6,1
6861,685bafc6-8093-454b-8a98-9004aaa1ac93,0
6862,685c840f-81bf-49a9-8bf3-8eeade5c1862,1
6863,68665d45-bee1-49b6-bd1d-27b1a823a1bd,1
6864,6869bd3e-61ab-4cee-ad0a-123ff87b4c43,1
6865,686dfea5-441d-41da-9c58-6ac33a596a3a,0
6866,686ebd64-50a8-4af8-b8fd-d559da48a584,1
6867,686fc152-83b0-45b3-aba7-33d4e0633749,0
6868,6872b76d-1624-40f5-bd3b-bd3d0a1d1d4c,1
6869,68736943-421a-474e-bb68-f4660a4e17a6,0
6870,687609d6-3ff4-4a3c-9a52-f7e9c4bcb01a,1
6871,687d94e2-c574-4d9b-b203-9a7b050cd523,1
6872,687ec7ba-dfdc-4ffa-b19c-ec0b64556304,1
6873,6886e0b9-c39e-44cf-b6f8-90f2cf5cc9bf,1
6874,6887dc47-0df8-46c5-8d0c-df51b2768078,0
6875,68881262-a552-48d9-a369-7897a38af90b,1
6876,688c7aba-51c0-4246-a1e0-b2d03356fc97,0
6877,68914150-3d32-491f-92ba-d5b76ac7b235,0
6878,68919b36-bfca-4299-a07c-ed5c40800f46,0
6879,6891ae42-0169-4719-8036-9a470be89840,1
6880,6894506d-e4be-457c-8139-f474247e4ac6,1
6881,68965689-8825-4ec4-92b8-eb709f611fb5,1
6882,689b8374-5872-44a1-9d95-4ea03cfae142,1
6883,689baccb-f1d0-4865-b2b9-225e5fb3d283,1
6884,689fbfec-6222-45c7-a53a-b5cb4630421f,1
6885,68a25b61-4c18-4efb-937a-19ce5d916132,1
6886,68a6e9df-7a76-4708-ae14-0a438e9d4bb2,0
6887,68aceb84-d734-4f9a-bdac-d74fb4c908e5,1
6888,68b49dbc-eb0c-4008-8675-5f64140307ad,1
6889,68b53fea-839c-4909-88c4-dce1af39c457,1
6890,68b70fec-8413-42bb-8456-a19ba41109d4,0
6891,68b7855a-8a35-4c46-b5e6-6186ff33dbdc,1
6892,68b8048b-3423-4cd1-957f-b4ef54d97bb6,1
6893,68b90839-6ecd-4097-b993-acdd7d08c6d2,1
6894,68baf3ac-4274-431a-9ebb-e8ed7609328e,1
6895,68bbc283-6838-4fd1-9f9e-bc36fbdff15a,0
6896,68d59733-f2be-41ff-b38c-2ce1b9e34d7f,1
6897,68d7f5ae-b15c-4d40-bee0-5fe60442ca9b,0
6898,68d909b1-232e-4543-8123-3be30d0f8da2,1
6899,68dc0d50-af14-4426-b2d9-a8c4e33d16d0,0
6900,68e9f4aa-9c2a-412d-bda2-f2b203472cf9,1
6901,68eafa77-ad68-4a5e-bb92-ddb416a03d82,1
6902,68ee7a9c-b62e-4a8a-8b35-745e797beb1a,1
6903,68eeff55-2c5b-4153-a673-1e3d01f321f3,1
6904,68f0bbea-8bfa-48d2-bea4-4dd7009f7862,1
6905,68f3fb6e-edae-47b2-ab23-5bb7cafaf6f9,1
6906,68f51c72-ddc6-4340-a078-3045b5cd2a9c,1
6907,68f5be9b-ebd1-42b7-b38e-155aa53e950e,1
6908,68f7977c-0dd2-4432-bdfa-36696c659f32,1
6909,68fd1bfa-a8c1-453b-aa80-633074c99515,0
6910,68fdba61-2fbd-4f05-b9d2-e65dea543e3e,1
6911,68fec20b-c7da-400e-af4d-4eb1be46a088,1
6912,6909c335-9944-4d6a-bf30-eaccd2b8bccf,1
6913,690ac754-2a86-4e57-8b01-0f9f85a4b526,0
6914,690af4a9-6399-41bc-925f-f5df10b7ae2d,1
6915,69129c72-6eb1-4c42-96d6-d4d0e31ccbac,1
6916,6912b484-61e1-4f22-b7d7-d9034864eaa5,1
6917,691789e4-4c04-48c9-85ac-be6894fb04fc,0
6918,6917a70b-323b-4086-bb3c-a915d07a5162,0
6919,691bf7b2-8177-491c-ae44-0ec3f79c3f78,1
6920,6922d6e0-76d9-469c-abda-8cbb3b507427,0
6921,69256f3a-5e3c-4a08-a73e-f549430e984b,0
6922,692a5c3b-0828-445e-8621-9c792ef2ec74,1
6923,692c3cc6-1336-4026-b943-3853617c0957,1
6924,693a2cbb-665e-4c19-bb2d-32532922f54b,0
6925,693e19d0-6ae1-43ed-b62f-4f8275e8b1c0,1
6926,6940df8d-707d-43f4-847a-61c8a12294c9,1
6927,6940f564-7dd1-4445-b962-d8f03de396ab,0
6928,69427799-8c6e-4169-85ee-f07eb90a5a9c,1
6929,69454cf1-07bb-476c-a10b-ab79e0fc25d0,1
6930,6947880f-7475-419b-8af4-9f53890fc12c,1
6931,69482f06-05e6-48fb-8d6c-79f2639aff92,1
6932,69498d09-b8f7-476e-b863-6e748fa6456f,1
6933,694ee2c2-3222-4479-83ef-5680c26a3bf3,1
6934,69516bb5-2a4f-4899-a1ef-9966e7276111,1
6935,6953f9a8-7e78-4e18-bf89-5688b4153a43,1
6936,69586599-0594-4a81-ae54-1e4c481138b3,1
6937,695b7b98-fd9e-463c-bbe2-e2e3b22bf50f,1
6938,69612543-a40a-4cf1-b69b-b4c8908e76b6,1
6939,6964eca8-aa7a-4879-8ec6-acc1142744d3,1
6940,6965edfa-abb9-4ee0-aa59-04ca0fb2e928,1
6941,6966f84c-6f6c-46a4-b794-46eb1d7be2c1,1
6942,69692ed9-4fbb-4543-b8a8-c07635c58520,0
6943,6969be44-23a1-4183-85c3-ff40bfd23b63,1
6944,6969c9bc-ca06-428b-bcbf-05ec5bb2099d,0
6945,696a3a85-29e9-4494-941e-2350cfc20806,1
6946,696df01d-eb5e-4bbd-a956-39f5d8752fbb,0
6947,696e5c33-6f21-4a6a-82f3-e720e00c58ee,1
6948,697073c0-01ab-41d2-ab49-2b88401908a9,1
6949,6971711d-0052-4981-969f-f25dd96124c3,1
6950,69730d48-fbe9-4c1e-b730-f0a1a7640804,0
6951,6973f332-abb2-47cd-a094-e79ee2ac8783,1
6952,6976005d-71b0-4471-95ed-05ba43bab63c,0
6953,697961b6-9611-4de1-b1f5-b75cce8b624b,1
6954,6979c8f3-d535-408c-9c51-0c877f8f37ae,0
6955,697c797a-e275-48fa-9ed4-2c4aef655ed0,0
6956,697cf0bd-8ce5-46ab-bde3-803d7687cb62,1
6957,69815a65-1f6d-4275-aedd-b64da9513cf0,1
6958,698671f0-b7b9-469a-b2a1-ce6f85db4a9a,1
6959,698910c6-81ff-46de-bc99-2e843e1a8ed7,1
6960,69897efe-fa16-4bc9-873a-56f14e42c8eb,1
6961,698bcd7e-c9ec-467f-acdb-40ba63778f18,1
6962,698ecfa7-156f-4c57-a958-4d367af618c3,0
6963,69973158-859c-4fd5-a8a0-6b1b43c5c9e9,1
6964,699956ea-7f44-484b-a4fa-6a19134bca34,1
6965,69a45cb0-2ea6-4459-a05e-5b1822fa5ebb,0
6966,69a94998-1c32-42d6-90c5-6f086307d681,1
6967,69ac110d-06da-411e-b5ee-f62ec2cf2a67,1
6968,69ae164b-f962-4c87-87cd-56e141fdfe56,1
6969,69aef51c-baf2-4f2b-9e23-ea41a8fd3ed5,0
6970,69af6293-267e-4cbf-93d1-f6673d3e2e6b,0
6971,69b1929d-417c-4c5c-a534-bd4f39fc8e4d,1
6972,69b2a5a9-1da8-4cd1-9bc1-bc1bef8f7a0b,1
6973,69b6cdc4-3e40-45c0-a642-6d8c0c5a2d55,0
6974,69c3355e-6067-4c53-baeb-2033812c3bdc,1
6975,69c3f9e9-8b33-4275-a8be-3ff825c8255e,1
6976,69c42b3e-008f-49c3-b809-d5f085235f48,1
6977,69c43f8c-d1e9-43db-aace-f0ed53afd04b,1
6978,69c6848a-7d6c-4df7-bc1b-e5a0df5e5545,1
6979,69c6c955-179e-46ba-a679-f0e44265fbb8,1
6980,69ca3ba3-36d1-44e5-aafd-bd2c166a1827,1
6981,69d4a5dc-52f9-4468-92ff-94e2d1808419,1
6982,69d88fd8-a500-4f89-ada5-279c04ae371f,1
6983,69db09ac-feca-4e6a-824e-166f8115b9cb,0
6984,69dc5314-3f0b-4cf4-bc96-6bbefddcd8ae,1
6985,69df9d71-1e02-4ce5-8d9b-88c2fa94f93e,1
6986,69e1e915-6f26-471b-95e5-218d6bd2c3f1,1
6987,69e38cf8-fa7a-45d6-aea1-3f3ffbc42bc4,1
6988,69e86fbd-9dca-4dee-9c9e-2462359791a3,1
6989,69ea0961-7722-430f-bf22-06c6c5708331,1
6990,69ead067-e99f-4f41-a64c-6c6fa831e122,1
6991,69eb0ed8-cd23-434d-955d-fe6ce41ceed1,0
6992,69edcfd6-b0a0-4f57-8ea1-fc180274df30,1
6993,69f0a5d2-805b-492c-be38-c004b2c1f15e,0
6994,69f13ed8-098a-4d4e-bd75-d18f9a3bc72c,0
6995,69f1948d-ed47-48e1-85c1-ff7764273d9f,1
6996,69f65692-1603-4b4a-9761-68d09cf85937,1
6997,69fa04c0-fb17-4492-901a-44fa9288a6b8,1
6998,6a03f34c-b67a-4408-a950-173ae900b756,0
6999,6a07063d-7331-456a-ab91-6480de6f30dd,0
7000,6a08a7b9-c450-4dd3-8934-f122377ce7eb,1
7001,6a0ce80e-c53b-46f8-bf1b-d7eea47d820d,1
7002,6a178c65-0301-4d1d-9082-805fa61d8df4,1
7003,6a1f8249-5d2d-4da2-ab05-55177081b87a,1
7004,6a260dcd-bfc0-489f-a80d-1ffb13c2e0b2,1
7005,6a262dba-1ee2-4c31-8a7e-30c88d71ce56,1
7006,6a275f47-6652-4496-8d0c-b5097f951a83,1
7007,6a276369-8463-4748-869b-f26a201c6c31,0
7008,6a2981c1-7ecf-4097-aad3-70814a8c9807,1
7009,6a2d0f75-b055-45bf-948d-a877f184802e,1
7010,6a2db214-103d-4cc0-a680-c034bb44205c,1
7011,6a355073-1a88-4b1a-85ff-5cbbc5bd2a70,1
7012,6a39070e-d8e2-47cd-b6fe-18dacfd1c2b5,1
7013,6a3941c0-4746-4f78-ad6a-43d026a1ebf8,1
7014,6a3ccc3a-b7ea-4a1a-ae9c-eadb0168b52a,1
7015,6a3d2a1b-e833-482a-8aba-7b16ce0d1996,1
7016,6a3dbe9a-cb72-40ab-8b0d-a54b0a92dfb5,1
7017,6a3e6f25-5f7a-4eba-9d0f-b193dc513889,1
7018,6a3fe3fb-1a5b-484a-a3c2-d70eeaa7ca92,1
7019,6a4036bc-7f6c-47bb-9f19-78ca9d5e9d38,1
7020,6a403f19-bca4-4e80-b2ea-c684dc3ccd32,1
7021,6a46ae8f-638c-421c-a431-3c84d5162909,0
7022,6a486797-aa87-4cfb-9be2-6f5091b76032,1
7023,6a493117-6827-4366-8deb-f466a86af512,1
7024,6a4a7a7d-cb51-4180-ac33-e39fe38d2143,1
7025,6a4a9a61-95f2-4ad5-905d-282e7da0943a,1
7026,6a50fea7-f160-4dff-9798-718509116963,0
7027,6a532ea3-d3ff-4d1a-b6dd-dd2bbd332590,1
7028,6a570577-0f26-442b-8a4d-0f521bda7d7e,0
7029,6a577bc8-f0b9-41d1-b858-14146d44667d,1
7030,6a58db1e-021a-4b22-b681-895ced968a22,1
7031,6a5970d8-1f28-441e-a383-dce328bf6a54,1
7032,6a5f5022-a196-45a5-b6a9-afa043542ac7,1
7033,6a64ff4a-0e9a-4e11-b99c-68d940f16d09,1
7034,6a6a5391-9451-43ae-9e09-d133ab835f4e,0
7035,6a6ae806-3092-409e-a2b8-73547faf5659,1
7036,6a6f5f09-e96a-4078-8738-e8d633f63356,0
7037,6a7064bb-667f-4965-a933-bd7c82cac919,1
7038,6a7272a6-b068-4eae-9d49-5b0f320b1257,1
7039,6a73a57b-cd28-4d71-b25d-c885cdcf7de4,1
7040,6a779f57-aeb4-4df9-a0b2-41080fbb5186,0
7041,6a77e12d-7a45-44a8-b106-4002ec26a85b,1
7042,6a7a8acc-251c-4c67-853d-262f3729c470,0
7043,6a7cb26b-1b8f-40d4-9fd9-eb1a32292474,1
7044,6a84248d-8a24-4429-8764-fd5d5fd718e7,1
7045,6a845e3f-ee09-40be-870a-621b062c12a8,1
7046,6a8c5f64-8e89-4959-a467-db139a8a43f9,1
7047,6a932077-a8f8-45cd-8f97-2cfa02f7fae6,0
7048,6a9ab68a-74ca-4b5c-bb04-a25cbe86e9ff,0
7049,6a9b894b-c3a9-47e3-b2fd-e8507a533dfd,1
7050,6aa559c5-852d-400b-98fa-ff5966bc5e20,1
7051,6aa7f4a5-ad3f-4159-a4d2-d66a71da984b,0
7052,6aaf974b-d016-489b-8487-024d8eb10f5a,1
7053,6abefed9-1d50-451b-85ae-df5d5afa8a2a,1
7054,6acf21e6-a52e-48a6-8275-767ac6fa4ac2,1
7055,6ae00945-9413-43c9-af88-a409fc0edde4,1
7056,6ae2403c-5386-4103-9bb8-2bcf5b16c971,0
7057,6ae3aa05-ee9c-46c8-adde-97f37adb0497,1
7058,6ae73fe8-f9f4-4aa6-8716-9c5f188c640a,1
7059,6ae923a9-1724-4394-aa64-65017ba19427,1
7060,6aebc57e-8f31-4c83-9ef8-c43e7a3fbca1,0
7061,6af41275-8537-4038-b342-19d344323322,1
7062,6af9c807-599e-4647-b443-4648ce8fdb12,1
7063,6afbef23-a5f5-42be-afb8-6ef988ef2557,1
7064,6afcc9a3-966c-4926-8fe7-79cbffbeceb1,0
7065,6b044c99-25a1-47f1-86e7-cb0ce1338c18,1
7066,6b088be8-8322-49e7-bcae-456df350de9f,1
7067,6b0e2804-b609-4918-91ea-9ab61a3cad06,1
7068,6b10ef81-a9f4-49db-8fbc-781bff079429,0
7069,6b120dc5-c6eb-43df-b62f-d8ebe1cc3abf,1
7070,6b12412e-a2ec-42c1-bb44-e7b649719b30,0
7071,6b12c391-4adb-4a77-9ae9-5e241ed280f3,1
7072,6b13738a-faea-4d9b-bc75-73268a8ac17c,1
7073,6b1beef6-6ad4-4d24-8a9b-5e33bb0ea4ca,1
7074,6b1d1cb7-ddc1-4eba-bbb8-39019560ee57,1
7075,6b1f9233-2456-4617-be24-d7c372d65e16,1
7076,6b213dac-8a66-4357-9aa6-738492365419,0
7077,6b2ac937-aa7a-4f12-8419-2ae958e8f2c9,1
7078,6b33f99a-3b7f-4ff8-b58a-59a13d165052,1
7079,6b35c23d-4754-4111-8b9e-cc58ac8feb76,1
7080,6b36383f-6faf-460c-8cf0-51de26fdbad5,1
7081,6b36847a-8720-444c-af34-df0ab4c5d5a7,1
7082,6b39304f-c1a2-45f3-b40f-bd84f967b605,1
7083,6b3da166-e2ea-4704-a789-b2db191d0f66,1
7084,6b3ddc68-28c9-48e4-8cee-6c2b6de17c4b,1
7085,6b3e46be-fde6-4c86-831a-b044b899bce3,1
7086,6b3f68f5-3f62-4b24-bf02-722342cd95b8,1
7087,6b40ed69-9bf1-48f7-a5a7-2d2de23f1eaf,1
7088,6b433b8a-a017-43be-9810-3f1ef6428fb4,0
7089,6b466f64-ed32-4e55-b72c-244d79772e60,1
7090,6b46dc6d-a3f7-4171-aa24-4c1bf70b82b9,1
7091,6b46ff94-78b5-4509-b5c0-2243b7bf8826,1
7092,6b472e8f-65a4-4046-9ce1-3dc09b22d172,1
7093,6b49e351-b58f-4f9d-a701-76eb7c0ccdd4,1
7094,6b5334f0-1ee2-4883-a082-e15975b7209e,1
7095,6b587bcb-f33c-4c3d-8515-ccdbb7b71232,1
7096,6b5e2260-ea22-4b93-a8aa-b35245730d9d,0
7097,6b5ff2a2-f3c2-4c6d-8d6c-5dc7b4d33eeb,1
7098,6b63fabf-3351-4d31-a7b5-df9311ad280c,0
7099,6b666659-9028-4a2c-b0f4-0f97d44583fb,1
7100,6b6cda55-75a7-4993-b499-8d78f51ef00f,1
7101,6b705961-b8d5-4c0d-9caa-5133712f378a,1
7102,6b79566f-3f47-4e53-b7b6-b695ae6fe5c6,0
7103,6b7bdf2f-e85c-4965-9fa8-af605f5411d3,1
7104,6b7e0412-bbf1-42d3-9b7b-441d513b551b,0
7105,6b80f770-d7d2-490c-aff8-f9521c0a3ed5,0
7106,6b8447e3-0411-4e9d-b8bd-b9eb3eaefbbe,1
7107,6b8fa958-c6fc-40b1-9903-d96a76e17441,0
7108,6b930a10-8b07-4261-b255-ede1079af1f0,0
7109,6b958fcd-3b2b-4ae1-807f-a897ec9c8741,1
7110,6b977548-ecb4-4d7c-a5c7-922755ee1fd3,0
7111,6b986e34-ddc2-4d63-87f2-59d9eeb20da7,1
7112,6b9dd593-6e38-4b0b-adad-3161df83102b,1
7113,6b9e3b6a-5390-4a62-beeb-4533be19a4ee,1
7114,6ba34f2f-2e4e-4007-92a8-f3e4186130b8,1
7115,6ba66ac4-828c-4c57-9a4e-3d2191eccb93,1
7116,6ba73fce-c1d3-493d-bc7a-ca147b04b1cd,1
7117,6baf166d-ff55-49b4-8989-526917ed7981,1
7118,6bbed62f-f95c-4471-bb08-1b6fcac69e8f,1
7119,6bc4c8ce-65a9-416f-972c-4557581448d6,1
7120,6bc55e0c-9312-40c8-a3fc-6d8d0f99ce68,1
7121,6bce9548-e454-4b5c-b0e0-67c1c2e76245,1
7122,6bce970a-4204-4b4a-bda4-9e2fefbaf3b5,1
7123,6bd0f3a5-ebed-4588-b190-3ee34d3b6b34,0
7124,6bd9665e-02de-454a-8aca-924303abe868,1
7125,6bda2f6a-4ad6-41c8-9b7e-598eaa268123,1
7126,6bdb247b-446f-4e15-bd60-7a1454b85a34,1
7127,6bdc66ef-b959-49a4-971d-986c8141e2c3,1
7128,6bde1941-5ec9-4984-9a41-8621dcd3a4a4,1
7129,6bdf104c-da0c-45ef-bb72-6a7ef5bac246,1
7130,6bed01d3-977b-4173-a88b-d2106f24fa61,1
7131,6bf4ab83-253a-42d3-96d2-6ffd7e18a33b,1
7132,6bfaab66-81d1-4380-a66c-382148a6b9c1,1
7133,6c099c2b-852e-4d83-bb7e-63d6cdcbfaff,1
7134,6c102a2b-7186-4ab0-be48-bf1f8e064335,0
7135,6c120208-f814-409c-96a5-a549277785d1,1
7136,6c1264c9-9458-437d-885f-8f019677a7f6,0
7137,6c1410c7-f3d6-4e8e-98d0-9c6e43582a80,0
7138,6c17ce70-b14e-43f5-8631-b9b0ec3e9815,1
7139,6c1c60fa-c9c7-4a60-aded-621ab9a16b89,1
7140,6c20e35b-eee8-4f4a-bdc0-64af2c695c25,1
7141,6c22fd96-e4e1-491b-ac9f-78b54df5ef3b,1
7142,6c281cc6-941c-4130-aeb0-318aa3ffb0e5,1
7143,6c2bc4c4-1135-48ac-9695-5f2e4e3c8338,0
7144,6c2def8e-268f-4233-a844-a370f82dbef0,1
7145,6c349281-24cf-406a-9633-235c7e56444c,1
7146,6c37e296-9f63-4de6-95a9-6afb93481928,1
7147,6c38f08c-5d6d-4c7c-b1aa-35aa3fa39dea,1
7148,6c3f2cd7-be09-42ca-8dd1-9c21b8549384,1
7149,6c44e02b-9537-42fb-a371-e9c36f3bb521,1
7150,6c4aa136-0634-4356-ba56-6f93281a8ebc,0
7151,6c4ab17b-db5d-4310-9edb-602ccd51eb69,1
7152,6c4c9698-522d-4e37-a256-7c884d9a1fb7,1
7153,6c52fea0-a842-4f4d-8413-f5f986aa8497,1
7154,6c56f44d-4207-44fe-a222-20b7192e6ea1,1
7155,6c591136-95aa-4eb4-a189-016269797814,1
7156,6c5950e0-27c8-46ab-9a79-e23ee78e866f,1
7157,6c609e71-6b44-47bc-96a0-79299a973719,0
7158,6c64d5ff-595f-47c4-b1e1-24d226119ea6,0
7159,6c64f018-9818-4824-97cd-3cfecf238c0f,1
7160,6c67cde8-be64-4370-a390-5bd1daec48af,1
7161,6c6a10cd-6441-4880-9ea5-acac7c95afb5,1
7162,6c6e35ea-3126-42db-8780-e75e84046471,1
7163,6c6e4f05-2e23-408f-b15b-ee7598712b49,0
7164,6c74f71a-be10-4c5e-a74e-20103ed5792b,0
7165,6c75437d-f620-42c2-9a94-7e0a75da98c2,1
7166,6c8394c1-2cad-418b-9073-68a82f1efa7c,1
7167,6c857e6b-3f28-4af8-b456-d6ea63ecea5d,1
7168,6c863000-17ac-4b11-b8f1-f4062aa8dad0,1
7169,6c88ed28-0da3-4535-8b6a-41aee196f817,0
7170,6c8a9e77-29f2-4bac-8ede-27235c47d76c,1
7171,6c908b5f-5c6f-4f6c-818c-676ada0fea88,1
7172,6c920347-c68f-419b-b17f-ab8fe5e2cc7a,1
7173,6c982805-7287-4d08-b66d-b02f57076cd7,1
7174,6ca34870-05f0-4356-8e90-cdeae7c4baf0,1
7175,6ca9ffa1-2600-4e7a-a1a8-6eaafe1cb0f5,1
7176,6caa705b-778d-4dea-b349-f0cb945c37f5,0
7177,6cabb390-d099-461d-ada1-e3a6bd4f75ac,0
7178,6caf7941-2cd0-48fa-ba26-939f0388ddda,1
7179,6cb44aa2-6cdc-4773-b0f1-1927e21e320f,0
7180,6cb6e1dc-5dd0-4bfd-879b-f6de3c63cc12,1
7181,6cbbccb5-972e-4094-9d8d-8cff6e8dbcbb,1
7182,6cbc4f44-c8d5-4df8-a1e6-ed97e9a04cf8,1
7183,6cc91e33-f9ce-4d9d-927e-c23aa7033151,0
7184,6ccf6df8-194f-453d-9235-a123cc98e117,0
7185,6cdb53c5-1297-4c5f-9f63-0a93727df541,1
7186,6cdfa534-9f1f-489c-91a4-2f2a0d80ce27,1
7187,6ce05207-12f9-4391-a19f-8f707cef9f0e,0
7188,6ce1c929-ab80-4ce3-9457-6c8596676037,1
7189,6ce21857-3c9f-4c63-9bd2-da6e5b87ea6f,1
7190,6ce563fb-657d-41de-b720-85099af47c49,1
7191,6ce7fc4d-9796-4f11-8006-727aa1ba4003,1
7192,6cedc037-d273-4e07-8fba-085bb74aeac2,1
7193,6cf236ac-26ef-49e1-a335-a229afa279d9,1
7194,6cf3ef75-c32b-4eff-aded-e78ab3c077ae,0
7195,6cf902bd-c22f-4b69-83f4-69172cf2018f,0
7196,6cfa6b3a-c694-4092-9d46-0975829e3265,0
7197,6cfa8e88-582f-4006-98b4-a8aacca0c0af,1
7198,6cfb6fbe-8468-4c57-a1a3-b7100eb37680,0
7199,6cfc3a2f-33a9-4112-b45b-8a87111e6434,1
7200,6cfd5f2f-0604-4db5-b36a-9323d125f3e1,0
7201,6cffd1d3-fbda-45dc-b931-b6629b790410,1
7202,6d01a262-0239-4f00-a217-a61d021a1878,1
7203,6d021fb8-2c84-4e10-95e2-a2916a837d2d,1
7204,6d046b2f-53ed-43d4-b6c1-e89762295c1a,1
7205,6d05a53c-d648-4dc5-940f-85d79b904b46,1
7206,6d06e285-8485-43eb-8a94-adb7e54538c1,1
7207,6d0bd527-55ed-4883-9faf-ddbcf02bd070,1
7208,6d0c8c5f-cef5-4eaa-ba1f-708f1472e5fc,1
7209,6d0f4b44-4d01-46bf-a755-e0baa83ee53c,1
7210,6d1335d6-980d-47f4-afcd-2c1e8d7d930c,1
7211,6d1540d3-7dcd-404a-9b28-cbab4632e50e,1
7212,6d15aaed-b697-43f1-9f18-5ffac9335d8b,0
7213,6d16dca3-19ef-45ac-b899-20d239620751,1
7214,6d17ce71-8522-4c09-a794-96d177279e29,0
7215,6d19163f-701d-4971-af18-3f71112625be,1
7216,6d19fe79-cbcc-497c-9396-600bc640e7e6,1
7217,6d1ae970-1bab-4b9b-9cfe-0d3b0f32e3cb,0
7218,6d1eeb52-9f69-4a24-b0be-c73bf24c1a78,0
7219,6d24a91b-45ab-4f1b-ad7c-17fd2e92b5fd,1
7220,6d24b981-f72f-4356-bb66-81cfe26025f2,0
7221,6d2c1f28-1b51-42d2-92f3-5ccd7dc95d2d,1
7222,6d332572-f622-4832-a1bc-fc7aea6ba2ff,0
7223,6d3b84dc-6089-4c1e-9e6c-a639ada8a5d5,1
7224,6d3beea2-5951-4764-8811-e197e8cd0d17,0
7225,6d45c385-c1c8-48f7-94bf-86c277f9b24c,1
7226,6d45d2be-1066-468d-8d35-3f181ea7e827,1
7227,6d46c879-7c8f-495e-88c2-7a1f043d4705,0
7228,6d4b45d3-7e92-4a76-aed3-8a9569d728db,1
7229,6d516869-dbb5-4baf-8fea-3de67e80f1e4,1
7230,6d527bca-c9ef-44c0-b11e-8163923270d6,1
7231,6d5be67b-8d11-412d-b2bb-e769a936a269,1
7232,6d5cf4a6-c193-4689-a2d3-bde364891bc3,1
7233,6d5d264e-ae03-4e27-a3a9-023fdf5a4969,0
7234,6d5e2771-90b0-40b9-aedc-7306014be76b,1
7235,6d6158f6-5338-46ee-923d-000ee382e164,1
7236,6d61bd04-27f8-4680-8010-791e539714ea,1
7237,6d62b55e-9e45-405b-89ca-9dad0c607697,0
7238,6d66643c-11ce-4d1d-bff9-bc1efad2b3cb,1
7239,6d68263f-7664-4f0c-91e2-a74e74ba3696,1
7240,6d68d5bf-4d7a-4989-8670-367e4a2c1b3b,0
7241,6d6988aa-df6c-45dc-9706-6d54ce87d560,1
7242,6d6e9901-8bfc-4e2c-b0ba-52991b15b8f6,1
7243,6d6f9623-ce4f-40a7-86de-a0e5d0455a6f,0
7244,6d6ff388-c12b-4823-a438-f32309646ef9,0
7245,6d7435c6-4e21-4443-8c13-43e7825b0422,1
7246,6d75f1a0-92ff-455e-96a7-732c3c77e05e,0
7247,6d7de7bb-7ad0-4ba3-b57a-ab0ba05c6db9,1
7248,6d801f75-844d-48b8-ae4c-29edfe09123e,1
7249,6d946310-a5f2-4c2b-b36e-e2de4278d618,0
7250,6d966eeb-1e65-4cc6-9fb9-6486b5221276,1
7251,6d977d03-3588-4f82-afd9-b873f52a2889,1
7252,6d97c778-d918-47ba-85fb-d72610b72d53,1
7253,6d9ace8a-73de-4bb0-9293-1194e66129d2,0
7254,6da895cb-71da-4c57-9d74-68723fb4fe45,1
7255,6dac4237-3bb1-4cd3-944d-d5628050d35b,1
7256,6db8bd50-529e-4ede-bd26-3d3e05738c20,0
7257,6db9cf56-10d3-4bff-94aa-5e7de5404c51,1
7258,6dc64992-c52d-4ea0-8221-11dde16026d8,0
7259,6dc79c07-68e4-4b23-b7b7-b5701ba23f63,1
7260,6dcb8e9b-014c-436d-9dc4-1185c0f2e188,0
7261,6dcdbeec-7156-4aa4-afea-28ed436d93a5,1
7262,6dd2c42f-e3dd-4013-8f2a-c9054d71bffb,1
7263,6dd4a798-c496-41a7-a5c5-4d83a6ac547b,1
7264,6dd7014e-8d67-4528-9da2-d9b8dc5c1240,1
7265,6ddac1eb-29c3-4f41-9fc7-0276f595295e,1
7266,6ddcac12-9cde-4a23-803f-204ff7172de7,1
7267,6de2b9e3-3c2d-477c-9dbb-1dbb6e17a693,1
7268,6de3612d-55e4-45f9-bd4b-6de26aec5944,1
7269,6ded127d-7449-47f8-bf8d-79f2cd89c955,1
7270,6df62cc0-f08e-4bf3-a7c9-f59e600e2e97,1
7271,6dfc42ad-72fc-41c2-a5b0-69725baa2fce,1
7272,6dffeaa7-3d56-440f-bc30-c47f9a8fac66,1
7273,6e0a8c9f-d9c8-4d1f-8a1a-1cca9049fc15,1
7274,6e0fb820-6597-481b-aba8-3deb6e303b23,0
7275,6e129898-3679-44a0-a7e4-983b35f570d3,1
7276,6e151f97-8480-47f5-bb1b-50802fe6300c,1
7277,6e16f539-3716-4081-8b0e-5523074d09d4,1
7278,6e22a358-e52a-4023-b1d1-4463162a5644,1
7279,6e2619d5-cae6-4c6b-843e-8b1205ee860c,0
7280,6e2c5b93-48bd-45bd-a9a8-b8570bdb36de,1
7281,6e36df23-87c0-4001-b2b9-d4986fb81f03,1
7282,6e38237c-d77f-4443-9609-700c7265f874,1
7283,6e39265e-a511-4181-9aea-09ff0c640109,1
7284,6e3bbf26-01f7-46b2-98f3-9af09156e72e,1
7285,6e3dcb3d-f4b2-4331-a8f0-32b73039ce63,1
7286,6e473504-a938-4542-b805-2cdd03ac0f70,1
7287,6e48ffe9-ecad-45ef-9d32-a834e26bd3fa,1
7288,6e4d2b03-eb14-4adb-89af-3d236d6eb273,1
7289,6e519508-8f74-4ae7-81b5-ce4454beb032,1
7290,6e523547-715d-46db-a82a-8004b81c538a,1
7291,6e53c6d5-e9e1-4261-9899-32b73e7ebb4f,1
7292,6e549b5c-3f27-4c9a-b8c9-f537f6e64ed3,0
7293,6e58c0e5-0478-412d-9a8c-a6af6b3e9123,1
7294,6e5a0784-0a7c-47c1-ae17-a362fb34e988,0
7295,6e6dd972-98c9-410e-a041-00929762057d,1
7296,6e724830-575f-4fbd-9477-2c5871a0c670,1
7297,6e748a53-cb91-4188-8ec3-3549f415e73f,0
7298,6e75886f-0858-4d18-a463-1508943c6d79,0
7299,6e798b2c-d739-4313-9879-55bac94f684b,1
7300,6e7e869d-8047-47eb-b3b6-36339c0bc24f,1
7301,6e8840cb-fa39-425f-b691-24fb452b96d2,0
7302,6e8915e4-6451-4ec6-9f41-bbaace7a546f,1
7303,6e91651d-c2e7-4579-aa11-380573ab8785,1
7304,6e91978e-29c5-42d6-8b78-87498a0abb6f,1
7305,6e92dd31-d05e-4d55-a155-421094c7ad1a,0
7306,6e939bcb-6421-4a7f-ab21-94a5c2b75b56,0
7307,6e99b55e-ebd0-4bde-bb9e-7295ac9c2008,0
7308,6ea11e5d-7d72-4993-8f95-8ca146068b92,0
7309,6ea5543a-c8d9-4124-a9dd-2143c221729f,1
7310,6eada4f9-72f0-4f0f-a4a2-73d16445b897,1
7311,6eb44446-724f-4b30-bb3e-536071e9df11,1
7312,6eb57c8d-f577-4611-b3c4-aaf8ac18967e,1
7313,6eb6c66a-9519-4c39-ab97-bc02da85017b,1
7314,6ebd2b99-44f3-4787-a43c-8f3368a448ad,1
7315,6ec23a9e-8531-415b-891a-17a50323cd76,1
7316,6ec867fa-37db-40c0-9071-cfb388143e76,0
7317,6ed210a4-0d4a-44fb-80bb-8067601ec5ff,1
7318,6ed2bd0d-8235-4c2a-ad2d-0c26541463c8,1
7319,6ed57433-bdea-42cb-bd2c-8c83403be1f1,1
7320,6ed98338-9fa2-4085-95d0-140b0145c91c,1
7321,6ed9ce70-062c-49ec-a665-1fa52348a595,1
7322,6edc9ce1-7014-4c85-9309-f620133f2e29,0
7323,6ee97864-7eef-4461-8294-66f3712b8316,1
7324,6eec9f1e-90e1-4b0e-871c-323f5fbf29dd,1
7325,6eee9829-304e-4227-a947-731a0ceea5bc,1
7326,6ef3f1e6-f0f0-407c-a4d3-d13e34373dfa,1
7327,6ef81d7b-65c4-4321-aa1c-a99dc6bb87fa,1
7328,6ef8b770-0ab1-4c28-9b1c-958dc1e62473,0
7329,6efef72a-fe8f-4535-abd0-85097302615e,1
7330,6f00e0d1-0fd2-410d-946c-3c9b357b5f9e,0
7331,6f02d82e-d3b8-4dec-ac07-0a8579c01319,1
7332,6f04b42b-60fc-4ca5-b6cc-a004fd0d88be,1
7333,6f0b2397-8147-4e6e-97b0-427a9b992240,1
7334,6f0bd8c7-892e-4077-b9fa-e170f7f1f9fb,1
7335,6f0c11e5-0276-4c57-9137-c3dfa03f665a,1
7336,6f124bcb-3f1c-4067-9652-1b7f21555209,1
7337,6f163ea7-a6a1-40c4-8659-7aaef688d73d,0
7338,6f1acdbb-31fa-4513-8020-c935117f0916,1
7339,6f22a010-d67a-45d0-b21b-2d85c478e9f4,0
7340,6f24ce5f-1018-4dc4-b94f-e898694247c3,1
7341,6f25f4b5-e190-428e-b4cb-59226d2e348a,1
7342,6f2b0dff-5dd8-45e9-b2c4-729e087058e4,1
7343,6f2b2a9c-f0ca-4eed-a4a8-0d2171125cd6,0
7344,6f2cca87-9232-4c76-8d05-6a8f9b5aa926,1
7345,6f3144a0-8c48-44e4-a18c-9756004dce62,1
7346,6f3574b9-46c3-4e55-9791-4bf869781d5a,0
7347,6f37d217-59ed-43e0-96b7-b24a23e76e3c,0
7348,6f399e1c-e78f-4b16-b1ea-d1299d4044e4,1
7349,6f481d6f-09f7-4e48-b6e7-93ce003f6c4a,1
7350,6f4854b3-76c5-449f-b5e2-afa8985e2dcc,0
7351,6f498e9d-0ee0-42d3-9524-78ff77b55b2c,1
7352,6f4b07cf-1e93-4a51-aba8-cb52567713ef,0
7353,6f539f55-70ce-481d-9050-85092d9fae61,1
7354,6f568e69-a034-47cf-9b86-6507d978eb18,1
7355,6f5a4fe3-0d2e-434e-8c64-78b2ea9c431e,1
7356,6f5cd9de-1d2a-4117-b469-72131056ffa0,1
7357,6f6069f7-a7aa-4844-a1e7-542c49ad6079,1
7358,6f658baf-5246-4628-b44b-bdb370a0210f,0
7359,6f710020-06f8-40d9-9931-456a25e2d991,1
7360,6f723361-c4de-48a4-a5d3-0a8c14d87e2d,1
7361,6f74001b-0eeb-4f32-b322-89f003bcfd55,1
7362,6f7f04bb-cb93-4f94-b1cb-d17724f2e08b,1
7363,6f814495-1310-4c3c-9d53-95463cabea8a,1
7364,6f837c68-2966-43fe-9c60-4b0919438b79,1
7365,6f86df09-e802-4941-8958-5e0055d369aa,1
7366,6f885b28-e27f-4859-a006-64bead47db9c,1
7367,6f892f28-dfef-40da-bec5-1e105631d84f,1
7368,6f930369-67f8-4b39-b4fb-fbb3ad38efcb,1
7369,6f932e39-1c15-48fe-a3e3-e9a3f250eedf,0
7370,6f94cc8e-564a-43c2-8cbe-85f36f5afea4,1
7371,6f9bc874-4937-4aba-971b-c6fcd5753406,1
7372,6f9ebd75-2c12-40ad-8e62-41cf953caa75,1
7373,6fa01c1e-0144-468b-be96-61a015e7086e,0
7374,6fa0946f-2bbf-4c55-a2c0-71c276766441,0
7375,6fa962b4-1928-4e45-ba02-37807a878652,1
7376,6faabfac-6747-4d99-a2c8-54a02639ff1a,1
7377,6fbae71a-a121-41f7-bbfd-14a2ca254156,1
7378,6fbd2b82-514c-4f4a-854d-26a35c2cce9c,1
7379,6fbeb291-b1e2-4bac-a8c7-e8f1cd03fc8a,0
7380,6fc00912-162f-437c-91f6-c4525e8c7f5f,1
7381,6fc1e0af-cecd-451b-9f53-9577080cdaf7,1
7382,6fc1f5a7-17e3-47a8-a017-5cb3b9b2452b,1
7383,6fc481d5-615c-4b19-b623-e8a9a8216096,1
7384,6fcbbc5a-18d0-4b34-99f7-fc355c656ebb,1
7385,6fce9aa4-412f-4ffd-9144-15b8bbaaafcd,1
7386,6fd82564-b8d9-425c-a588-990d16817b6c,1
7387,6fdbc30d-afd7-450b-9ea3-86ec2f534ed7,0
7388,6fdeea24-325c-4862-bc5b-9c5aeac8ebba,1
7389,6fe0b0d7-60e2-42ec-8ab2-8fd8c2de45d2,1
7390,6fe310dd-e4f1-46ab-b0bf-94ca34e71778,1
7391,6fe56878-2f30-468b-ab5d-e122fd46289e,1
7392,6ff707d0-cf37-4aff-a092-53be0a9f9735,1
7393,6ff7ca5e-c9c8-4fdf-a9d2-4ce199433c06,1
7394,6ffd0c01-17ae-4963-b947-000dd9221b7c,0
7395,6ffeea52-5a31-4993-b268-d1cad60c08b9,1
7396,70029e64-0579-4130-9944-961c5d8e12e9,1
7397,7002c443-669e-42d3-aa79-a3b5b5211980,0
7398,7008cae0-7945-4b59-84cd-67b6a2ca1ead,1
7399,700ecd3a-d839-43f0-bc0a-4ef96a2f6ca9,0
7400,700eec15-e6df-4655-81e1-550cb79a118d,1
7401,7010bcd3-8d92-4e63-a87f-9dd270dc86b3,0
7402,7010d8de-a4bb-4028-84d7-0852402065b0,0
7403,7011c4d7-957c-4f24-a7aa-7e135c12ca07,0
7404,7014ddda-e1fb-4316-b97b-d9377fed8427,1
7405,70185ab0-6b75-48a2-ae15-0ebc27fef315,1
7406,7019d338-a919-4933-bbf2-cb80682a2aea,1
7407,701b4909-1703-488c-9110-ef49f7086a82,1
7408,701f60c5-2797-4e95-a8ea-8fb79d40bc0f,1
7409,702d454d-9aa7-4958-b695-2fed92bca9a5,0
7410,702d77c4-cb4f-46b8-8fb8-a0746bc64430,1
7411,703128ca-7f54-43a5-882e-2bcbce637b41,1
7412,7031a6d9-6860-49b6-b1d1-92bbfcffabf0,0
7413,703c9603-8cea-4d44-a589-ac2ff8976385,1
7414,703ff5d0-d483-4e92-9d14-b9946a547b8a,1
7415,704f113a-b043-40d7-8aa9-a3357360971c,0
7416,705079a9-ea17-4273-9f02-eff76f4c0321,1
7417,705302fe-3240-411c-ab0b-10c19c76467e,0
7418,70531fcc-cb11-4e07-9b35-c4760c6400d4,0
7419,7054093b-ce7f-4a8e-8bc0-143985258d81,1
7420,70593f31-edc8-4d2a-9677-766d57d6a487,1
7421,705d4347-6658-4f92-a9da-4b3ff9c7ecb2,1
7422,705e6c39-4bd1-4663-b672-d6c7ed713a62,1
7423,7061087e-4775-4b6b-a554-74f92cdb5d44,0
7424,7062795f-4ec1-4377-9464-34f5579c9cce,1
7425,7068bbf1-9fc4-4e0e-8354-b196a3296141,0
7426,706bed11-1ce4-47eb-8f89-c14b05f807bc,0
7427,706bf0b0-7dd1-4ed9-9e13-1aa1cd129436,1
7428,706e58aa-f62a-4d31-bed6-5de1dd45bf13,1
7429,7072e7cb-7891-4d16-b0e2-130c1dc77b70,1
7430,7077526a-605f-454c-948c-5ef181b40430,1
7431,70792c54-e97e-4b2c-aaa7-4bf1aac624bd,1
7432,707bfc5f-0b2a-4343-8727-7dd27b3308ba,1
7433,707cc8fe-0637-42c4-a5c7-8d93b53cca03,1
7434,707e173d-eb52-4590-b83e-2e72a3f267c7,1
7435,707f5b85-d22e-4e58-bd93-5c8dfb71ff6c,0
7436,70811c46-d316-4fa8-8e4f-d82c370f706f,1
7437,708382db-d6bc-4fba-ab0f-529283cb1be6,1
7438,70838bcf-1dbc-4f41-a13d-310a9cd87fe5,0
7439,708536c7-ebf9-4269-9c80-fc0be20d3a5b,1
7440,708db2e7-41d5-4fe4-bf85-c87105eaf585,1
7441,709a9739-385d-4e7f-bd66-6ebdb6637df1,1
7442,709eac0f-1a61-4d3c-b622-1a735ec2026a,1
7443,70ab6be8-af25-4ff9-ab2e-a864a85cc87d,1
7444,70aded4c-d312-48e9-ba25-9009eb65b083,1
7445,70b0cdb5-20fb-42be-8911-56eb94223a14,1
7446,70b2b3af-bdd2-4138-bedf-41bc0dd3c1cd,0
7447,70b4384a-4aec-45b0-ac67-614e9ef8d912,1
7448,70b6379a-6105-4c77-9ed1-37c86a7f4d46,1
7449,70bc1550-0447-4ab6-a1a5-283dbeafa8f4,0
7450,70bf1882-b945-4045-9c73-21627ccc8620,0
7451,70c12a54-9531-440f-9d88-56d640f9ccb9,1
7452,70c13729-d414-447c-aff5-903936514b3b,1
7453,70d1c1c6-f764-4f0f-bfb7-129f08e08bda,0
7454,70d6906a-3332-4b12-85a5-a4d47bfc6fab,0
7455,70d9c2af-55dd-4b93-b55a-b40bd90ed97d,0
7456,70dec4fc-90d6-4c2c-97da-c96639b6276d,1
7457,70e29559-5651-40ea-8e72-47839cc5c9b0,1
7458,70eb8eab-0b78-497f-9ce9-ca690935244a,1
7459,70f09312-1912-493e-a9cd-dd01c336aa55,1
7460,70f2b672-041d-4843-8ea8-0002f86a4181,1
7461,70f2d63a-6f78-4f00-8f49-72d5e45bce24,0
7462,70f31961-9ce7-406f-9cc6-32d3e4ea87a8,1
7463,70f7beb0-15a2-40f7-8238-d3e3e1377f3b,0
7464,7100d6e4-2acc-4422-b1b4-497240ee14bf,1
7465,710a4d97-4b24-4b2f-9f12-ebc33686043e,1
7466,71149888-4041-40cf-b354-461e07ccd95b,0
7467,71180bd6-a722-49be-b8a7-ff8b2b352d6c,1
7468,7119f9e3-527d-4e89-a0cd-424e36e54468,1
7469,711ba5ab-925c-4114-8318-351d2f08b5a8,1
7470,7123cdb1-363b-4bb3-8b55-3f0752d4ffbd,1
7471,712b6ae6-23b3-45f9-be17-94bf2bf0549e,0
7472,712fcb26-49b5-499d-b705-f34b680970b5,1
7473,7135a4cb-ca61-4fc1-a736-500ea164c922,0
7474,71492f72-c7be-4f52-8812-e5ea9f6a93c1,1
7475,7149ee7a-e7cc-482f-b390-b72451373372,1
7476,714fb21e-51e8-4c51-9c9d-23761d2f192d,1
7477,7150fc76-f981-4810-bbb0-0956b3e63915,1
7478,71546bf1-246f-4630-a9c8-82ec9d3bc0d3,1
7479,715c772d-0cd1-45f0-8d6b-f8ba8e59e9c9,0
7480,715f7ba3-00ea-41d4-93f4-26b448c37103,1
7481,7161c1da-e598-442d-9110-8904c89408bb,1
7482,7161cc15-bde1-4666-afdd-22819be3c261,1
7483,7162aaef-ab09-43d9-baea-f836354024a7,1
7484,7167880c-4f1c-42d2-9f33-b3efa1efcf86,1
7485,716a7e23-2199-4b33-a6af-8c42418140a7,0
7486,716bb5d8-41ef-4280-b0c0-2c5fc5b7d260,0
7487,7170b7df-1d17-4624-88bc-189753a821bc,1
7488,7170e376-05bd-4319-87d7-94f426798d93,0
7489,7171673e-eb44-4041-88cc-aba0005b7500,1
7490,7176dffb-4b95-472c-bff3-cbdaf7a97c8a,1
7491,7177564a-ff0b-4c53-a6e8-fa2ad950f297,1
7492,7179e22d-da45-4437-b4f1-1f9921976ecc,1
7493,718c10ac-a188-439c-b364-02462497aa34,1
7494,71968be1-3aa4-43b0-9bd3-7bbfc84ee7dc,0
7495,7196d93e-3bdc-4b22-a6d1-4ff5873f6955,1
7496,719a6a86-c492-48c5-a9ae-39c45dc26898,1
7497,719afd77-3956-4bf4-b3b1-7da86fb13b12,0
7498,719f2844-a4a9-4768-91ea-74858a40e48f,1
7499,71a6fb8e-3fb0-489d-8b3c-f6ebbb793cd4,1
7500,71a9533d-ce7f-4f75-9b17-780d319722f7,0
7501,71b1a647-9971-44b8-96ca-da528b4ebb72,0
7502,71bc1a06-1fb0-432a-a0d2-42e7c136374c,1
7503,71bd969c-764c-439d-aa97-76fe93209f2e,1
7504,71ca6e36-9627-41ae-9a35-282f3518eb3d,1
7505,71ccd283-7501-4d3a-8c0d-91e50e235fe3,1
7506,71ce4316-30dc-4758-aa1c-68887b803449,1
7507,71cff3cb-ec89-48e1-a302-178a858d5828,1
7508,71d98f70-a5b3-4045-9a1d-1c9690c4379f,0
7509,71da3015-f371-4c87-8e90-1f0d59bd46fc,1
7510,71dce52b-8576-4085-931a-816264a594e5,1
7511,71de3dab-922b-4fd1-80b3-78f58bc537c0,0
7512,71e6deed-0029-44dd-92b5-f6680ef8da19,0
7513,71eb88c2-7825-4cfc-84a2-104f538beadc,0
7514,71eb9a56-b6ac-42d0-9b10-60205321ee40,1
7515,71edd076-be81-44db-aff2-77b995eaef4c,1
7516,71eddf03-e874-4fa1-b8f7-3c27cd5151e8,0
7517,71f00928-5c27-46b2-8629-c5f3bfe5ef12,1
7518,71f2487e-1457-461e-a253-315999dedf50,1
7519,71f27400-b70a-4ae3-bf0a-0b81d98d3569,1
7520,71f622a2-bd5e-4257-b522-47b1f17fee1a,1
7521,71f77f9b-091c-48a2-90c2-32020ca819ef,1
7522,71f8bfb7-44dc-403f-95c4-7567543f222e,0
7523,71fa5b9e-eee8-4256-a863-8a6de312896d,0
7524,71fc9e49-6ea1-4537-9707-fb42a8113ed3,1
7525,720982f8-914b-4de1-b963-32ed0b91354a,1
7526,720d1193-4096-42cc-8394-9e1ed2116ab7,1
7527,72130860-f558-4ea2-8952-b37a3cf6268a,1
7528,7213116a-664e-4989-a89f-1dc535370eb3,1
7529,72184bec-d101-423d-92e7-aaf4d9162efb,0
7530,7219a640-8a6f-43ae-9b12-53681c1fcaf6,1
7531,7220a022-37b0-4044-94ac-54f036b8eae6,1
7532,7225bac2-5d3e-4089-a9f5-819a34ab87ea,1
7533,72291a37-1295-4401-9afa-3bf89da76920,1
7534,7230114e-842d-41af-98c6-cb779114c9df,1
7535,7232cbc7-6e8f-48b5-b232-6c89278eca4c,0
7536,7234d9b7-356c-4938-afe5-afe4bc6d959d,1
7537,723d7bf9-d90b-4d2e-970d-4e716a85b0ad,1
7538,723ed76f-d367-468c-a199-f95f6e219f9a,0
7539,724218f5-10c3-4088-be23-088eb3566c34,1
7540,72434466-9e6f-4bd7-bea8-5b23bd6f1eea,1
7541,7247caab-382f-408a-be51-88a5e5078952,1
7542,724e912d-57ea-4fdc-a577-d836e2bbb449,1
7543,724f6f27-1e7f-4dd2-ad6d-34e57b47b325,1
7544,7252fc91-8c6c-49fc-b3ff-07a6a5984e59,1
7545,725629ce-5b5f-4a02-98c1-33c3a1d9d98c,1
7546,7258e24c-b230-4c13-a12d-d12a35692c81,0
7547,725d921d-846b-4ad1-8a42-d382bcfdedd1,1
7548,725deefd-f699-4286-b66f-6fd5f36686c6,0
7549,725e49c6-49b7-43b6-827c-9e98a7a98c87,0
7550,725eaee7-9dcf-4cfd-981d-98448900673d,1
7551,725f0d8e-5e2a-4e70-9769-95c0221a781f,1
7552,726b6bb8-19ea-4f1e-981e-093e7dfea712,1
7553,726c919c-99b6-4fd2-9f2e-13d9d6b8f1df,1
7554,72724d5b-53c0-482c-b8ce-2775c4d93985,1
7555,727403d1-293a-4578-b3bb-255c7af780bd,0
7556,7274ad4e-dcd9-4a2c-8467-a48e1d3785d4,0
7557,7276ed01-a386-4e85-9c5e-2228a4b6fb36,1
7558,7277d3ee-8ef4-42b5-a472-c08a4490567f,1
7559,727bd84b-b851-4c53-9bc5-2bbad499a971,1
7560,72829d10-b024-4b59-b530-10929b886c02,1
7561,72852498-27ed-4d97-9b3e-c88d3e7297d0,1
7562,7288f7b9-1c8c-4a43-9483-434a2da7112e,0
7563,7295c669-f8bb-4126-b8f8-11c8fd38db5a,1
7564,729765c2-2af0-46cf-9f4e-ab8ac781d0b9,1
7565,72a0d668-be6c-4e4c-b2cc-f74c88b563c3,1
7566,72a1f8f4-433b-4f10-8314-24d11f6cb39d,1
7567,72a39076-7e12-4612-be05-fb95f9809ecc,1
7568,72ae12a2-4d1d-4ca3-b2a9-b407ec43865b,1
7569,72b1972a-44d9-4ab0-98d7-c4672b4354fc,1
7570,72b52582-524c-429e-92b8-b1505903a89e,1
7571,72bade79-2ab2-4b49-868b-6a24b9e11c83,1
7572,72bc94ff-5c26-48a9-b0f0-67de09049841,1
7573,72bebb7e-2ca1-47d0-85e3-d1654cf9ee95,1
7574,72c6d737-c1e5-4428-9b90-d22bdd0dfdfa,0
7575,72cb3782-091e-48d1-acd6-0e62f541c694,0
7576,72cd8314-2c57-44fd-bf14-cf0eda2b415f,0
7577,72ce5e10-a1ff-4a0d-b3b9-e8e64edb19be,1
7578,72d11983-709c-44e4-85f1-0cdd91318bb4,0
7579,72d5ca58-902b-4308-8566-06429e8c218b,1
7580,72d5d366-a980-4da4-a399-242a4ac8cdf5,1
7581,72da88c6-8f50-4383-bd74-e7810f121bd8,1
7582,72dac04c-dd97-400f-afbe-74559ad079de,1
7583,72dba22f-e5cc-42b2-bba6-6feb789dc398,1
7584,72df2d02-79de-40a8-8f2c-8382db5df5ca,1
7585,72e3d832-f481-42d1-8683-8ff50584a62d,1
7586,72e3da29-021f-45a0-bf73-2406866400a6,1
7587,72e9c2c7-b252-4e7f-b6e3-d57b9e2d1922,1
7588,72e9e1ac-770f-41ad-bb0e-c8e35592ebec,1
7589,72ec552e-6af5-41bc-8b83-94a563750dcb,1
7590,72ee0735-f896-45c9-b291-c6a9c840ba57,0
7591,72eece74-618e-4c6a-868f-04566ed18fb7,0
7592,72f32f78-1ebb-4952-9cc6-8bf24ac0650d,1
7593,72f9e0d3-02a7-4c5d-bb01-18776f2762f9,0
7594,72fb2bd2-cd29-45e4-b346-8c83cf03e80d,1
7595,72fc33f2-0abd-4abc-8d2b-063f0ac3b0d0,0
7596,72fcbc8d-f824-4a30-92d5-42e77d254afa,1
7597,72ff2ea7-7ef2-4fb5-8ff4-43ad81b96756,1
7598,73047d72-ddd6-4f99-aaab-dc7b81c69b03,0
7599,73051d0f-68f3-4b6f-bdc5-df38d9dc2015,1
7600,730fe04f-ff25-4e12-ad86-09abba206024,1
7601,73107d8a-d3a1-43d6-9ec0-94aa78ccd2b0,1
7602,73153687-e5be-464a-bae6-96cf054ee421,0
7603,73185bb1-0b37-4e95-8af0-741ab746d5be,0
7604,73195ee5-983a-4c36-8ddf-ede4dd6a5e65,1
7605,731c44ff-b497-4ecd-943c-37e63b023fda,1
7606,7321eb24-3cb5-44eb-b88c-27b3e1e69a0f,1
7607,73275a1f-0f49-4dec-8c23-0eac096c215b,1
7608,732775b6-ba27-49c4-955e-0de6981e4f31,0
7609,732bd15c-aa1d-4cec-a5c8-c81ff7da40f6,1
7610,7336e583-d50a-454a-9ae8-fd6de2104c99,1
7611,7337aa10-3260-4281-8fea-c9e4c36d6176,0
7612,73388b5e-6846-40b3-867f-dd0e6a4498a1,0
7613,7346c154-f14b-40f3-8a19-a2881195c402,1
7614,7349206b-9f1a-4cc0-be85-bc890fd3c4da,1
7615,73492199-91eb-4160-bee6-b488f3c80521,1
7616,734a2a5d-5dc9-4c07-9f0f-3db0a3627c53,0
7617,734b707b-d57f-4d54-bf63-719fb59e1c8e,1
7618,735303b8-e601-4d86-926a-e59633f22e93,1
7619,7354516e-ca1c-4d9e-ac1e-db9845d9c208,0
7620,7354865c-d027-4592-99e4-55add7598fe7,1
7621,7358ffce-88fa-4ef8-9dec-01494557ae93,1
7622,735a68ab-f836-452c-909b-b0b6bb13ffae,1
7623,735c3622-b30a-4371-b188-b435a24782c1,1
7624,7360d935-b8af-4a19-a030-23489a659de7,1
7625,7360f55d-a5f1-4306-80aa-26f12199d13e,1
7626,73636c00-1f07-4fd3-8364-4b8dd23d1cc2,1
7627,736a1056-e4ed-493a-a19e-40c207dc7be1,1
7628,736c1744-7c4f-4634-a45b-83ee87d411c7,0
7629,7376c0bf-1a2b-4570-a3f3-58ece9f9cea7,1
7630,7376dea2-f7c5-43f3-8392-e4e1bf94f3c1,1
7631,7386ab05-cf6a-4536-997d-6694251158bb,1
7632,738779cb-855e-4ed0-a1ad-3a38987f269c,1
7633,738a3e97-ae51-4856-ba00-246d50ce0e6e,0
7634,738aecb9-552d-4191-9d14-25a792c33567,1
7635,738bc982-4c9a-418f-a8fa-b12577317060,1
7636,738f313b-25ff-442c-9a2a-8f990488729c,1
7637,7392b330-c0c3-424f-8a5b-aa4fbe88da53,1
7638,7399cd87-3ffe-483b-a9c8-e4c86c261be7,1
7639,739b986b-1cde-43d2-b83f-ff599ad27d2a,1
7640,73a054c1-008b-4b85-827a-1423c87041b9,0
7641,73a37f63-5394-4f01-a2c3-d4658fee95ea,0
7642,73a5bbcd-671c-4cd3-97cc-354b08bb2533,0
7643,73a64ee9-9deb-486f-946a-52bc859e8d46,1
7644,73ac74e6-06d5-47c5-87c4-dcaf45237595,0
7645,73acad60-2923-4c6e-bf4b-c27dd3fe3a33,1
7646,73adffd3-8e16-4b2a-b587-680be97683ac,1
7647,73af1fe6-43b7-461e-ac16-21aed56519f4,1
7648,73af644d-7537-4fbd-be47-59432f8d6645,1
7649,73b4e45c-945e-4ab2-9e84-e51ed6b82a7b,1
7650,73bab2f4-5191-4c75-a3ef-952be0033296,1
7651,73bbcecf-0247-4952-bdce-ab7d29e14790,1
7652,73bc1af3-f96a-4596-99b6-3a036a319403,0
7653,73c094c8-24a8-4c0f-94ea-817476efe80d,0
7654,73c89a85-7335-4380-bdb6-0a33be5759ff,1
7655,73ceb258-88a1-4a76-835f-7e0334097f33,1
7656,73d1f9a9-ae9a-4dc8-bebf-74f480376150,1
7657,73d32238-0515-4283-928f-d02f19c432f4,1
7658,73d5a5e1-5f73-4ef0-9d17-6ff59253e4c6,1
7659,73dc12b8-d8d4-4d37-b7ba-79fa80a5207a,0
7660,73dd250e-ea64-45dd-82c9-72087345f6d4,0
7661,73de3f76-6327-4dfc-9a64-13ff6d5a4391,0
7662,73de6a90-3194-4c18-a163-e4bf8c1bb40e,1
7663,73e3e2b7-fbe3-407f-9b8c-7e8273976375,1
7664,73e5e038-bea8-4478-9798-98cf2cf39d94,1
7665,73ed7a04-ac44-451e-8096-58134cbe3361,1
7666,73edf3b3-01e1-4b5c-a2fd-d12797c41843,1
7667,73ee7772-9aef-442f-ae1a-df9838e44363,1
7668,73f4ac39-325b-48ca-b7ba-8bd7bb729dbe,1
7669,73f4efc0-7847-4729-bcdb-8f24f374bcbc,1
7670,73f5094a-6d33-474c-8d89-b9a40e9a0904,1
7671,73f53448-fd35-423b-bc29-012bfafa4f14,0
7672,73f566e2-6e0a-4d9b-9a85-6153195f86dd,1
7673,73fb126b-b49d-41f9-acfc-444fc120447e,1
7674,740594f5-09be-429a-bae7-d567a537f21d,1
7675,740a2e27-b001-4a43-b2d0-8f83606272c5,1
7676,740acd13-05c4-4738-887d-c71083c8d3bb,1
7677,740b440d-febe-47b3-9282-c892a75a2861,1
7678,740ca3ba-53e8-43d5-86e1-70e0104236be,1
7679,740f11d0-7226-4e38-a365-4ec47235fe49,1
7680,742440be-8308-4399-88b5-e51cb44a8dc0,1
7681,7424676a-2949-4181-b300-8e2cc0e3b15b,1
7682,74263e64-d2e8-4596-a1a4-5d52db097eb4,1
7683,74363385-c8b5-4972-8b2c-81b08b9c6bac,1
7684,74379a68-4366-47b2-96dc-0dc6ced7a17e,1
7685,7442b619-52bd-4535-8960-fd72821b2ea5,1
7686,74452fc1-76e1-49ad-9709-fc4080ce914d,1
7687,7448cbf5-be09-4e5e-bb49-11e89f3c6850,1
7688,744babf7-fad4-4a70-a052-e81db04b91a0,0
7689,744be7ac-1e48-4eab-8a43-299515e34afe,1
7690,744f9e0e-8a6b-4b90-b737-75731490a6fc,1
7691,74505f5f-c2a6-4cf4-8ec7-1867dfa9ce44,1
7692,74626f87-c3a8-47d9-b578-8347cdefa894,1
7693,746766c4-0c86-41a7-a536-6f4568a91f93,0
7694,746c0c7a-dd29-4d63-8c09-9ddd91d97468,1
7695,746c11aa-0a23-4842-b213-33486d8b4e17,1
7696,746c9800-120b-48bf-8a4b-19cdc08fb30b,1
7697,746f9481-71ef-42b3-ba4d-4e3a8524d8a8,0
7698,7471b686-8688-4a67-a872-fb56c1f270ee,0
7699,7471e9d7-4647-407a-88cd-818ba860c010,1
7700,74745919-fceb-4583-a6db-a04df1ba16c3,0
7701,7474af04-541f-412d-aea1-6ed10f11cb7a,1
7702,7475f11a-e9f5-4d25-81ca-7e10d984335c,0
7703,747acc0b-4c72-49d1-8d58-53b531e27f6f,0
7704,747afd11-e1d4-40e7-b83c-06d291d67455,1
7705,747cb32a-a1c0-4c5c-9c3c-ade6aacac36b,1
7706,747ce7a3-cd53-4cb9-a5b1-c8e4b4b966e8,1
7707,747d4538-ece5-42aa-91f4-de1604727664,0
7708,747e8e25-35ac-491b-a380-30d24faae5bb,1
7709,74911665-ab47-4af0-ba4a-8a870c3eb2cf,1
7710,74964797-5f6a-4817-9c4e-e20d31693a89,1
7711,74965394-e52f-4e49-902a-65878a0e31cf,1
7712,74968fe1-a8e7-48df-970e-2b7ff615aedf,1
7713,7497af90-f371-4eda-9bfc-20d0846fa43d,1
7714,74998301-6432-405b-b43b-b113c1da1c40,1
7715,749a2174-6260-4b07-8fa8-10fc7c225e3d,1
7716,749b5ff5-1cb6-4004-bbe7-ae3366f0dc6a,1
7717,74a172d7-a3a0-4841-b1ee-a83d7890557c,0
7718,74a2c12a-4b2b-481a-8ee9-304665477d62,0
7719,74a5e292-3116-4a13-8145-ce6172a7718d,1
7720,74a9d71f-a35e-412c-865b-e9b075969ebe,1
7721,74afd972-a01f-471a-9377-dc2c47a44e24,0
7722,74b30f21-e7e0-48c1-bc43-b08108f36289,1
7723,74b859f1-d4f3-400f-bdf6-4b61b19f2d4c,1
7724,74bf9612-2e5f-464e-9d95-3c30b9327848,0
7725,74c0caaa-6a4c-49fd-ad9f-ebe8b6beebc1,0
7726,74c31682-9dbe-4c70-abc6-e6a23b520707,1
7727,74c54251-7727-4620-b466-7ead0eceb0d5,1
7728,74c588c8-0781-40a5-8fb6-02f88c9ced47,1
7729,74c6974e-80db-4361-b7f7-3e571aa8debd,1
7730,74c991fc-a137-441c-8dc5-6488049d7d42,1
7731,74d725d3-a090-481c-97ec-4f24d96ec097,1
7732,74d83369-e99f-4a9e-801e-2f3ab2eb856c,1
7733,74d9175d-116b-4d82-a533-fc9bb7445575,1
7734,74df795f-754e-401d-b5d5-856053acbfd5,0
7735,74e4f2ff-78a5-4d52-919e-efc4096603d3,0
7736,74e5b1b8-7fe3-40bc-9950-d2cd48fbd7c4,1
7737,74e74987-9660-4fcc-8777-e1ed07b7820f,1
7738,74e824d3-a60d-4e61-874a-2820de278737,1
7739,74e8d387-1431-4ade-9151-9d7ed4a51deb,1
7740,74f37093-bd54-4af8-bd84-de1af1b068cd,1
7741,74f4d0f6-455c-4b68-bfc5-cba08820ef63,0
7742,74f7d48c-6595-4533-8be7-a00288cbf902,1
7743,74f971ae-038a-4174-97a1-6dcaaca54146,1
7744,75016c43-d556-471f-a403-cac3289bdfda,1
7745,7506be75-74f1-473f-8401-c9af1bcdfe7f,1
7746,7519df8a-39b9-4385-a1f0-cfb3519a1565,1
7747,751b2e7b-7b97-479a-a9b6-7ef63aefe656,0
7748,751d8820-6d2e-4aa7-b102-efc437bf74ed,1
7749,7526d4a1-4796-437b-88ce-6f5aed02257f,1
7750,752e8581-5bfc-4725-b692-b861b07cd8f7,1
7751,7531323e-df7d-4435-a12b-52a3246ebaee,1
7752,75334cac-1cc7-45c7-b35e-fb00bb7f9181,1
7753,7537cbb8-5b92-44bf-8c63-e80ea0337929,1
7754,753dd684-6b93-43ae-9f8a-bfcd965abf6e,1
7755,753e3a66-2dea-4ee4-baf7-63917ef4c116,1
7756,7541037a-cd0c-4cf0-aff9-759a7bd6f6f9,0
7757,7542da08-4618-4fc8-addd-72caf1a0b542,1
7758,754a80a5-026f-454a-83bc-828d4c90a6f7,0
7759,754be1d0-3f58-4bf3-a7aa-9daba4e3e822,1
7760,75504243-fc22-49ab-b5b6-5acff7883657,1
7761,7550634e-3f97-41ad-9cba-cb5e843cd61b,1
7762,755264bd-3c90-4964-a057-42cc430d1e69,1
7763,7558ab2b-d78b-4f1b-b30c-9a471e4b5152,1
7764,75662832-0377-475f-b7d1-de1b1fcebd43,1
7765,7567a347-3758-425b-b04c-5041d78d4216,1
7766,756a197b-54d0-40a1-8871-6ff993e61172,1
7767,756c86c3-72c7-4e3e-a8f5-ea156b2a6576,1
7768,757a036d-2f05-4d7b-8f79-892c40116eb7,1
7769,757afd50-347e-4d02-bd60-a40208023fbc,1
7770,757c1dee-df97-490b-b6a6-857d9673e160,1
7771,757c3504-e07f-4167-bfa0-dadf3971ccc7,1
7772,757c7c5a-2f85-4df0-bc88-11d8f20c1869,0
7773,757d467e-ebba-4c65-b025-ef0e17a0c84f,1
7774,758bf54e-0ac5-4966-9357-b1abcb44e48c,1
7775,759466de-e132-4836-adc6-386a5ebf4f4a,1
7776,7597d1fa-5c1b-4838-977c-eeda06951adf,1
7777,759a43d3-4671-4dbf-896b-38c3c387b395,1
7778,759d9182-2841-4d33-a3e6-1dae9c1debed,1
7779,75a0a2f1-ded8-4abc-a0e6-ab4b1610ed18,1
7780,75a25350-815f-4bcd-89e0-dcdd8c1d1e87,0
7781,75a2f82f-4c7f-4519-be90-d30911e1faf5,1
7782,75a626a2-4450-445f-873a-c125a1cb0858,1
7783,75b011e7-ed05-4a49-91a5-c2878eee41a6,0
7784,75b1eb7f-4f12-464b-9c3a-a974f6957eb2,1
7785,75b28f27-1379-444c-8c2f-afb5af911de6,1
7786,75bdef59-6f31-4219-94b6-07b39f8bf479,0
7787,75c37046-ef39-4a13-a04d-d5fffa9d781f,1
7788,75c660a1-b0e7-49b6-9453-cda82d9a40d8,0
7789,75c858b0-a687-4589-90a6-c813cb2f6c82,1
7790,75c9a2d6-c790-45db-8794-9314fd8fbc8d,1
7791,75ca1e1a-523b-4252-8b2f-aa9eb21c7531,1
7792,75d5d0b8-48cf-43ef-9e78-34e52accf8db,1
7793,75d8bd31-d4bc-4e62-8bea-a6a35fda3506,1
7794,75db7580-5e7c-48a2-b024-d1a7f7c14ed8,1
7795,75dc6eda-10da-4719-9209-4f7185a5a92a,1
7796,75e1b967-5a3b-4cb7-80ef-82854d2ae5d5,1
7797,75e29ba2-4181-46ce-b3c9-6120275eedc3,1
7798,75e2ffce-2fd1-4088-9b7d-3f3987be0b16,0
7799,75e56271-b646-40ce-bb3b-9c91f73fe11f,1
7800,75e8cf9b-6f27-47c0-90f1-07aa0f54292f,1
7801,75e93011-837a-48e2-97d1-a6878e5cd8d2,1
7802,75f1e4e3-ac24-43f1-88ee-c80bbc6d960b,1
7803,75f76269-8bb6-4cdf-9a31-32d77a05fad3,1
7804,75fbb9fd-cb02-48b3-88da-5bd9e4e46708,1
7805,76002348-af04-48f2-be3d-a513cd8dd0f7,0
7806,7606a7ad-f3ca-4c67-92d6-536993d5b608,1
7807,760766ba-e396-4c8e-96d4-124b879d6b6f,0
7808,760907c8-ae73-48f6-9697-e9583137a054,1
7809,760de389-b914-4446-9912-898933b98a59,1
7810,761371f4-7f96-46cd-a314-1b78d58231c8,1
7811,7613a1ac-52c0-4e5d-bf92-f42abc8682e8,1
7812,7617dfdb-f955-47db-88c0-584fdfbdfa83,1
7813,7618303e-4420-4604-b8f3-c15e9ac46c4f,1
7814,762752af-abbb-477a-980b-e8f1f62b9610,1
7815,763480c8-a74b-46b3-82ed-de7cf968d93e,1
7816,7635241b-964d-459a-aca6-29cddcba1f8a,1
7817,7635dbc1-d903-40bf-88ce-2bcfbb1b7a60,1
7818,763ffeef-10eb-4b0b-b800-ad9e2ef16318,1
7819,7640a3c8-311d-4fac-bcbb-8377539b87b2,1
7820,76442f41-bb4a-4222-8cf3-48210f14737a,0
7821,76467cbb-40cf-4daf-a3ba-0fb424b07e84,1
7822,764a9ac6-3900-4e73-b25a-35b8eb46a657,0
7823,764e2641-c22a-4efa-a9cd-a86f37f4a4e3,1
7824,76540f4b-cba0-4838-8782-807f1ab8d28d,1
7825,7655645f-e385-4aec-873e-8ced9d853666,1
7826,765dd195-e5aa-4560-ad82-aa651d17fda2,1
7827,76609f21-fdac-4455-99be-0a5b5e7c6eb1,1
7828,76625762-a36b-4452-b482-9beae6b995b2,1
7829,76632aef-66e5-4285-a339-9111bf9b1f62,1
7830,76652831-754a-41c5-a219-8c432ea0a91b,0
7831,766541ad-1889-4db4-915e-4810fd5ebcb2,1
7832,76669c72-e0bc-47e5-8b46-8be49783c0cc,1
7833,76693023-4cf7-400b-bf75-244cdfccd448,1
7834,7669f84f-7ed9-4581-85db-5343ff20cc7d,1
7835,766a200e-5bce-4961-afd7-bc79f79e630f,1
7836,76724c63-58ba-4b3c-8b82-d1051b82d652,0
7837,767ae5f0-c28f-478b-bc2e-b15d676b5337,0
7838,767cd5f6-92fc-4aae-8e4b-8043b90ec043,1
7839,76800849-fb74-4a14-b603-b6821229731e,1
7840,768b23ce-a48c-47da-ba7b-480d23a5e272,1
7841,768dcf0a-d64f-4c98-bc5c-e4156ef21c6f,1
7842,76999595-f265-4b22-b617-0e056360be19,0
7843,769ccdcb-3404-46df-98ce-61390f50090b,0
7844,76a040b1-a473-4173-9557-9cb7505da9df,1
7845,76a12b8b-eb8d-4c31-a40a-35c849f75390,0
7846,76a4dc20-0ca6-4745-95ee-2d7f0ccb8a52,1
7847,76a99cc4-caf4-4af4-a16b-68728be2dfb3,1
7848,76ad37ae-999b-47dd-a4a4-624c788c5980,1
7849,76b1c004-090c-458c-a093-550b6726dc6c,1
7850,76b6defa-86e9-4b42-9401-7401b4ece6a3,1
7851,76b84743-5791-4de4-8a05-5335930f3033,1
7852,76bdf667-7e31-4aba-8313-ba3e3df894d8,1
7853,76bf3261-2a19-4cc9-b240-11de32b8c048,1
7854,76cf0297-b097-4bbb-bd96-393b097c6d05,1
7855,76d14e60-cfd2-4820-b39e-c57a2c8d2773,1
7856,76d1bceb-4e85-4031-af1d-72a4f65c586f,1
7857,76d28a63-5e9b-47c4-8caa-bc25d9e4442f,0
7858,76d2e8af-e409-4cf6-b448-8163a1e2332f,1
7859,76d5c780-c799-4b21-a52d-1a648702ca25,1
7860,76d6c2bf-5619-49cd-b6f6-02b47fcd9c1f,1
7861,76e5794d-b894-43fa-967f-2ad776205c62,1
7862,76e69e0e-b2be-4edf-8b11-01de8efce4d6,1
7863,76e89dcf-3d69-4135-ac6e-553378625003,1
7864,76e95311-3014-496b-94cb-aa5443229124,1
7865,76e9b6bb-31d7-4f5b-a872-f045838cafcd,1
7866,76ea1b6b-9c0d-4e77-91eb-2152dd466beb,1
7867,76ecd5ec-d6ea-425b-80fc-eb7e9fcd965b,1
7868,76ed285c-6cf5-4d0f-8f18-e597027fae13,1
7869,76eff88b-25f3-4e1f-a1b8-c7a4419b0039,0
7870,76f85a19-c71a-4331-92c2-ca1674de29bd,1
7871,76f8d4b4-8ff3-49bc-b6e6-33bbfe3caf2b,0
7872,76ff66a7-cc27-4e26-839c-0fc639b4be71,1
7873,76fff953-37e9-4fc3-b094-ef78876d968f,0
7874,7701f98a-5c2c-45cf-b94b-2f3a27e53107,0
7875,7703cbe1-cb8d-4fd2-9777-2f91b0ead06e,0
7876,77087a7a-7a65-4e39-8231-5e8111275736,0
7877,770b06ad-15d2-4217-9864-71c648d443b4,1
7878,770cded3-cd60-44bc-afe8-0b99eaf6137e,1
7879,77128570-65a8-4bdd-bd33-a7710f254785,1
7880,771319fa-0296-4eeb-bbdc-1e8d3bcb0f1a,1
7881,7713c8ab-9a4e-44c0-bbfd-f9953529a1ee,1
7882,771997a0-90b1-42cb-9bec-17c07d74ba67,0
7883,771b015b-e96f-4036-a303-da354b15d81d,1
7884,771c7f64-f1b0-4025-9d6d-9594d9e57dec,1
7885,771ca406-8d48-4de7-8593-e6bef85fb764,1
7886,771dfeeb-b3ba-46b1-b807-bf7e3855f9f6,1
7887,771e2449-6f34-4ab3-8005-dd74d11a95cc,1
7888,771ea5e0-01f1-488c-bd0e-aa2c143a0077,1
7889,77204b90-7177-4027-bc0e-302903a7012b,1
7890,7724944b-79bb-4949-bba3-b39181278a29,0
7891,7725edf0-184a-48ac-a9e8-2b06ab43e5c2,1
7892,7729f2d7-7538-479e-bb77-63c3ce75d6a6,0
7893,772b5f44-a7dd-47ec-93b9-acfca17db1ea,1
7894,772dd32e-2d92-46fe-8d20-b7a83b0ff8b5,1
7895,772f2297-3c86-4934-a432-1db090d3b040,0
7896,773566c7-ed62-4e4e-8add-f3c67fe8bb7c,1
7897,773b1f9c-6be5-4d01-bab9-9144109b3826,1
7898,773c5bfb-c97d-44d4-aa59-76e1ed95bc6f,1
7899,773c5fde-c063-4fa0-bcaa-1e279c6c4561,1
7900,77423989-f103-4977-845b-c5483b01d160,1
7901,77447339-f08a-466a-bab5-3a8a783ff4c2,1
7902,77484dc5-3217-462b-b7f6-e8f84dea4d62,0
7903,774dca50-597a-4b48-97ba-ff3ef37146e9,0
7904,774eae6e-79b2-4519-904f-4ef3ae71d2a2,1
7905,774f7059-90e0-4e4a-8489-283843de780e,1
7906,7750588c-4569-4d05-8fa5-9b25e1ffe621,1
7907,775172bc-497d-4ace-a7a9-0a3972c6903a,0
7908,775b27e0-12a1-4a57-bb1b-7c2c10b98fc6,1
7909,7762d82c-3d2a-4378-915b-0c2e9f85f741,0
7910,776556a7-68e6-4d02-98aa-3cf2a868706c,1
7911,776d9dc8-d08d-45e4-a459-cc92d2720633,1
7912,776f9025-4cff-4bfe-a85a-aa0dc97c91b3,1
7913,77712b79-27e6-4814-9847-fa9d9959ffee,1
7914,7772e7fc-07ee-4842-b81d-2956aa306485,1
7915,77733cc8-6f9c-4ca0-a92c-881d62bc8f3b,1
7916,7777aebb-b873-4ea7-a33a-0d9c1be8864a,1
7917,777baaad-d9d2-4a25-a102-7934c4feb1f1,0
7918,77808796-86a3-4595-b982-ccd23c4082c0,0
7919,7783a243-ae95-49c2-b823-96514ac569e1,1
7920,778d14b8-da73-40fa-b2b9-abd49a8c83ba,1
7921,778f7f9b-e273-4bf1-9744-0a62cdd305c0,0
7922,778fcb08-b542-4df4-a3ee-17a60c9bea12,0
7923,77a7aa14-f25d-44c1-8d8f-b987ade64d44,1
7924,77aa8107-66bf-47f2-bc1a-4014f60f954f,1
7925,77b2795f-eba4-40f3-9c0b-4418947e08fd,1
7926,77bb1a75-b972-435e-82fe-508b4c2bb025,1
7927,77bb3b96-c136-4c87-b8fb-25becfdae2bd,0
7928,77bb8d5e-a050-4b4b-a26f-0a6de697918e,1
7929,77bf6eb6-90e8-4ed9-b6f6-dbfab9b49f85,1
7930,77c6ca05-48b1-4822-b82b-220c4e5f9b50,1
7931,77cb5391-990d-4442-92e3-6d20037c16f9,1
7932,77cc4546-fbb5-4f63-aefc-4dd94e4c7514,1
7933,77cea04b-10bc-4330-bb36-6112156836b8,1
7934,77d04742-2f17-4461-8f7a-a6e7e0207406,1
7935,77d11b5c-da95-4cd5-850a-47db7d5a0f15,1
7936,77d295eb-f92f-4162-a584-ceab236e8614,1
7937,77d621c0-6923-493f-b5e8-ec6aaf28ce68,1
7938,77e03a6f-fe76-42a0-ad62-b710c7870efa,1
7939,77e6b696-fe2e-48e0-aa82-9229e6ed9682,1
7940,77e8ebaa-01db-4424-b564-b0a7c224f483,0
7941,77ea6147-702e-436b-a27f-49b377f62a1b,1
7942,77ee0cbe-aa2c-4630-975a-33b1dd2a34f3,1
7943,77f9e67d-6304-40e7-8802-db8f6bda3017,1
7944,7800404d-54af-410c-95fe-db8e04e3756d,1
7945,780e4f8f-8129-451b-885c-b4e266a145b9,1
7946,781692e4-af08-4f11-8abc-a7cb756aee65,1
7947,781bec60-414c-4de1-b598-93fa99c827fc,1
7948,781c750b-d492-41d3-b4d6-d14255a37d93,1
7949,781f966c-efa8-40cf-a46c-ecc4bfe8356c,0
7950,7820b7a3-cb57-41cd-a9be-a3f01a172ae4,1
7951,78242c35-91eb-4ee9-89e9-725849b9e053,1
7952,78247295-dd99-460a-957b-daa1308d6705,1
7953,78269100-e772-4621-b2be-4e62284ac303,1
7954,78298ebd-7051-4f99-b573-e3f264a0df5c,1
7955,782a132a-9f36-4d52-be99-64f446152b76,0
7956,782b01c1-7a7e-4e43-8aed-6663d55aa290,0
7957,782ecb52-bcff-40e4-9f43-9c71b3e1bc15,1
7958,78308479-da1c-4df4-bda7-9e1ea89face0,1
7959,78322ab7-3bd5-4d0f-b3fe-3dcab2f18e3e,1
7960,7835f348-0636-406c-8137-d05125a3e12b,1
7961,78365fcd-68b8-4f66-8861-c272c1db096d,1
7962,7839ce48-67af-43ea-9c9a-6f37741b2eba,1
7963,7843798e-56ee-4bb8-8d59-73a51133d025,1
7964,7847a529-2d99-4df7-901a-15321eff8755,0
7965,7849536c-0879-4fda-9746-b12d04736cb1,1
7966,7849f705-32f3-4147-9281-21c3ac9cede4,0
7967,784b775c-aa7f-43d9-b0df-008284318c07,0
7968,784f19d0-17d9-4598-9f4d-a9b33909a134,1
7969,7853772f-e5e0-46de-ae92-335395fe623d,1
7970,7855e112-3658-4013-ac0a-c11be73cc1d9,1
7971,785ae6d3-28bc-4347-806d-f3afdbfb3900,1
7972,785b34f4-c5f6-483a-b3ba-49f8f29d0ad2,1
7973,785b7fae-1fcd-488d-95d5-ced1c3c558b2,0
7974,785f88aa-db74-4fa1-a8df-d6b39bf865ee,1
7975,785fdd78-55be-4a82-9a97-11c23badaead,0
7976,7860721c-aec7-49c9-bac4-1f9ca4656267,1
7977,78620fbe-e8d1-4392-97a1-fb492e582efd,1
7978,78630e4a-3727-4695-b385-0f4a526e4a5c,1
7979,786966fc-8c9b-4851-ad0b-5ac97665219c,1
7980,78712254-53ab-46ed-96aa-0975921b3305,1
7981,7876e869-db58-47ea-a030-b38f47b8b0f2,1
7982,787da775-762f-4153-8e3a-7869898c72be,0
7983,7880824b-864e-4c1f-b25b-88f8f463d90f,1
7984,788bb317-03e3-4bd2-a800-5166bca9b1c9,1
7985,788c87eb-852b-4b38-9927-9a9c92026d5e,1
7986,78975362-3fe2-4e19-ab43-92b97e86ff05,1
7987,78990e63-e884-4215-a576-e1ff40812965,1
7988,78a130a4-40af-4e04-ac1e-a457149cd00a,1
7989,78a62ea7-efc9-455d-b1d4-19e9f8a21a8e,1
7990,78ab1640-8275-42a8-912c-a206bba749a8,1
7991,78abaa59-ef04-4e63-b44a-da8b1bf1d110,1
7992,78b17c06-12a0-41c0-a724-86b4e5a41a12,1
7993,78b634ba-5672-4111-963c-cc6c889a01a9,1
7994,78b88da2-1e03-4363-9495-52ea98b69de3,1
7995,78bb800a-74eb-4dc8-8822-4c6af0db6ca8,1
7996,78be361a-7f4a-42b0-ad1e-4fde7ad39dc0,1
7997,78c0cf81-2bbc-4da8-8bb3-7d016e6b016d,1
7998,78c56acc-7787-44c7-b983-aebb5c327f9a,1
7999,78ce881e-c10f-48a8-993c-2adce06b3f09,1
8000,78cfc6dd-5647-4904-88eb-97444f6ebe80,1
8001,78d34198-e792-4c53-a957-1e728ae8ddc9,1
8002,78d4af67-0060-427a-a82e-972b33e02dcf,1
8003,78dde89f-0840-448f-9b8b-823f12f14e28,1
8004,78dfb801-104c-4809-a727-25495bc92eb7,1
8005,78e1da0a-1c8d-4da4-ae9c-716ba60b0be3,1
8006,78e2f54a-0bad-461f-86a4-8068669cb2a9,1
8007,78e4372b-90f0-4a0a-a3a2-02d57a9b3243,1
8008,78f5750a-ec4f-4936-8345-8245097c030f,0
8009,78fc0670-84fa-41ba-9aed-fc205d5dce01,0
8010,78fea450-9dd5-49f5-9e89-66d002e4082f,1
8011,7900615e-7329-47ae-afc9-d7b27465dd6d,1
8012,790510d2-2c06-43db-b255-03d1907408dd,1
8013,7907caaf-19c0-4e0f-9881-f4b381a4a55d,1
8014,790c043a-adfc-4f99-88cf-1a2ea12acc0b,1
8015,7914797b-4eb6-4ff0-b370-f0ad0327e1ce,1
8016,7914d300-a3c7-4954-9ebd-31ac40c5ea25,1
8017,791a4491-19d2-41f9-9c12-8d771fb5bb4d,1
8018,791b5d11-93ba-47d1-9e98-74428edc38ac,1
8019,791d0a82-47df-4239-9e50-28182eb6fbf5,0
8020,791ec091-4103-4533-b923-f383efb9f476,1
8021,792cf471-adb6-467f-809d-6207a35c96a3,0
8022,792d271c-33fc-4099-9cda-5b792de80dbb,1
8023,792d996c-642f-4870-be7a-243cb434aef3,1
8024,792da069-bd1e-4fb5-ab60-c0c120c5c2dd,1
8025,792f51e2-ad53-4481-bec3-9931ade8be8d,0
8026,792fe3f9-c931-490f-84e8-101a687eb925,1
8027,79320f73-5b55-45bc-8dde-4b7f844f95f6,1
8028,79337663-f72d-494a-8dab-5330921f1e50,1
8029,79347a31-d8f5-44ba-b6ac-81c1a1fda410,0
8030,79360945-90c5-4b16-8e3f-06dabdd1a236,1
8031,7936fba5-dfc1-4ac0-b203-0db66e6b58d2,0
8032,7940d1f0-07a6-4e50-9c89-6cdd540144a3,1
8033,79484529-e9fa-4c92-90eb-d1dc0943e38f,1
8034,794fb4f1-c7d8-4d4a-b0bc-9c4a038d42f7,1
8035,7952a17c-c00c-4168-9b07-dd44b2e9d762,1
8036,7957ddce-1c7f-448f-b6a8-6ea207ada659,1
8037,795bf097-2029-4aaf-b630-c3350e9ef178,1
8038,795c0f4b-52e7-4ac4-9336-55d0d7c740e4,1
8039,795e90cb-0400-497d-84ec-e1971798060b,1
8040,795f98b9-68e2-424f-9b66-9cdb8d9499c7,1
8041,7968b2d7-f2cf-46c7-8cc3-593c3dcdbf3c,1
8042,796c3b85-a858-444d-9ffd-5be541c00eb6,1
8043,79718740-5d81-4704-87d4-37ea04a7c6b2,1
8044,7974439d-df63-45df-9be0-8b24803ecf9f,1
8045,7974dfa5-4a5e-485d-8149-95ffd4440363,0
8046,79764fd2-5811-44bf-8686-e5c689cadeea,0
8047,79784914-e994-4a10-a9e4-3ba314b1aba7,1
8048,798608ef-1e08-4b1b-9dc8-33b782d14a8c,1
8049,798699f9-05bf-42df-b53a-1b7ccd87d3aa,0
8050,798b5bbf-c952-4302-b8e3-25a8a923b04e,1
8051,798fba59-9a97-4b27-9a0d-16d2a2508277,1
8052,7990c473-c29f-4b97-ade8-5341c020ba20,1
8053,79930471-bae8-4b91-a372-6fb87d18124f,1
8054,7994850b-3521-462d-b3f1-3d969a655e95,0
8055,79968f12-8565-4282-9c86-3ceb00d4fd80,1
8056,799a34e4-6e55-4de4-a521-121cfe4bbc22,1
8057,799ca090-ca74-4627-947d-0d8d55e89a59,0
8058,79a1b3e5-9671-408b-be15-93314a160461,1
8059,79b374ed-a890-45a1-95d2-9d45f7314de6,1
8060,79b510de-ee17-469b-a53d-ae5a9c9d336f,1
8061,79b76015-e505-48a0-baf0-d210b8c37eb5,1
8062,79b88838-8c81-46ce-96cf-671699a0fc70,1
8063,79be7a89-2632-4a56-9951-025266aedd17,0
8064,79d3b2c6-b528-49a6-be32-0f0df740ef86,1
8065,79d7e93f-49ee-4912-a51e-dcb9d42592e7,1
8066,79d97e31-3517-42f9-a9b8-d8202b8a9cf9,0
8067,79dbfcc0-344d-43a1-aeda-757c5b9432e4,1
8068,79e6f55a-1700-40f5-96b9-a9487b06f852,1
8069,79e7a567-150b-4e88-b68d-8fdc608d8072,0
8070,79f154e2-a185-4157-a976-6937b6efd76b,0
8071,79fa513d-2e59-4a87-9f20-60100e23582b,1
8072,79fdfd89-88ba-4fba-aed1-6da1f5bbd60a,1
8073,7a0333a4-f985-499d-9a1f-189a83435a6f,1
8074,7a07fc6d-413c-4753-b5b0-268506f5afbc,1
8075,7a0b226d-c69b-47e8-8584-de1c184be8a8,1
8076,7a0c3af4-7fc2-4f91-9783-f96b5522d285,1
8077,7a0ef056-4181-4f91-b385-7b8fb81bc4b6,0
8078,7a1990a0-5af4-4115-a4fc-caaaf1e52c07,0
8079,7a1a5cd4-2b5a-4f9a-9e72-f07398080ea6,1
8080,7a1bb230-dbc1-4037-a6ee-20602a600f5d,0
8081,7a1f6b13-934d-4e82-b0fc-7350744b8b3c,1
8082,7a228c69-42ff-4988-b20d-f51e3a14dcd1,1
8083,7a26114d-8eaf-42d4-977a-5ffe0f98f484,1
8084,7a29a80b-f56f-4d91-9cbf-5b96acfab587,0
8085,7a2d64d6-de60-4da1-9364-d4996f18c692,1
8086,7a2f90aa-5416-4097-a122-65a40c3da397,1
8087,7a33c7f3-d195-4b86-81bb-a9c5d3fc47b5,1
8088,7a348b59-f99a-4c6e-81a9-6d6132e0ce30,1
8089,7a3701f4-94c8-4a72-a6ff-c589c6340b72,1
8090,7a3c16df-8a4a-497d-b05e-a09b8c9025be,1
8091,7a4190bf-c9ef-493c-8f38-2411d0ced90c,0
8092,7a41a9d3-38c2-4197-9bc7-5217fa1fc077,1
8093,7a46bccb-7ece-45ba-8f5a-90e8a8a2a0a7,1
8094,7a514f98-e473-4ffd-916e-9932aab367f6,1
8095,7a531e4d-7241-477a-a0e9-c91f5f6a259a,1
8096,7a624a72-ca18-4c85-a8d1-1dfb85f84f2e,0
8097,7a7188aa-e737-44ed-a61c-05c3b83447ed,1
8098,7a7792b5-e0a8-4509-bf58-554e7806eef4,1
8099,7a80c80b-574c-4788-b532-d43def922174,1
8100,7a827a8e-85ed-47a2-a940-465c6b91ad4a,1
8101,7a84ebd8-a8d0-4f57-be46-e1f5aa74c77f,0
8102,7a8877fb-f7b1-4cc8-90e3-a8bf5fc8e8ad,0
8103,7a8a0d42-01aa-4f71-a04b-ee342652be6a,1
8104,7a91d980-0dbc-4108-b525-ed6e31daec16,1
8105,7a9753c3-94a6-4842-ae0b-f00be9d4d158,1
8106,7a9e8d14-0780-414d-9954-368055012dc7,0
8107,7aa86412-e278-4bd0-9375-ed6e87182507,1
8108,7aa928a0-af2a-479e-acf5-6fa60d3b3690,1
8109,7aa97025-f4f7-4d3b-b919-a0fde9bc94d2,0
8110,7ab453d5-fd01-43af-aa4a-ce60bd51178c,1
8111,7ab4643b-755f-4306-b3ae-305326909f7f,1
8112,7ab4acfa-680a-4582-85d5-58e1840fefd6,0
8113,7ac1fd76-44da-4634-b238-7f08bf1ff16d,1
8114,7ac616c2-cc63-46f7-8b4d-feaebb061288,1
8115,7ac76fe5-f7c9-4fa7-ad53-cba53a28c7f0,1
8116,7acb380b-9ef1-48f2-a24c-7312a59a9ad0,1
8117,7acd0472-6ace-48c6-9815-96c8d5839ffe,1
8118,7ad1dda9-08b5-4407-9b83-c0600af5097a,1
8119,7ad9c8e7-a1f4-4dfa-bfa4-7f287cd38bdd,1
8120,7ae19e34-64df-4016-8653-d32f1c0aa9f2,1
8121,7ae526c3-f515-43a1-aa0e-f95f1f612148,1
8122,7ae6c2db-f673-4110-88e1-3648d881c9db,1
8123,7ae7aecf-50cb-4cc9-9262-5a63eca101e0,1
8124,7aea3672-49cb-475b-a232-fe6d613652da,0
8125,7aef22dc-62be-4152-b93d-87044712dc6a,1
8126,7af7b042-dd5b-449b-86ca-7ce56132049a,1
8127,7afa8a23-2ecf-48d0-ad9e-7819196bb633,1
8128,7afe13c3-add9-470a-8141-42aca5fd06ef,1
8129,7aff3c80-0e52-40f6-9cff-d83fc3a082a8,0
8130,7b00aaeb-4dd9-4d94-a5e3-4001601e6981,1
8131,7b05b2c2-2986-4e62-badc-a6085251738d,1
8132,7b07c70a-10d1-4847-a986-fa257e931e22,1
8133,7b08a470-7f98-4e44-946b-796862250b20,1
8134,7b0be9b1-32d5-4d1b-a4df-912bf131a642,1
8135,7b0c4e29-19f6-4f27-881d-1afb0bc7c4de,1
8136,7b0f4c71-dc32-40bf-a045-5d85077664c1,1
8137,7b1132e5-aca9-43a3-a719-fdd8ef49b528,1
8138,7b17ed2c-0bb0-4d73-a941-096328564fd4,0
8139,7b1a679c-14fe-41dc-8cff-624a52fd8c88,1
8140,7b1af872-b18f-41df-aefb-5f9206e18804,1
8141,7b1c6e14-7efa-42f7-b617-160bb9ff1415,0
8142,7b1d9cd4-f0fd-4630-8415-f46f4a90710e,0
8143,7b2347fe-ea59-408f-b452-6baf9ff6a16c,1
8144,7b2504a8-47e5-4a68-a662-f47992f14fea,1
8145,7b26321c-47fd-4a16-8573-298a04a45abe,0
8146,7b2a46f7-f6ff-4ec6-ace5-62fb38ff9a30,1
8147,7b2ebd22-0a67-44cc-949b-bac286f1158d,1
8148,7b3141c9-e9d5-4244-b500-4f5587ffd7a6,1
8149,7b319256-40ec-401d-a9f0-4889cf2cb424,0
8150,7b36b923-2369-45fa-bff7-37af6b1d80f2,1
8151,7b38abbd-20cd-414f-8478-0ec35ca6c066,1
8152,7b3d3d43-da77-4d9f-a03e-69ae75af0a71,1
8153,7b407e26-6c61-48ec-8e63-b8dbba0a32e1,1
8154,7b449005-5a9f-4cb9-bb62-acab8e63e183,0
8155,7b4b55af-16b7-4fc1-8840-bbf7e536e2be,1
8156,7b4d066d-86a0-45fc-89b6-eb804016095f,1
8157,7b4dffae-4a47-45a6-8e7e-5c4b5f4d81bd,0
8158,7b4efcc6-7529-4aad-8ebd-6e29caaca13a,1
8159,7b4f0a8c-4a0f-479b-bfb7-fdf3ec2f1709,1
8160,7b527aea-c69e-4594-bbb4-9369a5f1530f,1
8161,7b547844-8570-4e13-be11-43b595453c7f,1
8162,7b5e79cb-086f-4962-a168-8e0c18134147,1
8163,7b60ce0e-0ce3-425c-9b4a-add0b4e0514c,1
8164,7b62280d-8b55-4e16-94c8-96b5c41bf6a1,0
8165,7b67025a-9e5d-48cf-87af-3ba2c17bef3c,0
8166,7b696318-4b16-43b1-82f4-b23e0e9868a9,1
8167,7b6963af-30d7-4f76-bb5a-458e96327746,1
8168,7b6b7875-0d32-4be0-b1c1-a636c56f6912,1
8169,7b6d3d49-4ccc-4402-96d5-aedcc0f2b6e6,0
8170,7b739b47-7759-4550-b55d-a15b019605e6,0
8171,7b7d7742-b53e-4f97-a052-a192b515a794,1
8172,7b7f5649-6bf8-4be3-bd7f-137832169085,0
8173,7b8d9ac4-6807-494b-90e8-737cdc2d998a,1
8174,7b8ed0b4-aafb-4d3f-adb7-ffa64c0e2580,1
8175,7b8f710c-1c3e-41af-966d-c64cf792f1fc,0
8176,7b9afef5-cbc7-4ce6-9342-523c9019e8d1,1
8177,7b9e6871-1dbc-433e-ab29-1f31fcf6d833,1
8178,7b9ee87d-bd30-4791-9790-c4e6eef9f554,0
8179,7ba5af3f-c2c3-4dcc-943b-e63be50eb85f,1
8180,7ba7398b-3faa-4e46-bc36-9d3ace169158,1
8181,7ba7c504-3c80-4ad7-a8ab-2fc1aad61afe,1
8182,7ba7e25f-9507-4c26-8a01-3e5607e7bbed,1
8183,7bad71db-3365-49bf-93f1-9d39f2e40b8f,1
8184,7bafeea3-b7b3-4138-960c-30852bc04fa1,0
8185,7bbb648b-15be-4d31-b4e5-7617f633455d,1
8186,7bbbc2f3-9300-464f-af39-7d1e806e0a57,1
8187,7bbced37-32d0-4e19-a69c-d66e6596f2a9,1
8188,7bc0640b-319e-425d-97ce-3934e39c4b9b,1
8189,7bc706d2-aed8-4403-9d0e-5873fd468ea7,1
8190,7bcdf100-396f-4aba-9f6f-7371cef6492a,0
8191,7bcf588a-3501-4374-af2c-f656e9028427,1
8192,7bd23ca0-176b-4f53-8660-79c2e2f37288,1
8193,7bd63bd0-d154-4922-9853-e80a4eb97716,0
8194,7bd9060e-0c1e-40e3-90e9-0bf27717d55c,0
8195,7bda90a5-a6fa-484b-9c40-c64561f099b1,1
8196,7bdc4c14-9029-4a5c-93d8-98d11acbd59d,1
8197,7bddf1da-d050-44ec-a9e5-31d65b87b662,0
8198,7bdfaadb-a699-4e6c-91fd-abfa80dc3d03,1
8199,7be154ca-0087-40f2-8939-37c60fa0d625,1
8200,7be62885-bfd6-459a-9dad-695f33e6073b,0
8201,7be6fc3d-585d-46bb-91a3-b1b4bae92212,1
8202,7be71121-9f46-4e2a-9c53-7d600d3babf7,1
8203,7be98941-f271-446f-990d-9d0322b2446f,0
8204,7bea0208-4670-42f2-8f35-a07834122829,1
8205,7bf49463-3c84-492c-a398-727609ae8647,1
8206,7bf845ba-2e48-410d-a373-f89214e7db1a,1
8207,7bf8d7a9-4585-49fb-abd3-23f28882f31f,1
8208,7bfc9ac9-a4d4-4536-86ea-2b3340a41be5,0
8209,7c0204ab-807e-43bf-9d74-59a09e24ffff,1
8210,7c02bfbf-5c2f-4f89-9df4-7eb8fb629663,0
8211,7c037046-bd9a-4350-8cb3-98a67ac16f2a,1
8212,7c068a93-4b00-4a30-a1a9-75a674cf6865,1
8213,7c0b98cd-1853-4a77-9cbd-cec53b4f82bc,1
8214,7c0e95e5-58da-4978-9a6c-8ccafc9a73b0,1
8215,7c0feb1e-0dc9-4b19-a517-7ceee647504b,1
8216,7c160cd9-0ce2-4786-853d-f4c9c4a605e1,1
8217,7c17081b-4cc3-4165-a5cb-6a31b0d49dec,1
8218,7c196a7c-8395-4319-a25f-ec7a9369346a,1
8219,7c271c54-010e-45ac-aae7-0595bb663982,1
8220,7c272070-8d01-4283-ae93-8c853d4d3d20,1
8221,7c29d8d6-5578-4b8c-9584-5feb1d2774a2,1
8222,7c2a05c6-d2c6-4489-a311-af1221ff8f20,0
8223,7c2f8328-de75-4d06-9157-24480e57b2bf,1
8224,7c345040-6d62-4659-8523-2263b6fe02c0,1
8225,7c398770-e9f0-4a61-a3e7-3cfe3974a56d,0
8226,7c43c512-3807-4da2-90f9-60d514f5f73b,1
8227,7c4632a5-09ec-49b5-a996-05cb87de9369,1
8228,7c4a2bbd-86a2-4959-b4fb-bb2eb1da36ef,1
8229,7c4ed2fd-4895-4bd8-a14a-8456b9a4556a,1
8230,7c4f7ec2-531f-4540-85b8-4a6122d13568,0
8231,7c4fb344-582f-4511-82d0-e7781de08e36,1
8232,7c4fdaba-b822-4bc1-9fb1-df86cd5aae91,0
8233,7c53b6d4-11bc-430d-b80c-aca32f6556ad,1
8234,7c572d1f-175d-4c40-94a0-5a5480972214,0
8235,7c5ab106-0e0f-4f8a-93e0-ed7a4052abf7,1
8236,7c5ade1c-4517-43a2-83ba-668a6e656347,1
8237,7c606a73-4b6c-40d4-be0c-1c5fe5e11677,0
8238,7c62ca34-985f-4bfd-9e0e-6576734274b3,1
8239,7c6f3565-57d8-4500-8726-39c25e0feb9a,0
8240,7c7162cb-adc4-4466-9b05-4f0918c84980,1
8241,7c7475c1-5a44-4371-965d-910365fba190,1
8242,7c7ccea3-00a0-4cef-90b5-dfc7af735257,1
8243,7c7f72ae-5adf-4961-8bb9-3784ebd1e570,1
8244,7c7fa60f-81cf-4ad4-9a1a-0b2df4e73170,0
8245,7c80ab27-2af8-41b4-bddf-70eaaf89594a,0
8246,7c81fcfd-800f-472a-8a83-d38ae617a3f4,1
8247,7c8290f8-baa7-4268-9d6f-6f94eaeda810,1
8248,7c878163-97be-46b3-bcf6-161caed24ef0,1
8249,7c87ffb4-3f9d-461c-a976-042f2d15d1d2,0
8250,7c8d71c8-2225-48aa-baa6-fd763d9831a6,1
8251,7c92818d-8e22-4a9a-9acf-8107dbc0390f,1
8252,7c953422-36de-4d14-9fcf-a286f678ad34,1
8253,7c99dacd-6003-436b-8e1c-b19c74ca32ab,1
8254,7c9aa6bc-54df-453b-add7-eb6d5d9db2df,1
8255,7c9b45be-3e12-489c-b7c9-383540b6e8b8,1
8256,7ca06e83-2c1d-4538-883a-0948edc2f299,1
8257,7cac2357-b194-4685-8233-3deef79f97d2,1
8258,7cb05bb0-0998-40e1-b9f0-99fd9480aa03,1
8259,7cb12c33-fdf5-4cc0-89b3-e4ce608c6849,0
8260,7cb2df26-747b-44ee-95d9-aaa8d0e4bf09,1
8261,7cb7a0c8-45ff-446a-9037-efe733484952,1
8262,7cb7c227-1d4d-4a91-8281-2270ea0f860d,1
8263,7cbc46d8-ffbf-4372-9bce-ea7cf61851fd,1
8264,7cc15495-ce05-4176-a95a-563289854bf1,1
8265,7cc1d6f4-fc20-4bad-9959-80990882256a,1
8266,7cc3e435-4af1-4cdd-aff0-2849d0bff406,1
8267,7cc68585-9f37-47e7-a845-25f96e7471b0,0
8268,7ccb9c92-737d-4a37-abfa-7ab54372f9ed,1
8269,7ccdb388-a20c-4866-aed6-09b3d0d1424b,1
8270,7ccdd0e8-d9f9-4e7d-a7f5-0100240e4000,1
8271,7ccdf0b3-bae6-49ce-b61e-e9c373ec8370,1
8272,7cce8818-4653-4db5-81ff-4fea45fd329d,1
8273,7cd73def-b2aa-4d13-ae93-6ec896176cdf,1
8274,7cd861ac-ed8d-409a-aa30-a4d3648d7dde,1
8275,7cdc5df7-b69b-4128-bd56-2576fd5d556a,1
8276,7cdfac8c-ffda-47fb-83ba-d85e1282eece,1
8277,7ce1102e-fc6b-4ac2-8426-346224503c18,1
8278,7ce4ed61-ce4c-404f-a96d-32f3397ed4c3,1
8279,7ce7420d-d48c-4ba2-82a1-bafdcdbd1733,1
8280,7ce74404-88cb-4380-aff4-674e646f1ecd,0
8281,7ce7e72a-c832-480c-8d3c-08d2b7e077ea,1
8282,7cf3ce5b-3403-45fa-a166-f27b38cf0ae1,1
8283,7cf426e2-ea82-44d0-892c-2c65eabdc192,1
8284,7cf9bdce-492e-49c7-ad36-b1fde13bc0c3,1
8285,7cfd2362-f0d2-4ec8-8c35-0a332a89c336,1
8286,7cfff98c-64ab-4144-a15c-7974ea5db5ea,0
8287,7d036e5c-64de-47b2-941f-5b694ca4e0c4,1
8288,7d05a3e7-56d6-4fb1-9c64-5f235f8b05bd,0
8289,7d0c46a4-6b9f-4cf1-8b59-c8ae3b061a63,1
8290,7d1bfc9f-a67c-4c27-9865-ea05895973d2,1
8291,7d20ee61-e976-4971-9eac-a1a6160cfc2a,1
8292,7d2f4fde-1aea-4a6a-80fe-670c8c6af528,1
8293,7d314dfa-9491-42e0-8957-79d76df6a1c6,0
8294,7d326f18-3371-41d0-bbb6-4765ff1790ec,1
8295,7d33bd3c-20c7-4b71-8299-809a77007e21,1
8296,7d3487eb-cd50-4f91-a94a-bad673c0cea4,1
8297,7d3aa53b-389b-43dc-bcdd-88063ff6ce55,1
8298,7d3cbdcb-06d6-47e1-abe7-b46fb0e0aa53,0
8299,7d3e4347-dfeb-4590-a9f0-89ce05387c4d,1
8300,7d3ec094-0fe8-4488-9d67-f3ec98996c32,1
8301,7d4d4aa4-9c2d-4b55-9616-35848a5dd184,1
8302,7d5142b4-af4a-4ef6-8658-f0061aa5be96,1
8303,7d548484-c991-4da3-869f-a3a128ce52fb,1
8304,7d5b9f10-25f8-4f28-8fd6-ed7754b86b90,1
8305,7d6072de-a057-4a3c-bdc2-86d35ac2e77d,1
8306,7d70f512-741c-4a99-81a5-84caaf0b82b5,0
8307,7d72ae00-19ed-47eb-8099-7e7b68c2194b,0
8308,7d72bf3e-6687-4172-83eb-2e706efa023f,1
8309,7d7354ea-30eb-45f2-a005-103af8ff8e30,1
8310,7d7b24ec-a148-40f0-9bcb-09548a86e657,1
8311,7d7beb66-b60f-4864-bf57-916049e73119,1
8312,7d7ec0ae-d27e-4f54-9723-efd14f19751d,1
8313,7d8262e3-c87f-4b98-9c5e-d2878ab73706,0
8314,7d8d17ff-8069-4397-bfa0-79b84db8bdf9,1
8315,7d950b28-615c-472f-8f94-4072aacab826,1
8316,7d96aeea-98ff-41d7-9f71-645c56dfef06,1
8317,7d974205-e22b-4fff-8b7e-10cffa48d337,1
8318,7d9bf43d-eb7c-4b50-ab30-c1a0d435709d,1
8319,7d9eb971-8563-4063-b912-24c48007628c,1
8320,7da08bb4-6948-4092-b74d-bbba4e058466,0
8321,7da1fe83-b9fa-4be2-b378-4cf083b605d5,0
8322,7dabb132-dc61-4a80-8d16-3024061a996e,1
8323,7dac848b-9b8c-4b6f-a172-ff55902c1746,1
8324,7db5e956-7222-4654-9e11-2e889212e21f,0
8325,7dbc198c-e308-4885-9028-55b9c8d61ba6,0
8326,7dbc5fe0-a0cc-4c70-8e5b-bddc83ffee9c,1
8327,7dbd9b3e-6b35-4869-aefc-218b36165447,0
8328,7dbe85ca-28b1-4a37-85f6-6458c4c3d6f1,1
8329,7dc2422f-a539-4811-bcd5-0b1d0af9f561,1
8330,7dc3f00f-bdf4-4355-aee3-68126bdd3bc4,1
8331,7dcba2bb-bd4e-4bec-be94-720ccd5cb993,0
8332,7dcd1d35-cf92-45d4-aa7b-99790df6cdc3,1
8333,7dce84a5-e12e-4ed9-87ed-35811d28da7f,0
8334,7dd11041-870d-4d06-a6e2-525e16479b62,0
8335,7ddaa8db-6ceb-47ab-ae2c-1775735e3340,1
8336,7ddb152b-c859-44d2-8507-99284bcba8ed,1
8337,7ddc1849-6bbf-4db5-a711-d07e9b5c7b6e,0
8338,7de03aca-42bc-4023-aa05-9e2ee439498c,1
8339,7deddde8-245b-4259-8539-6f9a81d53fbf,0
8340,7df57298-a814-4cb9-8038-138fcc31c6de,1
8341,7df5e24d-fb2a-41d6-bc60-31c7baa27943,1
8342,7df75307-0863-470a-8db0-ca91ff156cfc,0
8343,7df7f67c-4fd1-4d77-bff4-84d71c3d15db,0
8344,7e0853dd-af29-46d0-8b52-105ed8f8d43d,1
8345,7e09ad7f-0604-4255-8b93-06cc722d7bb4,1
8346,7e0f2dfe-1ed2-4a4f-b571-ef28838fb0ea,1
8347,7e0ff07f-6ece-40eb-884a-9339049126e0,1
8348,7e1b768d-67b3-4ca3-a20a-000c7cc3ec7b,1
8349,7e27485f-b464-4ff3-ba77-a1ea2e218de7,1
8350,7e2dc887-a1f4-44d5-996b-776dd82b8987,0
8351,7e2dd895-1f6c-4adb-bde8-52467093c039,1
8352,7e2fe61a-ecac-4d4e-91a5-f6d25d980958,1
8353,7e37e6d2-8b03-4104-9d19-4acfedf90985,1
8354,7e3a185b-ad31-4349-9b6e-23e91ad172b6,1
8355,7e3bba23-bf1c-410a-8c87-84c5bc626a5b,1
8356,7e4341ad-de68-4ef6-ba7c-0b40ec7d9e8a,1
8357,7e43fb94-86b1-4b04-b658-85f01da73c7d,0
8358,7e4b1a24-525c-451f-9a34-cef8211a50e1,0
8359,7e4fabbc-cf7c-46ce-b06b-cc4b9170ddd9,0
8360,7e51f553-fd3c-4383-be31-fb6f899aa68d,1
8361,7e5dc30c-298b-4dd2-9dfd-eae9095e3f1a,0
8362,7e5fb329-b22b-4a71-9500-adb416aaee2b,1
8363,7e63123f-f45d-49b0-99ee-5d9b3c681f45,1
8364,7e6458b4-f174-4e79-ace5-e75f4c6884fe,0
8365,7e6a4957-12c8-400b-a023-6d8b9fd01b2b,1
8366,7e6b32eb-d639-48d1-b185-4f969788203d,1
8367,7e6c8a3b-80c4-4d20-86cb-603cb5d4d0e9,0
8368,7e70a37f-e7a2-4484-9927-748707d62e06,0
8369,7e711860-d49c-4249-8ee9-65bd614be605,1
8370,7e769b7c-759d-434f-b45a-e3a2fd2b6ed3,1
8371,7e76f9fe-ca4b-4694-8a2d-8baad93bf4da,1
8372,7e772689-8b2b-4b69-8f4d-45c3e530e95e,1
8373,7e7c47f6-cdff-485b-8425-7302d062b157,1
8374,7e8087f4-8542-4b12-84d9-285421020530,0
8375,7e8a90ef-a137-4d9a-9a42-0c36ef4477fb,0
8376,7e8f7d34-5a68-47ee-99a0-5bf271617043,1
8377,7e91c9c1-e95a-4590-ada0-be6ff0e057fc,1
8378,7e9ce01b-e43a-42b8-b319-02f6f58c2a41,1
8379,7e9e66fd-112f-4530-a977-da30e5916880,0
8380,7ea1defd-0403-4d6e-9219-d75b22a8a4b3,0
8381,7ea35376-6ce6-4a5a-8d43-3cb80ace0e0d,1
8382,7eb10e7a-b762-4192-aafc-426f4e29dd93,1
8383,7eb132bb-1816-4c58-9a37-22a5a6e0d104,1
8384,7eb5de77-7b54-402f-a09b-4f0886a9b503,1
8385,7ebab678-a060-45b3-ba8c-5e6abaed9aaf,1
8386,7ec1eda7-f95d-43ed-8002-2dfb42cdb53b,0
8387,7ec61029-3e29-40e1-ab89-c2cdb6e3d0c1,0
8388,7ec749d3-2c3d-44da-8823-b55f1f28e69c,1
8389,7ece1bc1-5424-438b-9e2d-c8f486908ea1,1
8390,7ecefa5f-0ae6-4a4d-a5c1-cc242e0c0583,1
8391,7ed0bab0-278d-4e94-a5b2-dfdf2f43e7d6,1
8392,7ed36c7b-47f2-468d-a046-f6d9a676f30f,1
8393,7ed46d83-3970-4859-884a-e108ebf1639a,1
8394,7ed6c702-a795-4938-a46b-2982cc3886fc,1
8395,7edbb92e-11fd-4c98-abfd-9a50e540c02a,0
8396,7edd2a9e-6514-43dc-86cd-b78a9445c2dc,1
8397,7ede4122-96ff-47a6-9dd2-29fede9ad31f,1
8398,7edee5dd-c1bd-4f3d-b9b3-77c3b41e61f9,1
8399,7ee51511-acd1-42cf-8995-f7692bae6ca7,1
8400,7ef272a2-f748-4d3f-b5c9-9021c1659f14,1
8401,7ef93ed0-0f14-4dda-8465-a2087151d948,1
8402,7efbb850-0f0b-42da-a920-18d3312c109d,0
8403,7efff8cc-4cdb-4294-bcee-26c61aa7f348,1
8404,7f094aa4-881e-42aa-8228-21bcd23d4aeb,0
8405,7f0ed51c-cd7a-4eda-999c-e2044db3d0d2,1
8406,7f160cda-28e7-454e-902f-d66b1b5a3fd8,1
8407,7f1bbe5a-97ea-4866-a978-321cc3a3c060,1
8408,7f1bd303-0d99-41f2-975b-370010de7005,1
8409,7f24adee-5d5a-4aae-886d-7c111606b8db,1
8410,7f24c771-c5e9-4977-9090-86dd5bc1583b,1
8411,7f25cdb4-d613-4438-ab0e-e6e44c7daf1b,1
8412,7f318891-bf6d-4f1c-99a2-9288ce1ed49b,1
8413,7f34cac9-929b-4de5-99af-5887d6af98f4,1
8414,7f3dc864-63d8-416c-be7e-596c9a7dd61b,1
8415,7f405415-4733-4102-896d-1f4130e3e6a7,1
8416,7f415949-5147-4ab6-8224-be1c7153646b,1
8417,7f426786-937e-4c8f-825a-3c8bde71a431,1
8418,7f501747-430d-407e-a35d-24165f275cdd,0
8419,7f585d58-a5e0-4d63-9b89-8753e4db6e79,1
8420,7f5f382b-14a5-4bf8-8c2d-87fe90d6a792,1
8421,7f5feaec-c97c-4d77-a41d-f2421541c554,1
8422,7f6225db-9b89-43d2-91b4-2390167c8e4c,1
8423,7f65a9ee-cedf-4dc7-8c19-e555cad73db9,1
8424,7f667bec-917d-4857-9f20-2959cc42e57b,1
8425,7f6783be-18f2-44c2-bbff-e94be2cf41d0,1
8426,7f67cc6a-8f1e-43e3-8e4d-81a28775ad4d,1
8427,7f6e4b78-ec48-4700-9742-44d359de2c6a,1
8428,7f6feed0-8095-46a3-ab49-f14345d830db,1
8429,7f76d2a3-29e4-4cb3-b215-d77cf3cb78a8,1
8430,7f77743c-1415-42ae-bcad-d01d88613d00,1
8431,7f7916c0-2ddf-4927-85ae-479c46a04c65,1
8432,7f85db14-0ec7-49bb-bff2-647860a24747,1
8433,7f878c60-900d-4855-a75c-499ecdb4f218,1
8434,7f8abb5f-ae0b-4598-9364-a6d56974ddf6,1
8435,7f91f6fa-2522-443c-94d1-bd54deb5335b,1
8436,7f968eea-baa8-4bba-8f7a-1b0545ebb944,1
8437,7f99ef90-2cd3-4809-bab8-d39923a35a02,1
8438,7f9d1618-4e81-4408-bf57-5a6441c24ca0,1
8439,7fb02b30-4650-4846-8ec6-8b72af595ce3,1
8440,7fb8fe7e-4f18-4a65-af67-0008c1658c07,1
8441,7fbe4322-f4c3-416b-b427-3eeb5a12e38d,1
8442,7fc064c4-3cbe-40d4-b6ed-86d825ee3df6,1
8443,7fc3901e-ee4b-44e0-b6e1-8a2f8b4c8f40,0
8444,7fc5d637-4162-4f30-8870-2c8e4ec5021c,1
8445,7fcb08f6-4fc4-4dcd-b4c1-9d089e4ca6f5,1
8446,7fd66528-1418-4c7f-8b8d-cdc8833147b9,1
8447,7fdb5fe6-4829-488f-9ed6-cf557de14e4e,1
8448,7fdfa19d-1d09-4ef5-b375-e2b19bb20ed3,1
8449,7fe3efe6-8e00-4786-8116-e12c97656a8c,1
8450,7fe515ff-3e06-47ff-b1aa-c50fdb1c3dbd,0
8451,7fe6d9d9-5801-41fd-b353-9d32b73f8a73,1
8452,7fe7304b-69bf-4ebc-942b-1369c5b5eec6,1
8453,7fe80f3c-b91c-42c2-879a-56306eb9608c,1
8454,7fec84d5-6c58-4cc8-b217-47e9fe22cd18,1
8455,7fecbf7b-bb35-4d0c-86ef-d703efd5ca7c,1
8456,7fee3905-3cbf-441b-b1b1-f991594324fe,1
8457,7fef164d-175b-4c8c-9bea-be3b8bfb5ea1,1
8458,7ff2b48a-6773-4e9b-9bdf-5cb744c26fd9,1
8459,7ff6cb4b-82e8-4e68-a552-b3769cd305c8,1
8460,7ffbd163-3c9d-4e79-bb94-a3dd0d8ae84f,1
8461,7ffc75f6-35b2-40f4-b3cf-ef67718b293a,0
8462,7ffcd44e-daec-431c-93ee-59de4ed3eda9,1
8463,7ffe0573-da2b-4df3-85ef-dbcc07cf8c43,1
8464,8000d13b-3e38-4110-9343-65938e594aa9,1
8465,8000e499-8a88-4441-b950-980fbc546f16,1
8466,80012b9a-0245-4178-a5e0-82d12d605e73,1
8467,80024ace-21bb-4879-8138-c76137021232,1
8468,8003c66c-58f9-4abc-8ce8-338bde744ce5,1
8469,80083c85-fe4c-412a-b738-4a6ecc227874,1
8470,8008e6c8-479d-43b4-8e33-b7c0e4fad07e,1
8471,800aeb5d-d256-4268-b91d-6cfd7659cfd4,1
8472,800c2cf1-84bc-472d-809c-9eb1e8f680e8,1
8473,800eba17-a936-458c-9ca5-fb3010f499c2,0
8474,800f41e5-bc7f-4d0a-b370-614c79165c40,1
8475,80118e66-0cbf-414d-ac78-afa7e278d6eb,1
8476,8011a2bb-4ce5-4556-a288-9eeffc6b0b07,1
8477,801784d0-38d6-49e8-be78-bea140398a33,1
8478,801861d4-309a-4711-9471-93432eba7f21,1
8479,801b432b-3b2c-42b4-8c83-f4002a69c01a,1
8480,801b5c34-2782-4e0b-96fe-3732faf4d26f,1
8481,8028f7d7-b4bd-4f86-900c-c4051b5b857e,1
8482,80299f3e-62b1-4be6-b731-970a42aeb7ed,1
8483,802c84ce-d8d5-43fc-bccb-7996405b9583,0
8484,80312532-7f96-41bc-b366-0b64074a779d,1
8485,80321bff-0213-4ef0-99b5-1ebaec7eb7d5,0
8486,8033844e-98d2-4eb4-a37a-14655dc6e3f3,1
8487,803552d4-8952-455c-836b-817aa05b48fb,1
8488,80372bc0-9920-41bf-88c5-4d6751c38707,1
8489,80439ceb-edcd-4804-a1e7-2152f28a6ba1,0
8490,804522f0-0d3f-43b4-9d5f-d68fa6db5a60,1
8491,804a9683-07f4-4bb7-a149-7351030a74f8,1
8492,804cd151-bbf4-43a9-a165-355ad87e0dc5,1
8493,8051ccce-ccbf-4f47-a74c-90d799b0de11,1
8494,805970e2-c285-4434-8a2b-3795c0af514f,1
8495,8063e681-9f9d-4fd9-97d3-e53a09c45bde,0
8496,806b686a-dcbe-4bf5-b229-9fd8d3de373d,1
8497,806e5ac4-ef87-4b41-a543-2ef748d5f74e,1
8498,80768d49-e273-49a7-8021-2c0eb1203674,0
8499,8077d2ed-fb55-4a98-9ece-ab00c320f694,0
8500,807cc19a-61c3-4900-ba36-8476c0875165,1
8501,807da23f-f003-4627-867c-b213b3b5c16e,1
8502,80890eef-eff0-47c6-9bfa-971956ffb8b2,1
8503,80898bd1-69cc-42f1-a97e-77ae0726dd41,1
8504,808cc687-ee71-403b-9ce6-adb7acb31ca8,0
8505,808d7fe6-3ecb-4447-83c1-87635d8923f9,1
8506,8096a4aa-0ca6-4864-9e85-47cfdec1c0f5,1
8507,80970ff0-7a3d-4097-b024-9bf87b95e7ff,1
8508,809b6ed7-33a8-4519-8d7a-cf5639df41a8,1
8509,809b823b-1a0d-46bd-a471-baff4552cb11,1
8510,80a48a3d-ceea-41d9-8088-72b52c00c5c1,1
8511,80a706c4-37de-43a8-b170-163a8336144d,1
8512,80ac65b3-0847-46f8-a543-27fd2b3ada51,1
8513,80ac6964-eb06-41b7-8b27-837de75cc809,1
8514,80acef5e-ded2-40e2-af13-cac67d704138,0
8515,80ae8977-2fb2-4540-8391-3af380b6e827,0
8516,80b26db6-4c4f-437c-9266-62bd4f43e511,0
8517,80b6b638-a296-4866-afa4-c258450260f9,1
8518,80ba6269-1542-4f31-831e-4430e2055446,0
8519,80c1db69-a5fc-4587-b52e-f4273a60f359,0
8520,80cd8979-92f5-4696-be0d-06d113579d23,1
8521,80cfddb8-5b13-43a8-960b-92a32d46438a,1
8522,80d2af2f-62e9-4d35-8e3f-a1a13190253f,1
8523,80d6c272-d752-4ad3-b8b0-8ccff350822a,1
8524,80dd6e2b-7c67-4aa0-acc1-5209612bf876,1
8525,80e36378-5d6a-431b-83b1-73a4e2a6fe92,1
8526,80e435d6-8a02-4cc2-b37d-f74a57a7d97e,1
8527,80e52305-c699-48da-b2f6-81b4b14ce71f,1
8528,80e550bd-f3ec-4273-b094-d789ce0e3aed,1
8529,80e7a303-7c85-4219-ad4e-d16274604d13,1
8530,80e8f6af-0402-43cc-9caf-0dab98e21070,1
8531,80ea689d-4523-4032-b931-e13982f61300,1
8532,80ecf01f-e9f3-42fa-9a0f-fadb253d0e25,0
8533,80ee2302-c8a1-4d28-941c-6ee8209f69df,1
8534,80ef13e0-3286-4821-aff6-c9cf19acf0b6,0
8535,80f2c157-0362-4532-94b3-225bbc2f26b6,0
8536,80f3440b-07d9-4eb3-a27c-e87fa8cbae50,0
8537,80f733ac-3246-4159-bde6-796aca23199f,1
8538,80f77bc7-5cf2-4869-90fb-cea12f5602bd,0
8539,80f8c26a-881f-498e-bb5c-58132b7be857,1
8540,80fb3cff-5d01-4372-9842-69b0c4722d2e,1
8541,80fe5ca2-2b32-4d8d-b79b-16db8aed6b9b,1
8542,8104c78b-6f31-42b1-b426-0fd0c966992c,1
8543,810f5052-9690-4b4e-8bbf-6df43c58a2ef,0
8544,811770cd-5697-42a3-98a7-b8bd9c498373,1
8545,811e53c1-a817-4d1c-bc02-128ed74b00ab,1
8546,8121e420-ad2d-49c9-8837-dba1535b528f,1
8547,8122c72e-974e-409f-9c3d-15b01fb8a990,1
8548,8125192f-5ccd-41b9-baa6-3117259d5344,1
8549,81260a82-b481-4abb-89ac-dbb31fb969ec,0
8550,8128463e-50ad-4b0a-9b15-6971ed817c9b,1
8551,812f8835-61ed-41ed-b841-856f9643d838,1
8552,8136b25b-6420-4674-a93e-2b197f3ac6d7,1
8553,813d51d5-fb9c-4af3-8e2e-ce289c8d1d5b,0
8554,813f510e-362b-4f94-bd7d-234f498f3bc5,1
8555,81420e78-5e0f-4d8c-8fc2-8f44c73588ff,1
8556,8143c9b9-9c3c-4269-80dc-639d0efe6d63,1
8557,814b2e81-8b96-4662-b344-d0b0c9452d45,1
8558,814c1623-b198-41f4-9a18-e8d8f345cb95,1
8559,814df6f9-9f70-41dc-a34e-08e7c63ccb01,1
8560,81555fe4-960e-4be6-bae3-f0659765192e,0
8561,815a467d-8b16-4fea-b88a-53b642b3a0d0,1
8562,81654a45-fd8a-4bbd-94ce-7bc84e3f8e71,1
8563,816b7769-9b8b-426d-a521-22bf2e708db9,0
8564,817292fb-6e5d-47aa-a846-11c6a8ff69bb,1
8565,81829fac-054b-4a31-b4f0-33f54b6136aa,0
8566,81837320-f4eb-41d9-9d95-d709d51719ed,1
8567,818f1047-e5dd-43f6-9bd0-c6d3704600ed,0
8568,8191aa36-3e19-43d7-9861-0c3fe034da5e,1
8569,8193f212-2bdd-4d96-ada2-790c38f22862,0
8570,819f1154-defc-4149-971a-8c636441065b,1
8571,81a031fa-a22a-43e9-93ab-053c23c5bbcc,1
8572,81a2f91f-f336-4c72-b7fe-d47185816e34,1
8573,81a7a707-f92f-4f2b-8a99-033598d8b06e,0
8574,81a8f116-de40-4818-9b2c-2340cb5686db,1
8575,81ad3e17-d781-494d-bb2e-25d8923011ee,1
8576,81aecb9c-1f61-43a7-b5f8-a0f7f2f4de8c,1
8577,81b20f0b-13d7-430e-9223-6c56a1603b8c,1
8578,81b7eb15-5bb8-49be-b8bd-a44952876db4,0
8579,81b85462-bc62-4579-ace7-6452ae552f54,1
8580,81b95096-afd6-4309-825f-0d063cf476b4,1
8581,81bee670-6984-4f4d-933c-1f306cbdcb06,0
8582,81c1e48e-98af-43ae-9085-43967ba21279,1
8583,81c3cd6e-b0fa-4063-9cc8-f48814a1d88f,1
8584,81c91e97-5451-42cf-b996-10222758ffaa,1
8585,81cbc472-0112-4f7e-9c01-c5cd52fb989f,0
8586,81cfae65-1708-4673-95a7-33e7b70cb4cc,0
8587,81d156d6-bdff-4211-bb5e-d148165a80d6,0
8588,81d87d23-eda0-4e0f-8f24-fda955385e7f,1
8589,81db3676-8fc5-43d2-828f-d783c676f0c6,1
8590,81dbd75a-cac5-4daf-813f-da8b24ed613c,1
8591,81dfb202-2d94-48aa-822d-0585685cae80,1
8592,81e06c09-1729-4837-be03-829f95d13d42,1
8593,81e56342-7092-4228-9a55-0751cf843e1b,1
8594,81eee98e-2418-4579-9cdd-cccda546dcc6,0
8595,81ef812e-41a2-4280-a845-aa02507efce1,1
8596,81f4e76c-2020-43d0-b4c2-591fb68e0176,0
8597,81f54a79-dca7-4cfd-bcf0-5aa78a7e29c8,1
8598,81faadc8-c6f7-4793-b159-89a8e3fd58c4,1
8599,81fd6a15-b88d-43d6-a0d4-181590b7cd92,1
8600,821cfc6c-f4d4-445b-a9c5-dc3151125f55,1
8601,8223ae8f-5ce2-4e84-8cbb-199e9f5d2988,1
8602,8238c889-9c37-441e-a0ba-30e1fea14e29,1
8603,8244e41d-5ecb-4f48-88a6-9ab1e62619d9,1
8604,82477541-7506-44ea-af7d-0fd942ca683f,0
8605,82504370-78b0-4847-9903-43f7f07bb5ae,1
8606,8254f10a-a208-4c2b-b83e-acbb201d3b87,1
8607,8255c7d1-3b1a-4662-b443-c1055e9b6501,1
8608,8256a46d-86a4-4359-a0a3-64a75e402068,0
8609,82598118-870a-4927-9435-08b3819d07a3,1
8610,825a4c65-71e3-4be9-af97-79a86c9003d9,1
8611,825aa33e-1acb-4c2e-8ba8-68996ecf7591,1
8612,825c5d21-8c72-49ad-a7ea-16a48a6a91fb,1
8613,8260a6fb-78f5-4d1c-850c-1920e84dd9e3,0
8614,82679aba-dba4-4f34-aae7-4a12ae65182b,0
8615,8270c330-7157-4241-a015-8cdc9182cd80,1
8616,82753955-eaf6-4627-a763-9c6541bd91e5,1
8617,827695ca-d2d8-4eca-a717-86a39a6171dd,0
8618,8277a66b-e041-47b7-97c9-7114b68044fc,0
8619,8279b924-1b12-4152-b28a-51a24bbcfe2f,0
8620,8279d05a-e89a-4f52-8528-0c8730a438e7,1
8621,827af32a-6916-4e80-84a7-04ab9ed31ad9,1
8622,827dc37e-b2e4-4a37-82d2-9c6eee525458,1
8623,8283064a-6860-461c-9c2f-7448922dd265,1
8624,8284c3d1-cae5-4ef8-969c-24faeb3f3aad,1
8625,82887734-4cd8-4606-9f22-2618ab74b466,1
8626,82894325-495a-497e-9dce-5fed7412a0c7,1
8627,828b9180-ad08-4eda-ad88-5ba933bcc0a4,1
8628,82917b88-ee3d-4000-8291-60a6132ade50,1
8629,8292cac2-6664-4fde-a2d1-afe18fdcef9d,1
8630,82964cb8-5c51-4ddd-841a-bac4125c5aa0,1
8631,829b09ff-86f3-4e9e-8bba-6d9ec16c5a9d,0
8632,829c5a55-7d0e-453e-9de4-83283ab2b77c,1
8633,82b4acda-9f47-44d4-af62-2f7cd5ab3c83,0
8634,82b69f84-1808-4eb2-b9ce-472e89f94b16,1
8635,82b71fb7-335e-4b1d-811a-fad249ef17bf,1
8636,82bcc5bf-0ec2-4757-984c-77a4b07ec794,1
8637,82bda0ca-5026-4e4c-8010-19a90b02bd1a,0
8638,82c47078-b4b6-4937-8c20-4bf14954d8c8,0
8639,82d2b361-e3b3-47c5-a635-e381f0c7362c,1
8640,82d33504-03af-4d11-acfb-72eed51c4425,0
8641,82d3e860-78d0-497e-bfe6-cbd21305d1d3,1
8642,82d80a79-ce52-4186-bf68-a12feced9065,1
8643,82d8314b-8f10-44db-b156-21d9a8801a86,1
8644,82e035d9-2766-4575-8f55-527cd5273e92,0
8645,82e075e6-1bf1-4da4-83bb-bc181ba5587d,0
8646,82e93acf-e952-4dcb-a29c-58650d5dc7c9,0
8647,82f114c4-ff7d-4221-9f15-64de011fd2c1,1
8648,82f8d5f2-0054-4857-a0f0-2100c5df347d,1
8649,82f9f87a-4b94-46b1-b5ad-bac0b79580b0,1
8650,83012552-25da-42a3-847d-915417039b77,1
8651,83034551-bd79-4679-96f6-9ffbe2ddc2e3,0
8652,83199570-6e6b-448d-8ae5-624c8e765629,1
8653,831de0ea-0fc8-42e3-b58e-ae776f47dcac,0
8654,832064b4-7530-4b1e-9ade-c4138d4bb156,1
8655,83224639-2cda-4f80-a1f9-b7122bb62c04,0
8656,832749b0-c07f-4a16-b220-78412a2707ef,1
8657,832ac3b8-b400-48bc-87d9-d9a2c90883bb,1
8658,83379ea7-81b5-4fca-a3e0-ad838e20cb04,0
8659,8338d488-ae42-49f2-83b6-c13ff3c65c33,1
8660,8339260b-04a8-4d13-b385-3a17892d1edd,1
8661,833cae2c-083a-4bee-9e8d-f6b59f35ae4b,1
8662,83429400-8752-4391-a5d7-ea2127f25c60,1
8663,83447006-2926-43ab-bc6e-b5633ee56ca8,1
8664,83469ba0-8d1f-4fb7-b0fe-aa809a6ab0f0,1
8665,834942d8-a983-4d9a-9700-fafd486c63f3,1
8666,83496f60-306b-47f7-9994-914bfba28dd8,1
8667,834a2873-04c9-4b74-9354-94c32134e902,1
8668,835589d8-0241-450e-84ea-d9310f9139c0,0
8669,8356d7ca-1273-4f31-959e-c012eab67637,1
8670,8357d188-f3c0-4ab7-8ef0-67cb43d27612,1
8671,8358ec45-c9e5-42dc-b11f-7fd5ce06a4bc,1
8672,83594f58-d17c-458c-a439-6627b2e938ec,1
8673,835a1db9-df8a-4683-9e6d-42cb9e25ca41,1
8674,835ad179-1701-4f90-8d1a-f10140fe93c5,1
8675,835e1854-2871-4379-806d-0c80a05eb392,1
8676,835e882e-397b-432e-ad96-07b53c9e6b13,1
8677,835ed688-4da2-4e80-bc00-195ee91e1351,1
8678,83644e1f-1e75-4040-ae21-a4ec395318d4,1
8679,8370979b-cb60-47e1-b448-a09ee070d4b5,1
8680,837238c4-fdc3-436f-b32c-4a29658d5069,1
8681,83729cfc-efaa-4146-84df-0b85ae5a3440,1
8682,837d1abb-468a-4f0b-b710-e7dc1d54aab8,1
8683,83808672-8274-48a3-b1e1-7456a66f0dc7,0
8684,8382ebb5-c46e-470d-b7bd-e4c75700c837,1
8685,83842f31-88c8-4821-b959-7ccf86252733,1
8686,8384dee8-3c5d-4c75-b43c-1e3031a57875,1
8687,8384e95a-9c03-49c9-bacd-052ae069d79a,1
8688,838af0f8-6f25-4ea8-8e3a-399abea4f3b5,0
8689,838c88dd-4f53-4cf9-a91d-98ee7060ef52,1
8690,8390d9aa-78b3-4be2-a1fe-04eda96b13fa,1
8691,8391361d-3401-4c25-9b8b-98ba2e21ac60,1
8692,8396cbe7-081d-44ca-9d95-ba1d9a49daf0,1
8693,8397fb5b-6c5e-4aa2-8ea1-5840c304ba58,1
8694,839807f9-27ca-4334-9efc-7b4f8b90ab74,0
8695,839ceb33-0df6-44fe-8cfb-da05441f4a52,1
8696,83a1c518-6082-4e22-b5c8-74505b47d03b,1
8697,83a2d007-e7c7-43ae-a418-13337472b98d,1
8698,83a34514-ebae-4f11-8434-ae6353f5a951,1
8699,83a399e1-d471-4db1-a5ec-de4f98a0478f,1
8700,83a78893-607d-407c-ae69-871df979361b,0
8701,83a861ac-bc4d-4b3e-989c-3ad9e5343f6b,0
8702,83a96d91-0dd2-4aa4-9e36-ec4a7f35e555,1
8703,83a9a2c8-8076-402c-bdbf-35169bb02997,1
8704,83aa0667-4e55-4ba8-bdcb-d73512784783,0
8705,83ab0e61-430e-4e23-b669-863e5db9a935,1
8706,83ae9db2-09c9-454f-bfd9-8c01c058041c,0
8707,83b4d2a8-355f-40f1-a9b9-c32840b5876f,1
8708,83ba8ffa-aa28-4f53-9ebd-a07311f2ac17,1
8709,83bac0b5-0f24-461c-a663-521367d08695,1
8710,83bb49cd-f105-4728-9189-8001c085a90a,1
8711,83bc5a3f-f31c-465f-a588-c681c5e1a3e9,0
8712,83c5ef27-f719-442b-9a2d-ea0d00857042,1
8713,83c68fe4-811a-4532-bdfd-badcc3095a8a,1
8714,83cb4616-3415-4440-a2be-99c974e01a5c,1
8715,83d42fda-412d-451b-9772-35d76a28e161,1
8716,83d5c190-6296-473e-90c4-00e42fc3d70e,1
8717,83d6db01-78d2-4c6c-a341-e1107ebbbe9d,0
8718,83e162c0-07f3-46a2-b402-995ee18a4704,1
8719,83e61b29-77ed-4f91-ad85-dac7d226bd66,1
8720,83e8cc1b-fae0-47fc-a38a-2ac35ca398e7,0
8721,83e912f4-d3be-4d64-8bde-e948b8ef0eb0,0
8722,83e92f15-c81f-4f0e-8d50-ed4be21ad864,1
8723,83eafbb8-1f5f-4021-b721-8c3251695c02,0
8724,83eb59c9-96c4-4c1c-974f-b16dd71e394d,1
8725,83ec083b-476a-406d-a9b0-69e2136a349a,1
8726,83f0b153-2d85-4f57-85d3-4b809b517edf,1
8727,83f7f766-9d73-434a-b4e2-f832425a7b27,1
8728,83f99eaa-c9b7-4d4c-90c6-748ef69d034c,1
8729,83fdf6cf-aaa7-4ab8-8e03-834e7b2b538c,0
8730,83fdfdf6-8a1c-4218-bb18-205279dc7a5d,1
8731,8405eacc-f88e-4705-91aa-57b0be3d042c,1
8732,840736c6-3e00-420a-9fde-770af00e90c3,1
8733,840cfce4-bfa7-453c-9987-2f2d616f0a18,1
8734,8411f4cf-f1d4-41f8-b72e-8c0c35ef9d17,1
8735,841688bb-b43d-4910-b608-16eee287b1e9,1
8736,841778be-8628-41bd-afd9-a3637523b764,1
8737,8417a43c-c1e0-48e3-be3b-9939dcafbcee,1
8738,841c5299-e333-4d0c-a8e2-5dd5e46c97f6,1
8739,841da377-a51c-427f-98b0-f4822907c121,0
8740,8423f388-0ac4-445f-a3b0-43fd24605643,1
8741,842509e7-3735-447e-8146-819050aff42e,1
8742,8429873b-983e-4da1-ac65-29909ee9ff6c,0
8743,8432d815-f0ff-4036-991d-44a7e28248e5,1
8744,843ddaf9-4770-4c20-8053-8f73ccc723db,1
8745,844022b3-b93c-442c-8377-21a72db42a5a,0
8746,8440bfbd-b35b-49d6-b466-1b97398de80b,1
8747,8448207a-e6e1-4f76-b451-819b1fd1676b,0
8748,84498abc-0315-4792-ae31-33e6ce86e889,1
8749,8449be7a-7ce6-4d56-8b8e-1bdf79d97386,1
8750,844e8dde-4b79-4a2e-a915-b7a1b5c2e817,1
8751,844ed070-c42a-4337-aac9-5e08d8beedf3,1
8752,84505899-cc07-4a3b-a7a2-e4e2082bf8dd,1
8753,84531b4b-32d3-4ee5-b381-0d7ea1e69e66,1
8754,845b94f0-1486-45f3-ab8c-02667f8c0fde,1
8755,845f7f53-6878-4f04-b39d-bd0e0e3862d5,0
8756,846388c6-9d02-4238-9564-6111d3a92fc7,1
8757,84668d87-6a8d-4cc6-813d-b2101cf5349d,1
8758,8468bd46-e010-4f18-956a-f61ad8defa32,1
8759,84732627-99a5-4a61-9add-c96cd982e53a,1
8760,847a33fa-8749-4333-b67d-ee957b909797,1
8761,847be3cc-ea2c-4efe-abe2-ccdbd1ce0b44,1
8762,84806f30-ba5d-48d8-bb29-32b1a9bae6c1,0
8763,8497d61f-6c02-41e5-8ccc-3963fbc5c962,0
8764,849ca7cb-a9bd-4ab5-8db6-4c2a61e71c6c,0
8765,84a2cb04-b99f-4aa9-8463-c1c579ad5818,1
8766,84aad7e3-3bdc-4617-b857-bb870a396c20,1
8767,84ab731f-4dcb-4579-8c50-2d0268338547,1
8768,84b2f67d-6306-45fd-b6c0-3e76d4bf0fad,1
8769,84b72338-7c12-4e18-a059-24257cf80ff7,1
8770,84bdcd63-8bc3-47a1-a773-19d4abcb9367,1
8771,84c04de2-5091-4ddc-8a02-1cd7e7df3f73,1
8772,84c31a18-9d41-440e-b1d5-d8f96e6ec57c,0
8773,84c5e216-9ec2-4743-b23e-2d1227efa896,0
8774,84c68577-bb52-4dd8-b015-5a84f792a3b1,1
8775,84cb6c7d-9d39-4e7a-88e4-7a0f1fac1334,1
8776,84cb8593-87c1-46e3-b17a-e1e688cac178,1
8777,84ce0233-1f65-4adb-91e6-b0ff115e2f2b,1
8778,84d4f91c-5432-49b2-91b5-c0d8cc911f20,1
8779,84de0bef-5b1f-42c6-b9f0-21bb89717ba7,1
8780,84dff316-eac7-412d-8084-531baf8b9bed,1
8781,84e30482-28dc-4d91-a329-71f94f85f6de,1
8782,84e6fb19-14f9-4a7d-8f37-8da5bf9b6e2e,1
8783,84eb3a3e-bf54-4d30-a2de-d2bf256b6dd7,0
8784,84ecbb7c-8eb6-4b0c-bfba-78dd413f1909,1
8785,84f2d023-1c82-46ef-a6e6-0f12bd6c24e7,1
8786,84f3c373-76f2-406a-bfa4-6b36abe3b269,1
8787,84f7a30f-6aef-4cd3-b31f-19c5fc77433b,0
8788,84f9762d-309a-45f5-852e-d2770b883532,1
8789,84fb0666-328f-4759-891a-2e68ee31428e,1
8790,84fdfc65-8118-4e68-9f38-fc3b2f311b3d,1
8791,8504e468-a0d7-497d-a0a3-4de2188e6fc0,0
8792,85086e19-67ad-48e6-a835-235d71612bd3,1
8793,85097c4b-316e-4b6b-9ba2-f8ef192f7687,1
8794,8510a811-ce52-4f4d-b1ea-5331a8aca2d3,0
8795,85128848-7778-4183-919f-9c1374a13d63,1
8796,8512e036-0bf7-4176-a8c5-4d3d814858c0,0
8797,8513c2df-eea4-4dcc-bd20-66ca03168942,1
8798,85190240-f2fd-48b3-b2d2-b1a35c7e1375,1
8799,8520c50f-b48a-48e5-8fc4-8105400c351e,1
8800,8525714c-249e-49a0-85bc-1d2039b69c7e,0
8801,85263928-49d9-4390-8793-af222d36362b,1
8802,8528148f-a52b-4aa6-9a17-314a8ee5182b,0
8803,85291b12-b4c6-4cbe-8f1f-59ce22513f44,0
8804,852bed5a-ba71-4f82-8ef8-ddccb28de850,1
8805,852d97f1-2c60-4027-b4eb-6cacca9f95f7,1
8806,85317f11-00b5-4f6d-86eb-101576cde8a2,1
8807,85338b7c-6882-445a-ae10-5dacb385821e,0
8808,853bc685-6de7-42c6-9fd4-2512cfcf6f57,1
8809,8547204f-68be-42fe-b1dd-c457a38c1569,1
8810,854b559d-4f65-4e54-914b-f203ffd6b622,1
8811,854e3055-4cc4-4e31-9017-aad13e11ce96,1
8812,854f0569-610b-497e-a8dd-c6b0ea016946,0
8813,855430c5-b9ea-4ed8-bfea-d26d2e2172c6,0
8814,85591c16-a6a9-4257-bcb6-af2620a52652,0
8815,855d734f-fefa-4ac3-b5a8-ae78b6f2717f,1
8816,856260ed-4855-4744-8090-b59db7493d9b,0
8817,8563f030-b928-4666-acc9-33870eec6079,1
8818,85677366-d54d-4d0d-af53-2ee35f3fe4d7,0
8819,8567fac3-2f7f-419c-91d0-58afc32ec176,1
8820,856cd487-87e2-4ded-a235-ce5c91ae81be,0
8821,85723013-d22f-4363-98aa-6a396f5ea2fb,1
8822,8573e8b7-4852-4d9d-af84-77b66af0f362,0
8823,8576d535-ad60-4bf2-938a-4abc44a9fdec,1
8824,857d58b6-00e6-4eb6-aa17-7abe468e5843,1
8825,85824e32-d49f-4461-ae62-09bbc4b7551b,1
8826,85830da3-ebfb-4802-81be-d4119d9aae8a,1
8827,858d5942-ea30-464b-b076-31a314ff6dc6,1
8828,8590a2d9-e80c-4739-96a5-e38088673f25,0
8829,8595f623-9b8e-4ff1-808b-8be0c99a0bec,1
8830,85994cbe-d757-402a-b207-f511605c318b,1
8831,859cc938-9c21-42fa-bd65-be9314c5b214,1
8832,859e1b35-08cb-4e15-b788-77e0a7f73c82,1
8833,85a423a7-b88b-4856-b636-e9c86d1be420,0
8834,85a59bef-4b30-4d91-922c-dda78010563d,1
8835,85a9952a-0144-4fe7-8148-2430d8b70cc2,0
8836,85ad4aba-f2b3-4902-a46f-149b32a283ec,1
8837,85ae5abf-9db6-4d8f-bba1-fd7a086476cc,1
8838,85ae8aca-0d64-45c9-88af-ed1554de14ae,1
8839,85bc5b03-9826-49ed-bf80-c69fc3b95ea3,1
8840,85c404b1-de42-42d7-9945-c95259439660,1
8841,85c6651f-fc41-4155-90fd-21e517aacfe5,1
8842,85ca5ec4-6b9c-4e35-b36e-7217db3db8ea,1
8843,85cd5b8d-328f-4159-99a5-53cede287750,1
8844,85cee9ed-62c1-4a5d-bb57-6782f89df2f2,1
8845,85d04891-ebc4-4884-8f67-04b3f7e3c7d7,1
8846,85d080b5-f163-4613-9f57-4b7ebdcc99f6,0
8847,85d0e093-100a-44f7-aece-06e2d9a40615,1
8848,85d521ed-e62a-4c25-8a94-974646d2a4b1,1
8849,85d83b50-7570-41f4-8385-45a7f3645c4f,1
8850,85d92167-c4a5-46ca-9f7e-d5df28ba2523,1
8851,85de1d30-83f1-4fc0-a1ff-72b83238a4d0,0
8852,85de9593-bef3-4309-943f-093bf20b8ae7,1
8853,85e735cf-f326-4c64-9539-b72c5ddc3923,1
8854,85ead1f0-b04b-4cc0-8424-113dff6909d0,1
8855,85eb5c35-d6cb-4c88-af50-e8ac2051415c,0
8856,85f394c3-edd9-4917-ab6b-6cd2f5774be1,1
8857,85fa2237-a579-4f86-9875-5c53536d54f2,1
8858,85ff996b-95b1-4b03-a95c-65cc5b3e4bb2,0
8859,86034399-8cf2-4501-878e-1d59a324df63,0
8860,86094e96-747a-43f7-bfc2-10fce1dc3dc9,1
8861,8617b604-033b-4fca-a4d1-3f5ea8fa5661,1
8862,861f5e9a-2faf-4bbd-bce0-187495058d5a,0
8863,8626bef0-7816-4efe-86c9-7e51e135792a,1
8864,8626d7f3-ee1a-4e2f-b0ce-070842debec8,0
8865,86280d01-a8cc-4d83-9056-cf5ef9a4fd2b,1
8866,86364a98-ac8f-459a-bf9c-be9af7771888,1
8867,863e75f1-c61f-4e3d-8336-91d51bb61124,1
8868,8644d236-b8ae-4f45-af3c-3bcaa03527e2,1
8869,864bcec8-af7b-4c7a-acfc-d4b5b732107c,0
8870,86506608-8c28-4d72-a440-49ef4db8b528,1
8871,8654de1f-2c56-42a7-9eba-b4d23c20464c,0
8872,865798bf-3b40-4cf5-93ed-058f2e983824,1
8873,8657efc6-7664-45cc-a871-caed246e3d90,1
8874,865bd1c0-19f8-44e0-9bfc-89a098e0280d,1
8875,8661cc5a-678f-4c48-bffc-26bf04ad369a,1
8876,866260a0-ad0c-4280-be2d-a3bf8a0f4cd3,1
8877,86684e18-f265-453e-8976-31bae1eb7472,1
8878,866c72e9-346f-4fdc-8acc-623759a91287,1
8879,866d99bf-efac-4d13-8b8a-a1b9c2b601a4,0
8880,866f8518-aea1-4f8d-aeed-00fd893dfe47,1
8881,86705ebb-2303-4912-b8f1-1fa7fd4b7a66,1
8882,8671815f-6f8c-42b0-82d1-c7d013060760,0
8883,86748bd3-90b5-45dd-b942-7e96197a30f4,1
8884,8677cd45-f7b5-4802-8c96-609111e81577,0
8885,867f00e6-b199-4e2a-8fe5-b5d7e2d6a464,1
8886,868071ed-1f02-4817-98c7-56a47d5e5fb5,0
8887,86850f63-04bc-496a-a35b-930cc6a456ac,0
8888,86873ca6-36d3-40d1-b26c-d34df8d49d73,1
8889,86881107-954e-4f2c-a4c6-c9be5a9e26c8,0
8890,868bcf08-0bed-40a4-b248-6eee30c9a603,0
8891,8693b86e-860c-48bd-8a9a-380749c7a43e,1
8892,869452a5-3c07-40f9-9dab-e989b3ceee08,0
8893,86980a12-d3f7-419f-9f18-d6b91b5cfc10,1
8894,869b0b43-d176-4e12-a367-ca572cbc5aa0,1
8895,869e8a9a-e5a8-4a47-bbd0-11e388fe7613,1
8896,869f4444-f89c-4ae4-90df-0b138c50dd18,0
8897,86a0931b-eca0-4e7b-b282-a87b1963af6a,0
8898,86a17111-6bc8-480e-8087-05a04e8f69c7,1
8899,86a43ca8-1889-4175-9f58-e42f2260c4af,1
8900,86a60d2b-074c-418e-9efa-1b7dff6f40d4,1
8901,86aabcc7-b2ce-4089-bcdd-c69cbfaa3315,1
8902,86acf36e-f08f-45fd-b33b-ec83c9b275f5,0
8903,86acfb62-f4d1-47ef-abe4-26b55e6f7b83,1
8904,86adeb26-d40b-4d6f-9e39-a16563b55c75,1
8905,86b034c6-0626-456d-88ae-b83ce284e0be,1
8906,86b246f5-e841-4596-af2a-63a26877a500,1
8907,86b89e1c-aed0-43b1-ad53-303639c98a24,1
8908,86b98794-824c-45bc-9eb7-99dc79249c1d,1
8909,86bfa5ab-0220-40dc-b02a-7159dfca5a90,1
8910,86c60e66-b421-4b5b-965b-7226d171651e,1
8911,86c7c000-1cf4-4ce3-a4d3-da233c204c29,1
8912,86c8b0fb-844c-456b-b908-33662682eee3,1
8913,86ccd313-c276-469f-8db3-81763a266dfc,1
8914,86cda6bc-9d5c-4fb5-a0f7-fcd381a4acb9,1
8915,86d5af84-f9ac-4c7f-b07c-3eee01916765,1
8916,86d72376-e919-4ac7-8c3b-408a3d94351b,1
8917,86dbf747-58f8-46b3-9e99-8fa5083c6ea4,1
8918,86dfe3d1-3e58-48ba-9161-9a06cacca863,1
8919,86e74574-15a6-4fc7-8376-a109065ebd89,1
8920,86ed5a40-4e51-4174-922a-64a0089fa1e7,0
8921,86ed724c-5956-460a-9842-62bbe4747509,1
8922,86f166e3-884f-4f46-b7df-eca69b3a0a46,1
8923,86f1d216-f8a4-447f-8788-7b31c1dd00bf,1
8924,86f3708a-abbe-4ec1-876c-d58c3b6653be,1
8925,86f53e24-3981-405b-9f2a-709755948939,0
8926,86f8998a-6018-4f09-8879-cf59b6b01fe1,0
8927,86f89db0-9bac-4bf5-8ba4-60d811a60003,0
8928,86fa8bf5-166a-422e-a3c2-f557b9aaad5e,1
8929,87025bd9-46e1-40f4-bbf7-3f9cff8b7c43,1
8930,87033c8a-f71d-484a-b219-b9a320f49b1f,1
8931,870e3a82-127f-483e-acd6-a67e6181e7a1,0
8932,870f1404-8362-4f5f-9824-f40e6cbe8f9b,1
8933,8711394f-1057-40de-bfaf-e0251b2eb6c9,1
8934,871301c7-33d2-4a45-b327-60ef3c2c66b4,1
8935,87184f12-a8e3-4094-8d56-f6a3989dbf7d,1
8936,871923a0-540b-46c4-8ac9-2c052df430aa,1
8937,871bbf0c-5130-426a-8037-a3d81b1454f8,1
8938,871eae23-638c-4ea2-89c7-8c9e18c7bc17,1
8939,871fd50f-30dd-42da-b5bb-9eb42420a553,1
8940,8720f27a-f9dd-41ee-a70f-fd9c3b9234e2,1
8941,87225f45-5088-411c-8616-ca2c144e5cd9,1
8942,8724001a-1036-48ee-9ace-3ec9aab3288c,1
8943,8725bebc-de01-4d5a-9186-c79ebd73dd63,0
8944,87309b9c-8a3e-4afb-926e-adb43d0f5a8f,1
8945,87357fe3-d2fe-449e-abe2-9cec973dabf3,1
8946,873689e5-5dca-4a13-aa02-253e0469a65e,0
8947,873961b4-e45a-40d4-b236-5cfa17a5e805,1
8948,874595e3-b5ce-48a7-ab01-f2cd9ff07f87,1
8949,87490ad3-e18c-4e4b-97fd-8d2555900732,1
8950,874b441f-5b79-45a4-9c56-25241d966982,0
8951,874dfa01-91f3-4c03-a8da-258d07cc685a,1
8952,87504f3d-dc59-44f5-96cf-91c5ba2ade0c,1
8953,8755afae-d2ef-42b6-bdcd-eb021314a553,1
8954,8756d2c9-28dd-49d1-8759-e97f81a2e337,1
8955,875b26e2-50da-472d-95b4-d1dab02ce37a,1
8956,875cd6d0-3dbb-4417-9f45-75acbe2d11d7,1
8957,8760f732-822f-43c4-a1f8-082ba549240a,1
8958,87620e8b-1034-4cb5-93d0-8b59a4977d0e,1
8959,8762dff1-feb4-4301-a0dc-3e235f204515,1
8960,8763c3ab-a34b-4342-8bae-2d8abb7ab73d,1
8961,8764638a-a005-4f5d-ba86-c3ec92e74536,1
8962,87666222-5546-48d4-904b-710a622ec78b,1
8963,876fc280-0d5b-40bc-879b-959961a5b864,1
8964,8773e709-1565-4202-8dd2-05e9c7935b13,1
8965,8778f3d6-e83d-4b7d-8940-3b93d10130bc,0
8966,877b5d50-8cf5-47bf-92be-9f42d235c497,1
8967,8785ccfe-3474-49da-ad70-ff1d2be5088b,1
8968,87894d4a-6244-43be-89b3-daf2c17c79ce,1
8969,8795d452-0c26-4aeb-999f-454548a09505,1
8970,879a1ff9-406d-4eff-91c2-68e16e62346c,1
8971,879eeed3-de4e-40bf-bf63-8591dc8ea738,0
8972,87ab68ea-0b51-4442-a3e1-274ac24127be,1
8973,87af54f0-8820-4d31-ad39-1978969b47b9,1
8974,87bf0ff3-1f27-477e-94fd-cb8f04480005,0
8975,87bfed61-49de-4534-8ea5-f67dd36f06d9,1
8976,87c2260d-1fab-46b8-90f1-292cf8469db1,1
8977,87c815ee-f2c1-4553-b5e7-8ee635952b16,0
8978,87d101d5-0b91-42da-bfca-9754b3fa1e95,1
8979,87d128af-c037-4fe0-82fd-1b0a064fef63,0
8980,87d17a0c-e63e-4d6b-8efe-2f49694dc813,1
8981,87d5ff69-bc93-4a28-93f0-daab5191d739,0
8982,87d758b9-59cc-4e9f-86a9-9ea9d466a166,1
8983,87db2497-9316-453d-84a2-1d2530ef076e,0
8984,87db5819-0986-4b28-a07f-eea26ec1c48e,1
8985,87e5630d-9394-4fb2-a2eb-176b524f085a,1
8986,87e583f2-5488-4a8d-bf3a-effa71956561,0
8987,87ea9bfe-aebb-4c1d-9ada-283f708df6c5,1
8988,87ecbbab-5998-44c3-9ee8-fc5d32fb4e6e,0
8989,87ee1322-37e6-4602-ade7-3b5931cadfa5,1
8990,87f32c04-db85-4663-b725-a894afba7180,1
8991,87f7713b-00ae-4079-8652-f1de256415cc,1
8992,87f95391-d099-4f1f-870c-1e609aa08474,1
8993,87f9b3cf-345b-42e4-9a4b-15414936c386,1
8994,87ffab08-6ba8-44ce-be8d-728272abc275,1
8995,8800b0d5-9f78-4d54-8a4a-348d054b290c,0
8996,8805a215-e3b8-49c1-afca-8b2a305741e6,1
8997,880b1709-9b3b-47d4-aecb-f2baeb23d093,1
8998,880dbe34-e97c-4e7f-a12c-28bf10adc443,1
8999,880e3e14-ad84-4316-9322-103224b1e3ad,1
9000,880f9755-f9a6-40f2-984c-560574b3a2f8,1
9001,88151533-1668-4348-a907-7caa27666a1c,1
9002,8815e022-eb94-4d53-94dc-c0bad91517bd,1
9003,88190495-6b42-40fe-8ab8-ca948898e2af,0
9004,881d00e4-eebf-4caa-b15d-2886d7590a6c,1
9005,881e76ea-d951-46bf-9498-e064fd03747b,1
9006,8824eb84-5a86-4746-9b56-b365c37fd8b9,1
9007,8826e6f5-03e1-4ad8-b8d5-0627cb049dd6,1
9008,8829afa4-0bb8-4e82-9b22-77e1841bf429,0
9009,88303780-6155-4406-894e-e240644ab916,1
9010,8832d8ee-1796-44ac-98a2-8fa70d83d258,1
9011,88344128-1b7a-4471-a870-0c1a0b1e2e9f,1
9012,883641e1-16d5-4c84-80c1-2ea17bf602f7,1
9013,8836a424-4d19-4cb9-b1c5-dd69b1bbc1e2,1
9014,88386b92-bb54-4a28-ae61-ef0ce4dc4755,1
9015,8838ba77-8b9c-48e4-8b64-f5a9772c6e5a,1
9016,883987ce-e20a-4455-8a1d-ef16c274e804,0
9017,883c6f22-4888-41d9-9c8b-d864b25166e5,1
9018,883e197e-e593-4514-a202-bd38755507c3,1
9019,88435165-0e88-42db-b008-9295de825efd,1
9020,8847bb31-93a5-4918-9b8e-b68a950aac23,1
9021,88491454-a5e7-4201-a1c9-f957a7c88a73,1
9022,8849509f-4a88-4561-92d9-0b5fda2f3d88,1
9023,8850e599-3e97-448f-acf4-63a048d8c732,1
9024,88510832-b34b-4382-9616-0b1d9b3356fd,1
9025,8851b110-1041-4d65-81b4-7329d9ac5da6,1
9026,885336fc-74f4-41ae-9144-847871bf7643,1
9027,88555bd6-ff35-4dc4-8cc6-720e818a8d29,1
9028,88578a77-1845-465e-8171-5e14be8b2f07,1
9029,885c1df0-1d34-4c6d-9bcb-15610258faba,1
9030,886120a9-91d7-4bb6-9e1b-3749f0b0f11f,1
9031,8862e453-8536-4bc4-9e4a-06797bff7a6c,1
9032,8867394c-e6e0-42a0-a24e-0eef8223cc0d,1
9033,886a715b-8df7-427a-86cc-07c8c09bf7de,1
9034,886f6fae-5db3-4948-8bc3-a3d0c9a2f62e,1
9035,88701824-e485-4e81-bff0-b13663a41017,1
9036,88753e47-a156-402f-b5d7-846876ef39ac,1
9037,887728da-0dd2-46c1-81f8-f001388849d0,0
9038,88787933-4077-4eb8-acce-20d70185f947,1
9039,887a251f-615c-4279-9efc-3fb3070c7c4e,1
9040,8882e863-5dc5-44d6-ad0d-fc9418d30ba6,1
9041,888346e4-9db7-47dc-b7aa-408c30c357e1,1
9042,88891e54-2324-461c-8211-5419c58382d8,1
9043,88892930-e7cd-4676-9053-b41e597ff022,1
9044,888c3669-8ee2-4d8b-a52e-3d436b55c2c7,1
9045,88955769-1740-483a-800f-8f48718b7a9c,1
9046,8896054c-de8a-47f1-8373-60071006060c,0
9047,8899cc76-bea4-4979-8abd-5fce98d6fe53,1
9048,889be978-84a8-44f3-8eee-d984acaee80d,1
9049,889f5c27-fdd1-4304-b3fc-ea9a77ad8757,1
9050,88a3150f-9d51-479d-b4ad-f1866dfff37c,1
9051,88a7d5e0-fa4b-4170-9d83-6ddba26a0468,1
9052,88ae47d6-867f-4e9a-8cb9-75add5a23d70,1
9053,88b0fb4f-a4ec-432a-8e26-f14c6e6921b5,1
9054,88b8542c-c10e-4277-a704-38290473bcee,0
9055,88b9e35f-9f7e-4a84-ab1f-4eb5a996d1e9,1
9056,88ba563e-0322-48a0-a2d5-0927dc4bb2ab,1
9057,88bda3ec-8f7a-4616-94bc-5e61052ec321,1
9058,88bf55ab-e567-4d33-9f43-dd2f23a346b4,1
9059,88bf9b0a-9307-4924-9c86-ba284b23db37,1
9060,88c3afb4-7f6c-46a2-98be-96d54d08d732,0
9061,88c65467-1716-4c04-9b11-3a9979f5f641,1
9062,88c935e2-bec3-47c1-86cc-3369d3d651c3,0
9063,88caa208-2790-4324-9bbf-01da436cd04c,0
9064,88ce3835-3c0b-41fe-8566-6dd3aea103f4,1
9065,88d01bc6-6d2f-4ae6-a170-b72619f0d95f,1
9066,88da42a1-ee22-4c1f-9330-cca78763f0ec,1
9067,88de633f-0a5f-47ce-aaac-e7ebb134f18d,1
9068,88ecc558-b648-4121-98b7-33729a3e1026,1
9069,88ed9b34-3720-4341-97e9-171487915325,0
9070,88f1295e-093f-476d-ba3f-720be9bac5dc,1
9071,88fa4f47-87f6-4689-8958-a31ec3b33da6,1
9072,88fa8264-d7c7-45e5-bad1-69ce3cdbbe00,1
9073,88fe01ed-efcf-4fea-9c78-fe0bb6722eb6,0
9074,8901268c-b36f-481a-b5d4-9494969c053c,0
9075,89048481-ab51-4da3-ba02-89a9967195e4,1
9076,89062ce6-e14a-4272-9b58-134affe2bc09,1
9077,890b60c7-eed0-4b7e-84f2-fbdf2967c888,1
9078,890be2a7-64bf-487e-9ae8-2bbd8839b201,0
9079,8912ba35-a32a-4a7a-866f-48eb4e8e1589,1
9080,8914aaf8-f278-4761-aa56-b1ea1163f4c6,1
9081,8915d9f5-845a-4cb4-8493-27b9b36f1989,1
9082,89182ec5-8236-4b02-b59c-95e9bb639b07,1
9083,8918a65b-0b05-47e8-b1cc-f7a2a2e1a323,1
9084,8920fe8b-802b-47c8-9f3a-7f38790e858b,1
9085,89253a12-9914-4977-bfb5-a6fd8e4c197b,0
9086,8929b6c1-c66d-4b5a-ab7a-302de12a43ad,1
9087,8929e56a-7171-441a-998a-3d893e430dc9,0
9088,89352de5-4ddf-40a6-8e0f-11b6af1bf9ad,1
9089,89360dac-6e60-44e2-b516-beecb4dfd91d,1
9090,893c75a7-d33a-4a98-9c02-5d8880e33cb3,0
9091,893cb28b-4dae-485f-9226-e013c955e60f,0
9092,89406738-8f8d-4221-b6b8-4c4f27d034eb,1
9093,89443046-2722-4e80-bae5-5333af47a661,0
9094,8945aa1d-7867-4fce-b87d-596fcbdef9ab,1
9095,89463ad6-6104-4a27-a36d-7c5725b1e74b,0
9096,8948fb0c-5e13-4c7b-b500-10df826fd415,1
9097,894b9f68-e0fd-4bf4-b133-cee97e88c125,1
9098,894bdaeb-6ea2-418f-8732-d98e48e5be9f,1
9099,89509922-1f9d-45ea-b196-ba7eb281d2d3,1
9100,895139b3-0217-4274-a5c8-b5a4eb756a27,1
9101,895699e9-8399-4aea-8010-2c21c3df9955,0
9102,895f2aa2-fde8-4921-ad04-ac0cd789f44f,1
9103,896074c0-36d3-4d54-b82b-63aadc176693,1
9104,8963b051-059b-4d8e-aa7b-f8bdef35722b,1
9105,89673a9f-1ada-4463-a20e-4d6600c5092b,1
9106,896a45da-4914-42c2-9014-88fff2cb8ff3,1
9107,896aabbc-6d57-43bb-a8f7-89e0a74cea0e,1
9108,8975ab39-19c7-44a2-a3b4-39fbf0689868,0
9109,89764220-0fbe-4fbc-905c-286cf8383051,1
9110,897d4279-90df-40af-940b-1d1341115112,1
9111,897e35a1-f40f-4e1e-a73e-4fb2ddba890c,1
9112,8983e9fc-90f4-4f8e-8043-647506e743fa,1
9113,898685d4-90b0-4514-be23-7677324a1b03,1
9114,898b552f-b012-40c3-bb64-2f0388902319,1
9115,898c5503-6fbe-4f87-9eda-d3cebfb09c67,1
9116,898ca2ef-5647-4b25-86de-22aecac4be66,1
9117,898e34b1-acb0-4003-81bf-410d536a8fe2,1
9118,899099a4-185c-4867-94b1-5576bc258b97,1
9119,8992e179-6d1a-481c-92b1-1eed91fdfdd2,1
9120,89967467-17f3-40b0-821a-27da2527eaf2,0
9121,89972925-f8e0-4662-a42d-881a9404d1ad,0
9122,8999e199-c430-4a67-b52b-00eb966385a9,1
9123,899fe550-9b9a-4648-9e14-bc4798525189,1
9124,89a142f8-b797-4e97-b78e-72b2119e76dd,1
9125,89a7f44e-800d-44b5-b099-2ef6096fc897,1
9126,89aad2e9-e561-45fa-8635-81b80dcfcd38,1
9127,89ab2bee-d4ed-4073-8a50-cfb21a7ec16e,1
9128,89b036c0-6813-48dc-a90d-d73d8e47fd74,1
9129,89b0753a-6fce-4e62-b4a3-f08ff7f1ea6e,1
9130,89b2cdfe-7b3d-4e56-af8c-d5f0da7775cf,1
9131,89b69e9c-a723-4703-a465-0244436cd53a,1
9132,89bba262-ce23-4b26-86cc-a1ecbe5e51f9,0
9133,89beaf96-d96c-46b8-b935-b23756ae16f5,1
9134,89c23b76-44e6-4c75-95a7-edd5fad88d5c,0
9135,89c2bd18-8fc1-477d-bc1f-2f5c29d3816f,1
9136,89c77c45-6961-4c70-bde7-29bc38194584,1
9137,89c84720-ff14-4ae2-8f47-5c4b93d6d499,1
9138,89cc3cc5-fde4-429c-b5cc-53f21de951a4,1
9139,89cede23-8c04-4a75-b35a-6ae433775a6e,1
9140,89cf9b68-34ac-4b7e-9165-b9dc9e70842e,0
9141,89d04fa1-0344-484e-9e31-336428c590e1,1
9142,89d27c28-077a-461a-bc48-797cafd73af9,1
9143,89d3453d-c01c-48d5-918b-d560d955c912,1
9144,89d9feba-7b3c-4449-aa24-e0ca0e253b25,1
9145,89da058b-6a57-4df4-bb32-6c2a0169541a,0
9146,89dd75cc-3df9-4232-9a5c-a43344698d27,1
9147,89e2150c-486c-4433-84a0-ffb942b241c2,0
9148,89eb2347-d283-4d51-affd-942b1ebc2402,1
9149,89ee1637-e144-405c-b8f4-95fd107af59b,1
9150,89eec458-c85b-4a42-89f5-0357b0e1ec7c,1
9151,89f0bf63-18db-46e0-aff4-4f2e4cedc0b1,1
9152,89f5d235-81de-4293-a9b8-ea11e185aecc,0
9153,89f72bf1-3ef0-4f4a-87af-75b5feacc3f1,1
9154,89f9c168-f5a3-4085-b650-6d805db7f574,1
9155,89fc567b-c7f4-4767-bb06-634ac704cd34,1
9156,8a0045c0-9b4b-4aea-bb1f-fbf6fa902782,0
9157,8a06792a-fadd-4a17-8ac1-418dfa5b6e90,1
9158,8a0bb41a-9bf6-4d04-b32d-090d552a40c7,1
9159,8a0cf576-32f3-4d1e-9017-cda1b1ce4d9c,1
9160,8a0fb995-0256-4e66-992b-907e3e0a1c5f,1
9161,8a105dd8-f250-489d-8169-95bb4321a49b,1
9162,8a1980ec-4293-4962-a3b4-13569244e8b4,1
9163,8a1adee5-f21e-4181-bfa5-da04a68d3e66,1
9164,8a1c8a55-3ae2-4d4a-9904-a4ece00a1f04,1
9165,8a22b662-c46c-40de-af84-2a24c702cd6b,1
9166,8a2b9862-12ce-49f5-b7a5-8792aafc48d0,0
9167,8a327968-275c-40ba-a787-6749dc47723d,0
9168,8a3366cc-077c-4057-a1f0-f396eab82fb0,0
9169,8a3b0c56-7085-49a2-9357-f33411ebff66,1
9170,8a3fe7d1-f5e5-43ff-946f-62ce8f1e2b2c,1
9171,8a44dc8c-164d-4e8c-9873-bb12691b5e4d,1
9172,8a467d67-0c82-4dbc-9859-4b0d3b1895eb,1
9173,8a48552e-5409-48a1-bc14-3acc73a91588,1
9174,8a48f217-ea18-4872-a62f-ea966582d897,1
9175,8a4ef2ef-7a97-422b-9609-a9468e73754d,1
9176,8a4fa387-d0d7-461a-ac4a-5895c50687ea,0
9177,8a51d6e3-2016-4efd-b1b0-131014bf75de,0
9178,8a55ea12-30d3-4244-ac83-0b2b6c395500,1
9179,8a5ad866-6896-436a-9331-fd0768b626a7,0
9180,8a687f1f-326a-4d26-a380-c32f660973fe,1
9181,8a70cdc1-1c50-4208-bc47-dd04c3255dfd,1
9182,8a736d03-3818-451c-9d74-c87a5d2be5a8,1
9183,8a764757-b2dc-430a-a0dc-1973e920fa0a,0
9184,8a79daac-b275-4b0a-bb79-5168b40c1754,0
9185,8a7e912f-cc31-4cee-8080-178527bf9163,1
9186,8a8475bb-2692-455f-ad7f-2acf7699e7d0,1
9187,8a86f87d-db71-4040-84f1-70bc79aa22b9,0
9188,8a87aaff-eda9-40c1-9bd3-c25e9fd0aed7,1
9189,8a8b859e-760a-4998-8a72-44c8545b915a,1
9190,8a8cc1a8-d1eb-4cb8-899d-cd730cd16c65,1
9191,8a90d933-f6a8-4942-b118-c06a44780f32,1
9192,8a94e0f2-a08b-448e-a50d-89f38a3fa1a0,0
9193,8a9df23a-6e1b-496c-883b-5bdf3702db63,0
9194,8aa14808-f802-4d1a-ac46-d5eb8f04f947,1
9195,8aa256d5-76f5-478d-8eab-afa7e74ed810,1
9196,8aa27685-f12e-4ef6-be95-4742fb970fc2,0
9197,8aa75ecd-9bbe-4859-94a1-2c941050a1c0,1
9198,8aa9b205-944f-46a3-a385-3cdac482e78d,1
9199,8aaa24d7-19a9-440d-af00-47665c837a74,1
9200,8ab54469-b3dc-41c8-aef9-02975d29fb30,1
9201,8ab75e91-5481-4d3f-a9e6-d6aecb7fac72,1
9202,8ab9edd6-2ef0-4344-9ee2-e0ef4478d5e5,0
9203,8ac137d0-e5fa-43da-9b56-91bdbc32e8d8,1
9204,8acd01ef-36ca-478e-807a-0ed8ab355ef8,1
9205,8ad1a6df-1619-48e0-9bb4-13dbe9801547,0
9206,8ad37947-3b5d-4012-be4c-ab58b481f26c,1
9207,8ad7c638-256c-4493-916e-9cd5d6b59255,1
9208,8adb7772-c46f-403a-8fbb-b881f4069cd7,1
9209,8adc818c-dc67-47a9-a52b-7706dc72c5d8,0
9210,8ae1fec9-cfe2-4652-b803-79ea6080bab1,0
9211,8ae53311-10c5-45d3-b541-3406078fc385,0
9212,8ae81b19-76a5-49e3-8d1c-0d0ae3aa535a,1
9213,8aebb2a7-3ef0-4fb6-9ac4-e52084ba735a,1
9214,8aeca984-9c2a-4a51-8f21-4ac3f01d6459,1
9215,8aeccddc-f2af-4863-9aa1-9db3e662f246,0
9216,8aefe3f3-640e-4ef5-97f0-3085f77e8cd6,1
9217,8af8886a-6e5f-407c-9e9f-32ae35389687,1
9218,8afe04e3-f0e0-4772-bf98-b6fabaa0dcaa,1
9219,8aff49bf-eee5-4983-8c81-c3f86dd33cf2,1
9220,8b03e459-b548-489a-a55d-6148041cbd94,1
9221,8b05eb9f-0a2d-4f76-b77a-0d8d3cd2ac85,1
9222,8b1805ee-1903-41b3-a2ea-8343dc06a3ee,0
9223,8b1af462-8d9f-4d45-94d9-26f77b4a8e46,1
9224,8b1bf7f0-1cf1-437a-b7ee-5e5eef367d26,1
9225,8b1d33a9-2433-491a-b4a0-7452df6b3435,1
9226,8b1ddadf-1f83-49b7-a29b-fb5b45384323,1
9227,8b1ff171-81b4-4223-b999-57dcf55ff2b1,1
9228,8b2264de-f9bf-44e0-8f89-4df5fda5c7cc,1
9229,8b23115c-a649-4be6-9351-b53cd23bb01b,1
9230,8b3c9ebd-8d02-45c9-83af-251c567877c2,1
9231,8b3f9ae1-0de2-439a-b87a-f958471fd8b6,1
9232,8b41eb9e-c43c-42d8-9158-9acd3e819e36,0
9233,8b449b76-0667-4149-8ffc-da8534221d1a,1
9234,8b48f94e-330e-4a83-8458-eb9a691a9c6c,1
9235,8b4d85b5-1868-4e42-82b2-ac071755ac4b,1
9236,8b4e8c4a-5eda-43bd-8588-36726c8c8488,0
9237,8b5b011e-2004-4beb-a35b-207cfe1b734b,1
9238,8b5b6428-37de-4edf-9415-7ffdbda1eb9b,1
9239,8b5d96b6-133e-4386-8318-d40852cafe96,1
9240,8b62e2d5-6696-421b-b81c-8e1b8c675b26,1
9241,8b62f28b-cb59-4ee1-a3a0-b36525525695,1
9242,8b667086-6cf3-4ff4-abd9-1664009584de,1
9243,8b669b8e-0afa-496d-a589-dd3dbae64d3c,1
9244,8b681f99-ad72-4923-815f-6046bea22f3f,1
9245,8b6bb57e-ccf9-4130-a3c6-6c58eaab4316,1
9246,8b6d07db-6cac-4583-a0c1-fd8d78ffe1f6,1
9247,8b6e41e0-7edb-4566-a441-ea2fae5233b2,1
9248,8b701650-6756-468a-b985-d32c261e8ebd,0
9249,8b7261ce-070c-4a78-99fb-b130df68a16d,0
9250,8b77bcf0-0e79-4c89-a4b2-4e800813534e,1
9251,8b7ef08b-a758-4aea-b0a7-d47e48187ad7,1
9252,8b89849b-08e5-4bf7-b237-a62b451fcea7,1
9253,8b8cec76-124b-49f5-ae6e-0e21f774b5a5,0
9254,8b90f1bd-5c7d-492d-8fae-e155569a917e,1
9255,8ba0a1f7-2c45-48f5-ada3-56142fcd5f64,1
9256,8ba38df9-01d2-4700-8a32-92f23547cd62,1
9257,8ba3db36-63c3-475d-ab09-6987853e8763,1
9258,8ba68ef0-9340-4c3d-9766-2d4b6a2cbecb,1
9259,8ba6c708-fe65-4bc8-91cb-14755858e3ac,1
9260,8ba952c8-0b1e-4423-89ec-416f13ca5585,1
9261,8bac37cd-486e-4f73-95f5-892d895c9672,0
9262,8bad56ca-0f7c-4ced-ac0d-287b7c6a9c09,1
9263,8baeda2c-09a1-41a9-96da-811cdbc470f5,1
9264,8bb5d1d7-30d7-4514-97b1-b3d39983b15c,1
9265,8bb96d16-3932-4cf5-9e89-c3f5a8ca4628,1
9266,8bba3230-44f4-404e-bd62-9e709c9c330a,1
9267,8bbe2690-fbb2-4ca8-8751-4298994e2bac,1
9268,8bcad443-83e4-4657-a583-946a0501eb1a,0
9269,8bcb94af-65ec-4ea0-85b2-e4d5368928f7,1
9270,8bd3ceb2-1279-4d80-acfb-08c9fd3e6269,1
9271,8bd587e6-0a3b-43ff-80ee-a70519c32337,1
9272,8bd96247-bd0a-4432-9c4b-37c9a663d818,0
9273,8bdef816-0102-453f-8e78-8a418abd0db6,0
9274,8be172a8-8f7f-424b-9681-0d16a0376588,1
9275,8be2736d-0d1c-4f36-9ffb-6612dc687283,0
9276,8bea0e5c-4e9d-460a-9309-f96b30b1ab06,1
9277,8becce72-0104-4980-84aa-614bdfbd9f90,1
9278,8bef7ff7-69e6-44b9-bcb0-2ddc0b7c774b,1
9279,8bf03754-4a20-4f5b-a713-291bc002824a,0
9280,8bf14359-7300-40e6-a6b1-4de934bac491,1
9281,8bf3f635-ae0b-463d-a33f-ca61868ad362,1
9282,8bf51e2a-9b8f-443d-9e5b-152654b5ff7c,1
9283,8bf6efda-9803-430b-8903-69de17fd3b5f,1
9284,8bf800c4-5c15-4199-883b-9ba7a96a9d95,1
9285,8bf8b448-4503-4ef3-829a-6b37b1cc5588,1
9286,8bfa6cac-58e1-49b7-9f25-6eabab7e22eb,1
9287,8c010ab9-6f2e-4f33-adee-37f0b4f28a66,1
9288,8c093f9c-33ff-4987-9254-fb99a902eec0,1
9289,8c09c96a-6093-4afd-bc08-1174c73eb7ad,1
9290,8c0d1d34-4507-4ee7-a95d-d85f49d94a14,1
9291,8c0d3a88-6957-4039-8f38-1dfa08babce4,1
9292,8c109a8a-0e04-4b0b-b6a7-92a1fe75e1db,1
9293,8c10f514-8143-4be7-ae42-9aa2cfcd1096,1
9294,8c13d117-1f04-4f91-a0e4-9083cb02a61b,0
9295,8c14de39-cb7d-4ad1-9639-4a0b00156ec9,1
9296,8c1515f7-58b2-4f11-9585-5dd87152b71d,1
9297,8c183209-a501-4918-b219-2099b2cd27f3,1
9298,8c1c8afd-a7b0-410b-8aa4-97d92c9eb979,1
9299,8c20c354-ed5c-4d45-86dd-f5e410836490,1
9300,8c21bed0-33c3-4373-966b-b8c7d6963760,0
9301,8c27c5ff-91db-4914-82b3-20818249987e,1
9302,8c2886b2-5240-4413-b96a-903054a95584,1
9303,8c30fbc2-fdeb-44d7-93fe-1100429a31ac,0
9304,8c3a6698-56b5-405f-87a6-44d03650cbcd,1
9305,8c3e8cda-c57c-41d5-9d4c-c27fc86c2e0b,1
9306,8c447779-3859-4706-9f2c-d7333685a473,1
9307,8c5711cc-00e3-4f53-a0df-01b5734238ff,1
9308,8c5a2029-2edc-484b-a874-7afc919274c9,1
9309,8c5b1519-7946-4ed6-89ec-ad6e4fb72364,1
9310,8c632ef9-41ce-480c-8b22-996855d6e1b9,1
9311,8c669808-1b44-4465-88be-9e237882081a,1
9312,8c69c7a4-c4ce-4b47-afad-66d64bd3d675,1
9313,8c6f919c-c898-4dc5-838f-ec9226d379b3,1
9314,8c721162-2bcf-49e6-998f-ceeb67bc3a9a,1
9315,8c729d8d-ac62-4d63-8489-008549823c9f,1
9316,8c7919e9-5cf7-49cd-be16-950410eb55b9,0
9317,8c7af88c-5f3b-41ab-bf17-5f73e47b6321,1
9318,8c8719e9-a3e0-4e1b-a4cb-54e2ae8deff0,1
9319,8c95f5ae-4f4c-45cc-8529-733a62bf8ece,1
9320,8c97e883-5e3e-4e28-baab-3e63f2186404,1
9321,8c9e759d-40c6-4fe8-9e40-2c059bf3bed9,0
9322,8ca8927e-ecf2-4aa0-8f40-2b9f5cf3be97,0
9323,8ca8c00b-b4a3-4b8c-a121-66328484ee8a,1
9324,8ca90d9c-47ba-4cfa-a0f0-86577b219e4b,1
9325,8caa2edc-a013-466d-a038-c5cd269a624a,1
9326,8cabd8fd-d00e-4b91-b9b7-39190e1017e6,0
9327,8cae0d87-9e1b-41eb-bf7d-bad92d25d1b9,1
9328,8cb6199f-87ca-4584-866e-1f90c6908284,1
9329,8cbb7be0-0ba2-4eba-b2bc-53ca189065a2,1
9330,8cbeeb23-d81f-4060-8363-a563e53f3ba2,1
9331,8cc2345b-c3c9-49a4-8d68-fc1022bec205,1
9332,8cc94bc6-8579-441b-af44-ecf4ad1b6683,1
9333,8ccb3b57-9f17-473c-953c-efb6bc598ee4,0
9334,8ccc0e1f-b218-4d03-9a15-9bb495f63ffe,1
9335,8cce1af9-535d-4f3e-bbdc-92f1c6470fe2,0
9336,8cd11e98-5939-4052-8e0d-d6f4455621f1,1
9337,8cdb15eb-ea97-4a65-9297-d7fb2f45b860,0
9338,8cddb847-9b7e-409a-a244-7bd252c92106,1
9339,8ce09b66-cf6f-4488-a480-c0a2d37a1cfe,1
9340,8ce40010-42bd-4d1b-8b6b-b3912af2dee7,1
9341,8ce7b4e5-919c-4d56-bf51-c4d3b50364f4,1
9342,8ce8d0c4-617e-4f8e-87f7-f5c52e8ff1fc,1
9343,8cea46c3-9f97-4e30-bcca-c5a2797487cc,0
9344,8cee42fa-d574-4379-aa34-1c61fb9d5001,0
9345,8cf44f93-dd20-409a-845f-38acd05fe93c,0
9346,8cf4b512-7668-433b-889e-1e46a4ad77b9,0
9347,8cf50afd-5f7f-479b-b8cb-f6491a0dc05b,1
9348,8cfa1c53-5490-46b4-9330-2e2a33055525,1
9349,8cfbdd23-4f6e-412a-a2ae-4506c505d71e,1
9350,8d02fd6e-2e16-4ccf-aaa5-8a588d7f506b,0
9351,8d03a332-fd9e-443d-a070-84084593f306,1
9352,8d07d28f-3a1a-4d37-a194-e023e7c2875f,0
9353,8d0b1e29-2099-4158-bec3-da36b6df73a2,0
9354,8d14523f-68a9-456c-933f-e1a25c9f21a5,1
9355,8d177ea5-16a5-4bf4-bc74-8468b294873b,1
9356,8d1a76de-ea4e-4a94-a349-01c7de307d9c,1
9357,8d1c17a6-ebb6-445a-9d4f-5d2960bf79c9,1
9358,8d245c2b-44b6-4e4a-987c-36065108b713,1
9359,8d26c5f6-3ab7-42d9-b3a6-b9841b2c6953,0
9360,8d297c1a-23eb-4fdc-b2e4-0064f19ccd02,0
9361,8d2bdacc-2cfe-4616-aff4-3de6ebf2ec3c,1
9362,8d36b621-0aa2-4ae3-814e-f45e3e004ead,1
9363,8d4069a3-96df-4bb8-b606-10ede47f3f23,1
9364,8d446d88-7ca8-4c35-8eb6-97119abeb442,1
9365,8d448d1b-3d49-43f5-b5f8-3a354d4adcd8,1
9366,8d44e52f-c573-4e4c-9f69-6f22d03dfd82,1
9367,8d477d7c-0905-4ee9-8519-298c4fca0e52,1
9368,8d4a6692-0be8-4cd7-9d9a-c69465949185,1
9369,8d4ae42a-5a9d-4f07-831b-441e9e808b7b,1
9370,8d4ec3dc-12cc-4c60-a18a-93ac0279d751,0
9371,8d553505-975b-4318-a9e8-86e652a06f70,0
9372,8d5d1499-ae57-4edf-9dd4-b7f06b7fe763,1
9373,8d5ecdbf-b9f8-410b-8daf-7a5799d1de95,1
9374,8d65b72e-a1f7-4670-9cc0-c81c9d1a0357,1
9375,8d720ba6-7b83-4b70-9a65-868e824e56b2,1
9376,8d728393-fff4-4f46-af31-d96da61f113b,1
9377,8d739e68-a3f6-4abb-b680-4bc501fbea9c,1
9378,8d764db3-1bb6-4d42-b901-37f4394bbbbe,1
9379,8d7c2b70-e525-473d-82b2-c9f7827d4c9a,1
9380,8d7d49b6-d01e-44d0-9258-a4a60b387c6e,0
9381,8d7e359f-a6b0-4237-96ab-c38549d5a8c7,1
9382,8d8279d2-eaac-4ca4-9f78-827a0f22b1f4,0
9383,8d8c30ae-549d-40f7-a24b-de4497560926,1
9384,8d8dc3fc-b712-4635-8567-405df09742ac,1
9385,8d90bfd5-f906-4d02-b999-73c746027368,1
9386,8d92abab-e5e3-4ea7-9eff-d6335a79f155,1
9387,8d964a85-0174-41af-ba13-0c2996eb5dc8,1
9388,8d966ea7-4724-49d4-9ce5-b3cb63830440,1
9389,8da1df69-dfd9-402f-8b87-4731e17b459f,1
9390,8da3eef0-2b18-414a-9445-f2c180eeae9f,1
9391,8da4eb23-41bc-498a-9d42-59aa8bb85c56,1
9392,8da5f565-f4cd-48ea-acd7-9719147d6864,1
9393,8dae8287-0fde-4e49-8138-eaebe776d522,1
9394,8db19032-b467-438d-a89b-f79bc897fc85,1
9395,8db1c648-a93f-4b5c-b9bf-8aa7286785b2,0
9396,8dbaedb5-527b-4549-b0f6-fff72782a047,1
9397,8dc11551-cbf3-49c9-83fc-7e5ca9ca99f2,1
9398,8dc47680-78eb-4baa-b448-74376cb6fc8f,1
9399,8dc4e441-67c5-4972-a191-78223fcfdea7,0
9400,8dc62a44-9470-43e0-940b-fa7cb4f18106,1
9401,8dc8ac80-e0f9-49d5-ae68-bbc45e06975c,1
9402,8dcd0448-87eb-4fcf-ac38-e36d179ca901,1
9403,8dce1197-f163-4619-88c0-343f050ae045,0
9404,8dd03a20-0b8a-44e7-b3a2-71c155c4091c,1
9405,8dd729e2-915c-416c-8ebc-0e9295a51cb6,0
9406,8ddd5001-0d7f-4618-b15f-52fe99c47d39,1
9407,8dde481e-51d7-4eef-a761-1afe71fb95f7,1
9408,8de18192-0394-43e1-8dbb-b459f168641b,1
9409,8deec641-3ffc-4fc3-aeaa-3f7c2d09d9c9,0
9410,8def41b2-7b58-438f-b123-6b95ca19f417,1
9411,8def6b2c-fffd-46f5-b0f8-716f002f6e4c,1
9412,8df3c917-67a9-4006-88fe-3d59c1847db6,0
9413,8df656e9-32cb-44c9-b44d-7527dfbda185,1
9414,8dfc1f8c-4203-4a02-aa30-7fd24f48c28f,1
9415,8e013c7d-e8de-46ca-b18e-cc1abc70d09d,1
9416,8e0855ac-d341-4051-bae1-a96b602b3f04,1
9417,8e08b81f-d799-4d7c-8fb8-0e53215a1d98,1
9418,8e0aa3a3-9699-42c5-9573-f9c5799b8921,0
9419,8e0b6250-a731-443b-a8d9-954ca68e99e1,0
9420,8e0c8906-a891-4edc-8d6b-486af851a133,1
9421,8e0dd41f-d291-483f-8822-a37d6d852634,0
9422,8e135779-ca08-4937-9681-9829d2083482,1
9423,8e1597d4-678a-4ca7-a769-126992fd5181,1
9424,8e16fe64-6215-4e29-a375-06d4785d1c6f,1
9425,8e175198-dba6-49ab-bc96-b57fd2bd611f,1
9426,8e17cc50-6837-4221-ad64-12d5f051f31e,0
9427,8e1c471b-e733-4c97-b526-af3720b82030,1
9428,8e1ed051-a35d-4c86-bb8d-e7e00b474228,0
9429,8e2c6550-e427-4acc-8529-26bae808e1c3,1
9430,8e352212-636a-40f3-a901-d62616f648d9,0
9431,8e36fa5f-448b-451d-a954-ccb8a4fb5dab,1
9432,8e371525-e59c-4c0b-93fb-20a64437fa8f,1
9433,8e402d6c-cde8-4186-9db8-636bcd9a1c71,1
9434,8e4b8901-5065-4409-b445-069e90f80d36,1
9435,8e4f0bfc-78ab-4492-99bf-2df2679ffa3a,0
9436,8e5020d4-be0b-431b-8239-16f27c4a418c,1
9437,8e55470d-1367-40bb-b3c4-1407539f5f01,1
9438,8e5c93f1-cbd9-4f06-8f8f-6a6841c314cb,1
9439,8e5ce385-ee11-421b-9145-0552bc87be58,1
9440,8e5d67a3-d528-47b5-bd6f-112234f4276c,1
9441,8e60a74f-2d22-456d-af4c-6f9e51a8f6c6,1
9442,8e6151fe-8072-4aef-bdc1-ae4094517977,1
9443,8e668afe-9f35-4f43-a456-18e33d41a7e8,1
9444,8e716775-f007-4e8d-b719-9344c953d9ca,1
9445,8e7362d3-86e5-4520-835b-61e2af9abb9c,1
9446,8e73f553-101b-4517-9f04-a4634f987d9b,0
9447,8e7454be-3fba-49e4-ad33-acce13aa66d5,1
9448,8e798939-7bc0-4277-bd64-0c163b480106,1
9449,8e7a7259-5a7f-43ff-8446-7ec416521671,1
9450,8e7e5b13-65ba-4aa9-b8cf-c52db2653d7d,0
9451,8e7f9503-8525-4fdd-a7ef-437e52e23a03,1
9452,8e7fb2e0-e292-46a5-bda5-c236b6b73be9,1
9453,8e80427a-2b92-4b15-ab55-02abb0ce7714,1
9454,8e80a061-8a72-4ca5-bfe3-f47d839a8ed4,1
9455,8e83757f-4606-4384-b3e2-6ad72871c57b,1
9456,8e85036f-d926-409f-b29b-f519cb4d9fd3,1
9457,8e85096b-3d5e-4bc3-b731-6644859965d9,1
9458,8e8982a6-624e-4fe9-91ab-dfa142557a69,1
9459,8e8faa88-5cad-4fbf-829a-b18a1c5c49fb,1
9460,8e954733-fe9a-4842-a361-3c44bd9fb063,1
9461,8e96b3d8-eb66-4d6e-9a51-520444bb2591,1
9462,8e982bdf-67a6-4235-bf6b-ae1d9f8bbc69,1
9463,8e9dc730-34fd-45e0-8eb9-aba6f808a731,1
9464,8ea3ffb4-460d-4e59-ab3f-1730e16aebb0,1
9465,8ea63189-4524-4f65-86fb-543d0588b041,1
9466,8ea63c79-1eb4-43b7-9e4d-ef99f5b084c6,1
9467,8eb3e587-c179-4f67-a9c1-e65d87660425,1
9468,8ebaca00-0b6f-44d0-aa5f-ff50a4da20af,1
9469,8ebf6848-a178-448e-9b59-2bd0f6bbad1c,0
9470,8ec58a4f-858f-4b42-8e20-e91aee672eb4,1
9471,8ec5939e-f9f7-4440-8631-03e10bad0541,0
9472,8ec81b10-ae04-4f33-ad4b-fb39f4c152ec,1
9473,8ecb0dd3-4e68-4b61-aa69-4cb9ea90a621,1
9474,8ed046b4-560e-443c-a475-d787bba5e8d4,0
9475,8ed1a0c4-381e-45b0-b67a-8216cf14ee95,1
9476,8ed3298f-a764-451b-9319-b116eba1b8f7,0
9477,8ed518a0-fd73-40e7-b8bf-11920acc374f,1
9478,8ed815eb-ca84-474f-b76c-b226af387baf,0
9479,8ed91dd5-bd4c-48f6-9a70-29f87b2c89f5,1
9480,8ed9489c-3a95-4c08-9559-26d58cd807e3,1
9481,8edbcb64-1953-4865-9f66-2fad1b961b46,1
9482,8ee12941-fda5-47ca-81b8-abdf99321bc5,1
9483,8ee2ebf5-1ac6-4085-8b37-03fbb00e98bd,0
9484,8ee3947f-9084-4c9f-b24e-95ca5402f8f7,0
9485,8efdc012-f966-4520-94d4-92e1ac7762b6,1
9486,8f010055-62be-41ec-8c58-97bc00a0f7dc,0
9487,8f02873a-84f4-43e4-abb7-0ca6db06a8d8,0
9488,8f142029-f3b3-46ce-9fcc-4497aa67e9b5,0
9489,8f1e38cb-215d-439e-9b44-35b3de03734a,1
9490,8f21a4ef-d2d9-40cc-a944-97136f8bc3b4,1
9491,8f237874-fabc-4a91-861e-2198ca3924a7,1
9492,8f273877-31fd-480d-a78a-14ce3b0928d5,1
9493,8f28c6fe-4324-41d0-a10f-acf66735bdae,0
9494,8f2db2d0-9b01-49e0-bcd7-d6a387202c38,1
9495,8f2e4930-cfad-4547-97a7-5086e79a8558,1
9496,8f300c83-c9a5-423d-b7fb-3c905d265c38,0
9497,8f3cad6e-6049-4638-a5ca-ab6a4cf09478,1
9498,8f3ccf96-f407-4d1b-b94d-714bed11d93b,0
9499,8f3f535f-4e8d-49ef-bd28-73aace1d11a5,0
9500,8f405fa5-2963-4c93-86c5-6f650243d7c5,1
9501,8f42310e-02d9-4efa-9bfd-c8809ef3e120,0
9502,8f47a48b-cfdf-4220-8c65-9b22fb82baf8,1
9503,8f4f391d-0d65-46a8-ad09-c0658c3b17d3,1
9504,8f4feb57-c143-4051-bc2a-748dd82b6088,1
9505,8f529337-3d3e-43e8-9f25-4bcbe882c01e,1
9506,8f52aac2-198a-4c23-b4ee-ce08e9382ea5,1
9507,8f5403a0-f8b3-4836-aa53-6f5aa1696aba,1
9508,8f5b25b1-84e5-4497-b2f8-0e0d763deaeb,1
9509,8f5cfb95-e46f-40aa-834d-a3688945701b,1
9510,8f610e5f-3cd6-4686-a848-bfbf3d4b4472,0
9511,8f6133b1-0a4d-4560-b1f1-00f0f62903a8,1
9512,8f6a5581-9abd-441b-b745-a1ff97f6a2c5,0
9513,8f7135a5-f0c2-48e7-9cbb-ab68850ded24,1
9514,8f72d272-5228-4f56-8e8c-339fff1f469f,1
9515,8f78c39f-fc9c-40e7-b3ae-1f06f5991b98,1
9516,8f78de2b-1659-463c-9250-41cc4e7167fd,1
9517,8f7c1587-4e4e-41d4-8ef0-ce19e64d3871,1
9518,8f82dd47-ed86-41ec-ba8c-8bd4a5196406,1
9519,8f85ea37-82b8-433f-85f3-099b099b44f1,1
9520,8f865cde-9e50-4c06-aa40-055a381822b2,1
9521,8f87c263-3a36-4969-9adf-24307906c6f4,0
9522,8f906bc7-9a42-40c6-848d-b05ccd0356e8,1
9523,8f96083f-e5db-4ce3-b913-3b134c01bbf5,1
9524,8f9c381e-d338-4dfd-90c3-1c3ca15b1719,1
9525,8fa6e60d-15e8-4baf-8b4b-12b475c07905,1
9526,8fad65a8-a44d-49f1-9930-18db16dd3977,1
9527,8faea967-00f3-4313-99b2-815c1bbd5d3e,0
9528,8fb1dcf4-b8d7-491d-ae3f-04097157e3db,1
9529,8fb60085-9b6d-4f0d-9133-4242c0a0a037,1
9530,8fb8e1a1-3c24-4d4e-9600-1e60a718fcdc,1
9531,8fb9d66b-91f3-4f25-bd23-550968f160d2,0
9532,8fc7ca3f-d3ce-422c-970f-05008d07df8c,1
9533,8fc992e3-8b4f-4d4d-b30e-48ab9016e89e,1
9534,8fce0f08-b3c0-49e0-a506-69b3faf15663,0
9535,8fce8f1a-8569-4b51-9dc8-33e48996e1e6,1
9536,8fd3a78b-b264-4711-bd7d-da33b144fe27,0
9537,8fd3b867-3cf3-48cf-9256-6884a93d1755,1
9538,8fd4b43c-f7a6-47bf-b179-08829d42a64d,1
9539,8fd572b3-607a-4fd0-a88c-a73f3ddb99bd,1
9540,8fd65f6a-bba3-410f-955e-8138bdc2c56d,1
9541,8fd7fe9d-64cd-4e57-9337-ecb10249e4d5,1
9542,8fd88b83-de75-42f1-851f-84f858081129,1
9543,8fd96801-aeef-4c0d-a44d-803e3051bf61,0
9544,8fe21301-01ca-4761-9f14-a029dffd73ae,1
9545,8fea23b0-3a11-4582-9cf5-2663ca606eb1,1
9546,8ff11c87-3f43-4c19-96ec-3489fc7b7670,0
9547,8ff8bfbd-8aa3-43b0-9a08-4e7d9506ef5d,1
9548,8ffd235a-1387-4a90-b038-73e409ab62c7,1
9549,9011349d-d510-4d7b-876d-4dc01902be62,1
9550,901fac20-9858-4937-b38c-ea6190a7022c,1
9551,902240d8-c54b-4aad-9fda-fc6666e21493,1
9552,90289760-e0dc-4b68-a0a5-3addd7ea1294,1
9553,90289bdb-ca78-47b7-9315-b3a5dac30a28,1
9554,902ebc1a-61e0-4d82-80d0-4a2b3eaeca63,0
9555,90379650-1a51-4e66-a716-3249767a679e,0
9556,903ac205-dfb8-4f6c-a559-c3c77fbd98bd,0
9557,903c6e7b-62ae-462c-99c3-86b127e12ef1,1
9558,904300df-f1c1-4990-aafc-dee6800fdb67,1
9559,9043aa03-1056-4150-aa05-dd075be72318,1
9560,904866c8-8614-4a6f-a725-ac77707748bc,1
9561,904e3d24-b739-4f8f-acb1-c4d75b68dba3,0
9562,9053467c-0c08-4c16-89ae-10c7f2e1599d,0
9563,90536065-7007-4400-b307-e22d8bba3200,0
9564,905384b9-4fa8-49de-bcab-410444a74848,0
9565,90540c00-c257-4899-ba4e-951ea77b4a89,1
9566,9055030a-f06e-4ab0-b155-b4c36d05c44a,1
9567,905724eb-c6ce-48d9-b3b5-08af076f9454,1
9568,905ed14d-3b55-495d-82fb-a58013ddf6a1,1
9569,9060b92d-0e6a-4b13-9f27-3f16c4504db6,1
9570,90638c94-d60b-457e-a4c7-5407ac300a58,1
9571,906cb2ec-bf7c-402a-b69a-15a3e1aecdae,1
9572,90707c01-99ff-406a-a520-b7f0609c95ea,1
9573,9076fa8f-dd70-45e1-99a5-6ac0cfced6a8,0
9574,90781827-8631-4261-9a7a-2954b1e9adc3,1
9575,907985c4-2360-4dbe-8990-e331f9250f71,1
9576,9079d80f-633c-42f9-85bb-e41258da4078,1
9577,9081ef0e-4c5c-484f-8dd8-c065653fb4de,1
9578,908405d4-b63c-4b21-8ec8-04e6f0a95f2a,0
9579,908cf7f0-91a9-4746-bddc-6053cb93c36c,0
9580,908fa84f-8a33-4f57-aac6-ae8c7d3ff52c,1
9581,909127a5-14a4-4455-96f7-9f84d4ae82b2,1
9582,90913908-e6cf-43f5-901a-5dd23fa10fa2,1
9583,909208f5-749d-4ce2-bfdf-1e69fd628f26,1
9584,90a5b328-ced2-466b-a98a-388980bf7217,1
9585,90aa31bb-e717-44cb-ac55-acad1a2f9aeb,1
9586,90b10a6a-ee0f-41db-8f3e-7fd479d42f40,1
9587,90b4f201-d734-4e87-9cc4-8792f1a0098b,1
9588,90b5bf22-1170-489e-8870-eca62ee57eff,0
9589,90bea8c7-34a9-4ef2-8488-8915858f8577,1
9590,90c2a942-2d35-4c64-ba3c-4a56c9dd9274,1
9591,90c3bd82-f705-4af8-886c-619f43c93b58,1
9592,90c7b215-9125-451f-a731-eda7c404467e,1
9593,90d15df9-c71e-448b-91b6-e40ae26123b3,1
9594,90d215c0-c11e-4a41-a8e3-df86700076b3,1
9595,90d38d10-cf31-43a8-860e-e3c86673fa7c,1
9596,90d69b22-0315-4437-b519-dbf4485b2d9d,1
9597,90d79c69-da44-461a-8962-73b58fee455e,1
9598,90db6d34-5799-4eba-94c1-724f0df0e444,1
9599,90e07bab-f8bf-4a5e-8c0f-78725e4cd8d1,1
9600,90e123e8-1b65-4ed2-93c9-8374c4d9e4b0,1
9601,90e22e74-320c-43c9-affc-ecae616b9458,1
9602,90e5b867-6330-42f9-a07f-3f985109e7ab,1
9603,90e612f6-2a54-403e-b20b-c07c385539ec,1
9604,90e8dcfa-7c93-425a-948b-2faa8c99809c,1
9605,90eeccb1-d401-437f-99f4-4c415bf94fd3,0
9606,90ef979a-7137-468f-b263-428779d8313a,1
9607,90f6edf8-3f5e-4e57-8d36-59334bbcd856,1
9608,90f820df-3eba-4bcc-97a8-715512aa2eca,0
9609,90f8ec6b-2d83-4318-aa93-28e1283ad9a4,1
9610,91007822-4f9c-42a4-bc13-9f74bc6b54a2,1
9611,911169cd-6c5e-4b7b-8ccd-9156d4e62485,0
9612,9111e8a3-50e4-4185-bc1f-4b1752edf62c,1
9613,91134b34-0cf8-4561-8c19-b5e67b35f3ca,1
9614,911433ef-4e2b-4e2a-adaf-7a81ac85b8b8,1
9615,911610c7-7977-4a7d-bed5-48f87b1975e2,0
9616,91172aba-0464-4ce2-bb4f-fcd0d3940334,1
9617,911903d1-dfa0-4c28-bf5d-dcfe04c3e082,1
9618,911b4872-a653-4e91-8e8c-f609bc1e8afd,1
9619,911d159d-10fc-4cee-8acd-fc6b893a9889,0
9620,91254967-9660-4b14-9659-93da635af14c,0
9621,9127906a-746c-487e-832b-76f864d82b76,1
9622,91296380-1b92-4914-a756-ea152fe52c47,1
9623,91296f53-d161-47de-8baa-99a583deefe0,1
9624,912ab7d2-84d4-40db-927f-5ec1ebd83047,1
9625,912fef25-a026-4dc4-a293-78858c573d13,0
9626,91305521-663b-4535-b376-1f612428ad7e,1
9627,9130a922-c577-4607-b553-9ecb0d5f7348,1
9628,913a67b8-6763-452e-8ab9-9b1dfe2f41cf,1
9629,913ef041-a6ee-4470-b58d-edf986f79841,0
9630,91438ad4-9556-4f41-a05f-8f543d0b1687,0
9631,91446b9c-7ac4-45ac-aa0d-daa1ec9343cc,0
9632,91458ef9-5087-4a87-9942-6d211d21a4e8,0
9633,914a9fdf-4941-4403-afd1-1f692f3bdbb0,1
9634,915502f7-6fa5-4a54-b480-1f94897702b2,0
9635,91569bff-594e-4e44-8d39-e1b85b6c9776,1
9636,91598183-0025-424c-94ec-44bc4266bccf,1
9637,9159d804-4b18-4b2d-bf74-381318009b6d,1
9638,915afbc7-0141-4680-a345-30100c23ccec,1
9639,91603cad-9fbc-4363-bf9e-9752a627cb5d,1
9640,9161b3b3-6648-4aa7-b992-763c284b20ef,0
9641,9165bfed-f0c6-47e8-ad56-2c40fac1c7a1,1
9642,9166fb14-6d84-473a-a498-af6d508d3e2d,1
9643,916b4b1a-84e9-46cc-85c6-3c73b8b0733e,1
9644,916d0bcc-2265-433b-acdb-f679b69a4074,1
9645,9171db07-0732-4e49-8e0f-18d898bb688d,1
9646,91750088-271e-4fe2-9fb5-6af88f20c531,0
9647,91786299-955b-4aa8-837c-86a8f2006ab7,1
9648,917ca53c-ce9c-4e80-b90f-3fb095aae4cc,1
9649,917d06f3-6947-4a13-8ea8-315ead509e94,1
9650,917fcb43-ce06-466f-b771-bfc2fb979534,0
9651,91836d55-9873-48f6-97d2-4da591abea99,1
9652,91913008-d825-4868-9a76-b401fede3431,1
9653,919852de-0ce0-4f77-96c7-5a0037135c6f,1
9654,919a5ff5-2faf-427a-81b0-01ab3043119a,1
9655,91a4578f-6007-411b-b51c-afcc2d20f447,0
9656,91a4f8cb-e237-4874-81e1-c32cdc67447a,1
9657,91aad175-eee8-41dc-ac58-5866879612c3,1
9658,91ab0f04-2e78-4582-8ee4-d8eac82e86d9,1
9659,91ab435a-5d82-4b7e-9092-44c36a62a042,1
9660,91af177c-2a93-4d17-82ed-88ced2956692,1
9661,91b1e1ed-7604-441b-9415-f7eecb676e29,0
9662,91b58d4f-803f-4ae4-86c0-161c152f6a73,1
9663,91b87860-fe4d-409a-b15d-8df3d44bf97c,0
9664,91bba28f-6c78-4a59-81f1-445b4b7d6106,1
9665,91bbf072-742c-45a7-93f4-c1d6bdd17a2b,1
9666,91bd3f6f-2bee-47b4-8515-3c040afbfd66,1
9667,91bf2713-b6fb-4e0c-9172-bff7ffaa0f33,0
9668,91c095c5-a442-42ed-a3b1-48121e5b9c1a,1
9669,91c4f806-e99c-4c8e-b3fe-09c7023ac273,0
9670,91c557a7-9e15-4cf7-a9d9-14a799657390,1
9671,91cb834b-4419-4b44-b596-abb6d5fbabd5,1
9672,91cd3fa2-4f6c-413d-9d2e-69542fe3e464,1
9673,91d23af1-2fb5-4fa5-b199-2db941924909,0
9674,91d30596-cf3a-4f1a-bc53-90e873829c28,0
9675,91d39e35-e945-4959-a56a-406b2916768a,1
9676,91db8bd8-83be-4088-b367-bb40b9c047ad,1
9677,91e3191a-e632-4770-a601-8de9cd6d7087,1
9678,91e72e2c-f263-48a4-979a-f2803fe198e2,1
9679,91eb9286-becf-4c7e-af3d-2957f037e739,1
9680,91ee09c8-8114-4be2-ba54-d632bd071408,1
9681,91efb991-7139-4c4b-b8c8-aa303de32979,0
9682,91f1e064-dccb-495f-b76e-b1d118fb2fc4,1
9683,91ff458d-0b76-458d-914e-8154161c6945,0
9684,92040934-fded-421b-8e39-9567fe5a7979,1
9685,92043c0f-6721-4a92-976f-7073f0cb0a35,1
9686,9207cee8-182e-42a8-8402-f9cce794afbe,1
9687,92092ac5-98cd-4a08-83af-69af0e6ad1c8,0
9688,920d48d4-d79c-4697-8ff3-1cd5b240fdf9,1
9689,921482e1-ea2f-4e30-ac0b-2e199104266b,0
9690,9214d4aa-1c35-4a43-b381-33bbe2f2fe65,1
9691,9218d256-d954-47aa-a5ce-5e9a5c788f43,1
9692,9218e5df-c7e6-44c4-911b-2f7529dba4d6,0
9693,92197462-1074-47b0-a814-184fb450c51c,0
9694,9219909e-ee9b-4a3c-bee7-bc5b3801f71b,1
9695,922b5811-a644-4cfe-aa3b-5b253c29f8da,0
9696,922b95f4-d098-47e0-81b1-4b6f57ca6efe,1
9697,922d014b-05a8-4467-b2c1-7ec85644622b,0
9698,922d4859-68d1-4b5c-b8cf-a5b0f310757a,0
9699,922e3ab2-8434-43b7-b3e9-45362458fd48,1
9700,92357227-197b-4a8f-89af-902d6b36ec9a,0
9701,9243ddee-2409-4fec-a318-4fd2a41a3b97,1
9702,92457562-74e0-44b7-80c0-01581ee11026,0
9703,9249392f-25a3-45fc-b9fa-bd35fd95e248,0
9704,924c751a-5e0e-4d6c-8498-a0cfe122d251,1
9705,924cf3e2-5832-4320-9b83-bc4a2e453943,1
9706,924cf578-a6f7-4d76-80f2-f5054a062bcc,1
9707,924d7d01-f6b6-4c4d-9f47-9bd0f3dc35b6,1
9708,9255d4aa-3814-4470-ba67-f4568cacdc07,0
9709,9258ab41-d1d3-418b-9e26-20e4f6512851,1
9710,925dda0d-dc9e-48d1-8f90-b599048232fc,1
9711,926156bc-39fc-4483-bd33-9a776e4e3257,0
9712,926707f5-42d6-432e-b6e8-28bca8b5fb4f,1
9713,9267af70-c28a-44af-9983-17842520549e,0
9714,926cde53-9f42-40bd-9d3a-265c06b4ee19,0
9715,926feff0-2160-4ceb-8b60-f331f5643564,1
9716,92712abf-38a5-4086-b823-21d49694a992,0
9717,92758148-7312-4284-bf70-4ef139fd5751,1
9718,9276958d-797d-4a52-84e2-386f1b51c013,1
9719,927a8d61-8ed4-47a9-804e-4a23af96cf1a,1
9720,927aa1e5-2d13-4b3f-bb1a-98a6450d7ebb,1
9721,928612cd-6d83-4dd0-ba9a-3f631170be1d,1
9722,928689dc-ab04-4915-95e6-7686323655f1,1
9723,928c2084-3a5b-4448-84e6-1b1f62b8a053,1
9724,929580e1-0c30-4556-89c5-152eda291ea3,1
9725,9297468b-d633-4452-a699-f5ff3ed153e4,1
9726,929dd341-849e-49e2-add4-0b6ada038936,0
9727,92a0d3f2-c009-430e-bbdd-b58032074265,1
9728,92a410ce-3806-45a5-813b-7262e759fe7e,1
9729,92a65463-9ba5-4756-8ef6-a6c08f1f6419,1
9730,92a8dfc8-4aec-45f0-a505-77b0e2e75f01,1
9731,92b53a04-8330-4c2b-92a5-2adb1b60a749,1
9732,92ba57f3-c50f-4737-b191-71e2d783fead,1
9733,92bd9e00-cf47-43f9-9b73-97f420f34afb,0
9734,92be2930-0443-47da-999a-cca4870dddec,1
9735,92bf3834-3593-4b99-b70a-19adc207c155,1
9736,92c1c7bb-c337-4fc7-ac08-ce71e22a6df7,1
9737,92c2d54d-7067-4081-ae3b-50b06b0bf695,1
9738,92c51e55-bc2f-445e-bd03-fe411f3153b1,1
9739,92c5c4da-ae5d-4ca8-90e3-61f826a402e5,0
9740,92c69447-68c3-4b80-af4e-d4ab05d2f347,0
9741,92cd2807-8d3f-40be-971a-b2c938a3a3ee,1
9742,92d09f8b-2948-47aa-9900-923b55add97c,1
9743,92d3ae0d-624d-4470-a451-8e8adf65ce8f,0
9744,92d4788a-614b-464a-9b8f-7ac430256f98,1
9745,92d7e065-bc1b-4924-b14f-4f4a62a0d01d,0
9746,92db3f93-af5b-44e1-b3f1-cc8bc75d6085,1
9747,92dbc3aa-3963-4753-aaed-ed79f938d00e,1
9748,92df0ba9-325f-4993-87f1-988971dd4a73,1
9749,92e0fae9-67c0-4f84-98ee-94a3066f7a61,1
9750,92e2c2fe-f640-45cd-80c6-09581d574bc1,0
9751,92e76477-610c-4e63-94db-ae6ca5f064b4,1
9752,92e9ccaa-71f2-4fec-8e82-635804bf76bf,0
9753,92ea75c5-a90b-4d47-969b-fd4f631a6ec7,1
9754,92ea86bf-861e-40ba-bd30-9e5ea03e560f,1
9755,92f132c8-cdaf-485d-8fac-3a1558be52a4,0
9756,92f57db6-6e4b-4f67-baa9-52f5967dfa4f,1
9757,92f97238-2bc2-45c8-a45c-e2bc1b613ada,1
9758,92fdbf93-ebec-4aa8-8a73-b8751f1edcc9,1
9759,92fe4b04-73a2-40b6-a04a-c1eeaa37cb99,1
9760,9303a011-4154-4dbd-bbe2-7d6d77f021b3,1
9761,9304cc70-2c68-4a3e-8c80-356b62fb6586,1
9762,9306fb5d-f7c2-4a3e-8ada-1ca573ac4f15,1
9763,9307485b-88d4-4b16-8be2-1ceb1177c55c,1
9764,9307dcfb-5429-42c0-be5b-3e32e981c0ff,0
9765,93082bbf-aa87-4394-94a8-d08762d3d453,0
9766,93095f13-af18-409e-bbeb-f1927d4e9b18,1
9767,93096933-c20e-4b61-bf87-6a9dfe6ed72f,0
9768,93109ff6-f08f-404b-875a-c2406c052f6f,1
9769,93113a5a-e6f0-4721-ad92-a5d05ca2536c,1
9770,93141354-5779-46ec-affd-9cefce04217a,1
9771,931a0916-16ad-4abb-bb9a-f7d5a84c4013,1
9772,9325d9e1-3f2a-4e4b-9651-2d9e9dea11ae,1
9773,9326764a-c138-4665-8bd8-01ec864ef400,1
9774,932ca11f-50a0-49e5-8a2f-0ba84f5c3206,0
9775,932e4f61-20c8-400e-9850-d87f7fd39638,1
9776,932e68d9-4905-4106-8841-56e2129a3e7c,1
9777,932fa1d9-7b74-46f6-bdac-2da900fec431,0
9778,9340c76b-9e60-407b-a3bf-2bbc7c628edc,1
9779,9347d19b-e532-4b3f-88d7-9c8100a9a19b,1
9780,934b2f62-857a-4534-98ae-f06e7d373435,0
9781,934e4b2c-efa3-4517-b20c-a32cba5b9f45,1
9782,934ea338-66e3-4e5c-8a83-48ed66b0a996,0
9783,934f2107-2030-48ca-8fc9-d0a356e0baec,1
9784,9350795c-3567-47c6-bf5b-23f536c12a12,1
9785,935366e6-ecfa-49d0-ad6f-e9c889019eda,1
9786,935607f3-7941-4192-bee8-c760a86dad64,1
9787,935f84a8-3028-4250-bd3d-04b6f9aa22a2,1
9788,9360ce44-6607-4c80-8017-f32816c69f2d,1
9789,9367307b-c706-45a3-8f3d-6bcbe5fc2440,1
9790,936a4aff-7953-456f-9303-78e1ec20fd03,1
9791,936e0070-57d0-4b0e-9caf-533872c0c978,1
9792,936ec1ba-6dd6-4277-aff1-842ebf99c4fa,1
9793,9371fd99-b08b-42ba-b7a3-a8cbb170c09e,1
9794,93733c51-2025-4ddb-bd4a-3b0e8c40cf76,1
9795,9373625c-e094-4a99-8aa5-fbe3f3bbcc25,1
9796,93793377-5454-475e-94c4-0ad11757d93a,1
9797,937ff336-e09f-4dd4-a90a-82041a7b13c0,1
9798,93820885-f086-461d-993e-b5528a72a4a8,1
9799,938281ea-5d3c-486e-a0ac-421f7c848dd0,0
9800,938508d3-fafc-4a89-859f-6ddc86543bbb,1
9801,93869af0-918b-46f8-b284-f268ef42416a,1
9802,938737b9-f79c-4a92-bbf8-2cdbd060a93b,1
9803,9387527a-0552-4b52-b0d9-806662267ead,1
9804,9388f100-ca5a-4ca9-8375-65bb981ebb7b,1
9805,938dba21-7813-4f8c-9347-20a33351c742,1
9806,93945051-a421-4916-910c-6cdcbf1479a2,0
9807,939eb2ba-50ec-4410-b9a7-59a188bc76ea,1
9808,93a1472f-6a92-4949-879c-618434645325,0
9809,93a4a849-c5b3-4520-8b7f-b003fb104ccf,1
9810,93a54313-f404-488b-ba17-bf034655a1e7,1
9811,93ad6287-f884-48f6-b09e-0b546211373f,1
9812,93b64892-5a66-4a7c-8b0e-2a7bb9d93bb1,1
9813,93b90d5a-8682-4cd9-902d-a14540d9a12d,0
9814,93bbbf98-7c7c-4fea-a5a4-b83bcc6668bb,1
9815,93bf0887-5b5a-4f2d-9d66-35f2c8a4c68d,0
9816,93bf21fa-45cb-4c8b-bdf9-dad96904bf78,1
9817,93d4b8db-f81c-4fea-8fe7-c0409b8ef1bd,1
9818,93d5b9cf-8456-4879-8278-23cfcc0af074,1
9819,93e2506c-39f1-41e0-bc04-8609f61dffa8,1
9820,93e2f0cf-8621-429c-8cb7-91641456c80e,1
9821,93ecd118-cfa6-497f-b187-93c2e7a02406,0
9822,93f0520f-890f-4064-af39-6de5cc42eea5,1
9823,93f35890-98c7-4e46-a4a8-d39f4e5f788d,1
9824,93f53452-fe3c-4bc9-9c20-18c9b051078c,1
9825,93f63932-ca98-418f-9f2b-4f8bc93c5178,1
9826,93f7a5c4-2ea8-4eeb-b26c-b44ab2808243,1
9827,93f86cf1-7c8f-45a5-ad16-50f2059961fb,1
9828,93fa8723-b117-481c-8d8e-7765d081d5d5,1
9829,93fb0d1e-b0b5-4a6e-b65d-9f2a4c585424,0
9830,94094895-bf2f-4a3f-b15b-71c223c9bd9c,1
9831,941129f5-0906-4540-9bb6-1f68d0d38da0,1
9832,9417344e-916f-4073-a72b-8b9d8faccbb8,1
9833,941b421c-c6ba-420a-94d5-bb47b682b806,1
9834,941baa41-ef54-4762-b769-fa9b76b6f232,0
9835,9421b593-ea33-4269-a1e5-09da1bc577f4,0
9836,9422613e-cc4f-4ae4-b78b-0db12bf06a66,1
9837,94263b84-0cc0-461b-89db-d3022e85cc4a,1
9838,942a868b-3216-471e-997c-fb630ec9b5c5,1
9839,94313330-17e8-40e6-aade-906b990dd70a,0
9840,94378029-03a4-4ba7-aed3-1a4bd1266bbf,1
9841,94395550-adcf-4bfb-b438-0476ac4cbe69,1
9842,9445aa7b-7ffb-4a41-8198-0337159b74fc,1
9843,944b6992-8e08-4471-ab4a-4c6741cf05e0,1
9844,94533fa1-8c16-4828-bfc9-2f0c188a5e01,1
9845,945a9686-7ead-496c-89d1-8970e1c24768,1
9846,945b6a6d-bb5b-4f09-a192-af2c80666452,1
9847,94603208-1cb5-43a1-b1f4-d5fc56c9f595,1
9848,9460c337-e038-4362-bcf5-6d1af54e1ba7,1
9849,9461041c-f8fd-44ea-8383-adebe89bac36,1
9850,94613c8a-5073-45ef-92ff-61168bdfde4e,0
9851,9463aa15-31a7-4fda-b46a-c9b08641d909,1
9852,9464b759-9259-4278-921c-2455bcd292a2,1
9853,9465a765-d799-45f6-b09f-9de4135e443d,0
9854,946894b1-5e81-4829-a7d9-8826c371a17f,0
9855,9473afea-5e3e-4740-b023-38a2b85d31fd,1
9856,9476153f-ddc9-426b-9681-9c922e315eee,0
9857,9479bcf8-3944-4185-aae0-4e6f88ea5360,1
9858,947d689e-d109-4229-8337-a41928258606,0
9859,947f3038-5856-4d91-b10e-673c8280e696,1
9860,94827876-902d-4a52-a38a-98c2bf962681,1
9861,94834cbf-ab9e-4ddd-a981-1d76ca1b58b4,1
9862,9483ea61-4c49-4561-a044-fd76f422406c,0
9863,948cbab2-4299-4cfe-a681-6c61c74f8b45,1
9864,948db65e-ac84-4996-a7e8-142d0c95fc79,1
9865,948ea94a-0f28-4f83-bb0f-6e65bbc3e9ca,1
9866,9492ffc4-485f-4eef-8eb0-3c068f7b2ac6,0
9867,9493ed8e-4c95-46c3-8a43-ca35ba20c8ee,0
9868,9497fc60-981d-4634-bdd0-2ed624fb899b,1
9869,94988b48-b89f-4024-a6fc-3660601fc0f2,0
9870,949abbb1-e978-446a-bbcf-f7513f45b734,1
9871,949c8401-9b97-4e00-97bb-ee92b9c993d3,1
9872,94a3c557-1649-462e-9188-756e4019cdf1,1
9873,94ac5113-ea3e-47f7-8023-7503ddca1aea,1
9874,94b37943-711f-4b87-bd0b-303c39fea7ca,1
9875,94b43946-f2be-44e9-bec2-4f613454edbe,1
9876,94b94548-0bbd-4394-b0f9-c154a265a5b5,1
9877,94bfcb73-2910-48cb-8b12-6069d8d3661a,0
9878,94c483ec-d4e3-4450-984b-625ed9b7603b,1
9879,94c805a2-a836-4e4a-89c7-cbcad286920c,1
9880,94c83032-a1d5-49b8-a784-659bd497c474,1
9881,94cb82d9-c0aa-4d54-8748-adec12d6f003,1
9882,94d055b8-99b5-4685-af7f-c5258d6894cd,0
9883,94d14dbd-9049-45b3-a1e5-5ce0932a20dc,1
9884,94d3fe24-2c13-40ec-8ffe-06c1ab94df3f,1
9885,94d40e41-2beb-4182-ae4a-55c292231a81,1
9886,94d53c6a-483a-41de-bbd4-da5d99d2990c,0
9887,94d59b7a-009e-4b60-9733-7c7dd3f81a98,1
9888,94d83cf8-27a3-4068-8703-bcddc7a582d5,1
9889,94e2906a-0a5f-4967-b279-d1a6b340e0c2,0
9890,94ee0379-ef8d-4e01-bbb9-b4b6f44f472c,0
9891,94ee73ea-390b-4b3f-a60a-0659d2cf3818,1
9892,94f8fb04-81f4-4e33-b956-310fccec3dc0,1
9893,94fb3c15-075f-4f29-9bea-3916052d4083,1
9894,94fb4e72-d1d8-4889-904e-b66478efe9cb,1
9895,95017d1c-cb1f-4e15-bfc6-6fa72e3d0fb8,1
9896,95050261-2334-412d-b69c-c048997c97f5,0
9897,950878a5-9919-4340-b90b-a214333a2b1a,1
9898,950c35c0-9eb7-47d3-a364-e968e8d64d19,1
9899,951313f1-0955-4365-b41d-62ddf21da282,1
9900,95151109-e24f-4f62-8c1f-25364c650ac8,1
9901,951dda06-4306-46ae-8c89-753bb87af8d5,1
9902,9522b50b-e8de-4642-baf8-9ea29fb2a67a,1
9903,95241d16-670c-4a30-82de-9c30a11bf7f0,1
9904,9527cd09-363b-4c0b-a155-2e5ebec39c5e,1
9905,952b39a5-263b-4b05-a69d-ab9405eacf93,1
9906,952e09f9-6fec-45cc-9288-1a7631aa4248,1
9907,9533887d-1c4c-48af-9430-bb6bb4d95663,0
9908,9533d5fe-ad08-4047-b27b-9c0eb73cc5b9,1
9909,95376667-8837-4032-8530-02552b9c744d,1
9910,9537d9a2-81f7-44b6-8225-44d259165f4c,0
9911,953bd693-e37a-42bc-bc8a-aae4be18bb83,1
9912,953fc818-486f-4a0b-8d95-f2a4f83f8cc9,1
9913,953ff3ba-a417-47f6-9a43-636cf3bf92a8,1
9914,9540801d-643d-445c-a012-cb65f795fdb6,0
9915,95419f5e-3c2c-439f-be4d-aae3de17a45a,1
9916,95495ff3-4c70-4ce1-b27c-ec0ef0aa7f78,1
9917,955450be-4ac2-4241-96d5-267d4bd7facc,0
9918,9556d9ff-bebc-4562-8237-b1afdf14a1fe,1
9919,955adaad-b285-4e28-be2e-0d0dc9500a59,1
9920,955c29cb-a4d1-4fda-a9b1-f8b9530b95b8,1
9921,955d5c5e-f05f-4ada-b9e4-3a365ae23644,1
9922,95612f0c-dcd0-4e20-a35f-7b306de9768a,0
9923,9564dd85-c36e-4a61-a54f-5baa2955835d,1
9924,956db804-76cb-4e11-9723-4e5946672ebc,1
9925,956e9e3d-75f7-432b-87e3-5388294acda7,1
9926,9573c1df-5eca-4cfd-bfc2-f6dc16e07b84,0
9927,9574f827-5253-4f0e-af23-d56bc5aa288c,1
9928,95779c22-e75d-4aa1-b4ab-176c34608edf,1
9929,957ad3b5-50dd-46d7-9627-9bf65cb1ca44,0
9930,957bc171-9642-4dbf-9586-79422f3124a8,1
9931,95830bd2-cdf2-48c9-8f9c-7e6b2a9a4bdc,1
9932,958c20fa-40f1-4892-93d0-50e49b7fda86,1
9933,958c2f7b-4e9c-4e63-ab3a-405f210bf80b,1
9934,9591f300-26ff-40af-98f8-bbdb4cbf488c,1
9935,95957cee-4b0d-4461-94f3-fb7629537cb0,1
9936,959689f3-d3d0-4b99-b0ed-f31dc3ad8b6f,1
9937,95971570-839c-47ef-b585-3ec2a862ea31,1
9938,959b6365-9920-40da-8781-7e3228b4f931,1
9939,959caab1-12c7-44d7-accc-e456028ef3ed,0
9940,959ec044-5e18-4437-a0bb-43478399800e,1
9941,959f0919-d31e-41f8-998c-32fb3ed906e3,1
9942,95a37db0-58eb-4f45-8c29-6a566cf2ce4d,1
9943,95a6e6e7-f2ae-4c92-9d3c-0b0157c41547,1
9944,95b02628-3397-4e5d-bfb2-01accea8767d,1
9945,95b0f303-f617-48f9-8b4b-9a0626597fd3,1
9946,95b15584-7ece-46c7-a37b-ede032806fb2,1
9947,95b1e08f-171d-4204-88d7-c58745aed310,1
9948,95c6a202-b4a0-4663-9b48-8102bd912f91,1
9949,95c6cc6b-b408-4b53-9a8a-6a8ac23b90c0,1
9950,95d084a5-2449-4977-8b8b-56b08bed4f46,1
9951,95d4c191-29eb-4e5f-8d48-8e17c5e61b6a,0
9952,95d9d87b-e501-40ca-85c1-aaf653db943f,1
9953,95dc78c6-2382-433d-a72b-49437187113c,1
9954,95dd564e-11f0-483a-a4c3-9428eba6c5c3,0
9955,95df074e-e4f8-4ae2-990d-655c6f1d0c9d,0
9956,95e14408-170c-4759-ac82-c470f37d33b9,1
9957,95e1eaf6-9afc-4552-811e-44ca25b80d2a,1
9958,95e30f4f-b289-47aa-aa79-16d6dc1ba9df,1
9959,95ec8ff4-9cb4-4894-8484-13055a309bc2,1
9960,95edda34-140e-40ad-a85e-6090fb85fbe6,1
9961,95f1e299-a92d-4e8e-8b24-5d9349eb7108,0
9962,95f84ae1-dc56-436a-8d26-2040043fde92,0
9963,95f9010b-63d8-4e19-afbd-9e2a2ffcec52,1
9964,95fb9437-462d-45cb-9b72-b85bd67bf315,1
9965,96000aa9-f163-48e1-9710-1e935ec9861f,1
9966,9606cd07-f6a3-4623-a998-069556908d1e,1
9967,9607ad7d-9c50-48c5-a29a-0f275d547e05,1
9968,9612f874-71d6-4f70-8797-63eacfbfd59d,1
9969,9616a75d-8464-42ca-baeb-c4436f221cd6,1
9970,961c2d7e-d3a1-40f1-b543-a48fdedc6288,1
9971,961de94c-5906-4a48-b5d3-5c8ab44b007d,1
9972,96231674-1dd2-46aa-87b6-4baa4cf43dbd,0
9973,962ce822-e6fb-4b18-8d53-c300e0a0e26f,1
9974,96367f89-2af0-4383-ba49-bb31e973553d,1
9975,963770b5-c9e5-41c7-bf47-ec1c40c8447d,1
9976,963da0d2-9b16-480a-8c00-dd5eacc19a93,1
9977,963e3fd0-7d56-43fc-b5ff-c57d70476616,1
9978,9642fd4b-9569-405d-8363-dc453d87d724,1
9979,964676e4-613f-4a11-a556-9c68c6eff407,1
9980,9647f6cb-b857-4736-9073-6cbb09c7e607,1
9981,964a30f6-753d-4ec8-93bb-e905c3891af4,1
9982,964ad711-0449-497f-b1da-ac4ec5629e14,1
9983,9656902a-ad0a-4a3d-be3a-1ef213a5df93,1
9984,9659d74a-699f-410e-a5a6-565de6b4ffcb,1
9985,965a75c9-5ec7-42d4-a189-869c6dc63c96,1
9986,965cf50d-d408-4a52-9948-6c789e4f6223,1
9987,965d3328-3870-45af-bbb9-e2bf41feb07e,1
9988,965f0b50-3fd4-4953-b5af-86a07ab42484,1
9989,9664903f-7226-4d35-934f-9854c61e2d10,1
9990,9665f5c8-ad97-4e24-b2ec-61fe94273d49,0
9991,966f462d-83be-4ade-a558-03b327f6f82f,1
9992,9670bf68-96b1-439c-988f-10cfa9fda643,0
9993,967385ef-e56c-4a31-86cc-42589ca35f38,1
9994,96786820-508b-428c-949b-90eb82ddf47e,1
9995,9678ad85-f6e0-4356-a1e3-53bde6da46d4,1
9996,96859e2b-0e24-4558-afef-f3b68475800b,1
9997,968cc59e-9bb0-4e95-b982-c4b56c944c4a,1
9998,96931b07-11ab-4baa-b070-9f4901a993a7,1
9999,969a0cdb-cb11-4a06-8a75-24f1a984fe9e,1
10000,969b707d-7d4c-4e76-99c4-e52a70948cfd,1
10001,96a0656c-1a95-4938-a2a9-39dd2c97a1c0,1
10002,96a4d2c4-3b67-49c9-9924-b0d2cbbfb8df,1
10003,96a554f8-1194-4098-b596-2407a71518b6,0
10004,96b08315-6dd3-4a41-991d-e01de4917ad5,1
10005,96b11c42-5666-46ea-b655-ecc27014e91e,0
10006,96b1d2d5-0c47-40f6-a10b-e8cc5ea2d86c,1
10007,96b86ba7-132a-41c3-84b6-3a57daf1bb1c,1
10008,96bc8179-c226-4cd2-a835-f39165ee2000,1
10009,96c15938-d08c-4487-b9fa-0ac32ae2fdd4,1
10010,96c210dd-b5f9-454e-a069-f674b5114ed9,0
10011,96c98d66-aa2e-4b44-bef5-f65611c8c3ad,0
10012,96cb69c6-8604-4e2e-b851-05993a960b02,1
10013,96cb7d74-9298-4d0b-8e18-752e901883e2,1
10014,96cbccfa-76c7-4f21-8ecf-a656027f0e06,1
10015,96ce0fe9-9a35-419d-9b1c-f864cb6fd283,0
10016,96d1d76a-6ec6-45c4-8ecf-ae492211f312,1
10017,96d371b8-a609-463b-94ef-402f71d535fb,0
10018,96d9284e-0e1b-4edb-ad60-55777a149109,1
10019,96dc2e8c-c1d1-4e80-8425-f5ca369998d2,1
10020,96eb34f7-feb8-46e2-bb12-67919df72d4a,1
10021,96ecbc2d-1b6e-43e6-9b61-66e6ae024295,0
10022,96edf5fd-c6be-490b-acff-5c818c520f9a,1
10023,96f0f0d1-bcc2-4529-a1e3-de54afeaa144,1
10024,96f177cb-ab51-4ba6-9ee0-845ab481fb4a,1
10025,96f2da2e-63c0-4149-9483-4b5f016a8db4,1
10026,96f719fb-1ec0-44d7-96c4-0724f0cf6c99,1
10027,96fcf32d-fd5a-4034-ad76-d39ff329660f,0
10028,96ffb0c8-c1b8-458b-be26-f9a7f6e371e0,1
10029,9700d857-7634-4eb1-adbc-167a67468752,1
10030,970d8c0c-d42a-419f-a245-71a20bbfd160,1
10031,9721e52e-f53e-46da-9cc8-ccdca84d8d1e,1
10032,9722b4b2-e008-466f-baa8-89143007b3be,1
10033,9724af85-e4b9-4355-b1a0-3006f20d405c,1
10034,9727fbe2-76b7-4b28-a350-94a6ad46a85b,1
10035,972c7683-3077-4ec8-a206-508ee959a4b1,1
10036,973a2800-b471-4cb7-89fd-d00f115a2ada,1
10037,973a757d-ecb4-4aee-98c8-ef07fa44d8c2,1
10038,97417d30-ec46-4599-97f4-d35f700b5ec4,1
10039,9754225c-fa47-4606-b129-d89cd5c64bbb,1
10040,9755fa07-2f15-476d-b2c3-3a251e053362,0
10041,975615e4-8b1c-435d-a22a-3fb7964be0f9,1
10042,97570a50-68aa-4ff1-bd37-3359c959ef4e,1
10043,9757832f-c724-45fe-b05b-efab0226ee4a,0
10044,975e0adc-94db-4ecf-b105-a8b8bebeb8cc,1
10045,975f664c-7f15-4f10-96db-62bc4c9af07b,1
10046,97625a9c-8e88-4cc4-8382-d307da03c3b9,0
10047,9764a42a-eb4d-4481-b6a8-c3ff544fb800,1
10048,976608bf-e12b-4da7-a0fd-a12e8156e727,0
10049,9768df54-edf1-4691-b7aa-a7d8fe60b71f,1
10050,976946b8-b399-4b9a-aef1-079c22efa027,1
10051,9769a130-941f-4bdd-90b8-605ac46c697b,1
10052,976a2285-d92e-491c-9572-629b1e6179a4,0
10053,976a4f33-5e65-49d3-a0f5-47e584bce0b6,1
10054,977a72f9-99ca-4639-988b-83aea262742b,0
10055,97807ff6-3282-45e2-b4b8-630b383474b1,1
10056,979249e0-03b7-43f8-94e6-cb60e014afc1,1
10057,979429b8-f6c1-43ab-8254-97e32815086e,1
10058,97998f92-e53c-4352-ae4c-61051cf3000a,0
10059,979bbdbf-109d-489d-affc-5c9019c764e5,0
10060,979c00a8-d25b-4d93-96c6-fea7e63b610e,1
10061,979ccd59-763c-4d0f-8afc-ec6316990962,1
10062,979d3ece-2c00-4122-92d6-fd182172dad2,1
10063,979eb114-5658-4584-8e68-cbf5297e93e9,0
10064,979fe0b1-5c15-4e44-af2e-64e4d6d03c77,1
10065,97a87682-4265-4b7f-bbc8-82a0fc4c0e12,1
10066,97a9cb79-863c-473e-b5c4-2131bd8b5614,0
10067,97aae513-008d-4482-8c8f-29b4a6702636,1
10068,97b00f24-b55e-4aba-baf7-fc9b31b40823,1
10069,97b22709-c1c0-412d-8b3f-d0fefbe9124f,1
10070,97b4c79c-fc1c-48b3-acf0-319902e7a2de,1
10071,97b91046-ccee-4a42-ba42-e808fef51e4c,0
10072,97bd5c4b-0a11-4b56-ae22-b87739074e07,1
10073,97be1967-b81a-41eb-8c72-187782cabe8c,1
10074,97c26eb4-5123-4359-9e6a-461eef59030a,1
10075,97c36a90-41b4-45e2-8d09-fad52b70363b,1
10076,97d4d3cb-266d-4383-8ba6-113285a227b6,1
10077,97d659bf-4b0b-42af-ac01-4892155f5511,1
10078,97d75fb1-4b77-47f9-9801-5ef7dc66c18a,1
10079,97e4cba3-67e3-4c5a-ba57-2db95b7a9240,1
10080,97e4dd55-3ae2-403d-a8b6-00e6e888cf1e,1
10081,97e69eaf-9cd8-41f6-bed3-f43f42b25412,1
10082,97e7ca3a-a09b-46bf-b66a-5aedc855dbf7,1
10083,97e80b51-b8cb-4160-b8f8-bf476f1f0b42,0
10084,97e81f7f-792e-4a4d-a4b6-b4e56b07ed16,0
10085,97e8b42a-c0c0-476d-8217-fda50474d693,0
10086,97efe186-d6eb-4ab5-bd89-913e5db916b1,1
10087,97f013c9-c547-4821-bae4-610d786ac7ee,1
10088,97f093f2-3b33-4479-88fe-fe2b3c704c1a,1
10089,97f78090-74e2-404e-a5c7-26761b818b1c,0
10090,97fe274e-8d5d-493d-8332-0e34998a10f5,1
10091,98041f85-3714-4310-944c-f6f61f5f748e,1
10092,980535c0-f50b-413b-9b36-53abea8a5b7e,0
10093,980a8070-e0e4-4744-9411-c7121732f2df,1
10094,980af56b-ae12-433f-851e-f486eeebba4d,1
10095,9811aa6f-8653-46ad-ba6b-9c256565e370,1
10096,981977c7-2c4d-4402-b0a8-fb694e3a7899,1
10097,981be4d4-90f8-40e4-bf0c-ebee2216a858,1
10098,98403443-89d7-497d-8754-b9de542ffd10,1
10099,9840a1fe-91e4-4c12-9d2f-55737abc679f,1
10100,98437826-1184-4958-b21d-09e40171d09a,1
10101,984c642f-341b-41cd-9c8b-3ced906ce93f,1
10102,985c86e6-f6ce-4509-ae7c-bf6b941081ca,0
10103,985e3202-4dfc-4d9e-9105-2a04723865eb,1
10104,9860966c-a199-4f81-ac79-c20c53d94a59,0
10105,986774c6-c6dc-4297-acce-3fc3e89c8ad0,1
10106,9868a8f5-0791-4c7d-a77c-667e2f6d24eb,1
10107,987a6f5b-a4cf-4595-ac82-b65959ae59df,0
10108,9884df30-366d-45d4-9bee-001c36ab2826,1
10109,9889ad14-d92d-46b7-9f5b-5d3fe19e52d9,1
10110,9889e911-e526-4a44-a3a4-4ba052b201da,1
10111,988a0bb2-02bc-48b7-902e-df67afc037b5,1
10112,988cf890-e84e-456d-a6ec-0555fc113416,1
10113,98918f7e-65d9-46b7-8d63-230a0ede82e0,1
10114,98924292-b686-4393-aa97-e0250ccafdd2,1
10115,9892be5c-069d-437d-b685-9c133adcf3e6,1
10116,9894fe04-b4ee-46c1-89a7-e350fd7b82f8,1
10117,98997d16-5ae2-4b66-a4ef-bb33660630d4,1
10118,989c0e7f-6abf-4284-aa82-ca0a3d34827a,1
10119,989f3df7-bedf-4e58-b2bf-38dd1b540e54,1
10120,98a2cf77-96be-4c8c-9d7d-c4f9864afe27,1
10121,98a388f4-7572-4cbe-adfd-d0b659768b5e,1
10122,98a62bfe-1ce4-40ad-ada5-a96d70846ef5,1
10123,98a71c11-30ea-4289-83f2-c76a6144b151,1
10124,98a753d0-0629-4665-b1cd-5989fc8cd7b5,0
10125,98a8f80d-ad2b-4e58-ae3e-cdfdf921d8f0,1
10126,98b04235-aff8-4643-b4e5-4a0466735aca,1
10127,98bd513f-ab07-4005-b10d-a96c55c3a339,1
10128,98bdbdd8-c3ca-4c7e-b589-860b505b9c07,0
10129,98be476c-7497-4be7-9031-b33c3bcf6d84,1
10130,98c63145-9d2c-43d2-8b00-f1244e592976,1
10131,98c6403b-c3d3-4a8c-8f95-1962f9d017a5,1
10132,98c6e8db-6062-4949-8be9-6dba3beda2e6,0
10133,98c86057-c249-4a83-87d7-f3c1a26758ba,1
10134,98c88a99-b63e-45a5-b2ee-f1c0d4950718,1
10135,98cae2ed-8d1b-42f8-8414-c03392a87eb5,1
10136,98d73522-0a36-4d9f-98b1-2549135bf581,1
10137,98e2cdaa-adcc-436e-b533-ba02c243751c,0
10138,98e9153b-b66d-40b8-a62f-2b9d48a6f221,1
10139,98ea439b-6ce1-48c9-b2f5-dd7818384787,0
10140,98ecca88-d27f-4f31-b350-ba0748fa2757,0
10141,98f488d9-10be-4d99-b510-6b1266726b94,0
10142,98f9074e-3b70-45b2-9520-32268da662fa,1
10143,98fe41f1-3757-43ae-8d83-d1e0e63abb9f,1
10144,99036acb-5956-4e2a-a4b2-25cac706b8a7,1
10145,99075fa1-cba8-4406-86af-592f0bee0585,1
10146,990a2e1a-4c48-4545-a73f-93a0aa06fb27,1
10147,990a76c3-7cef-4ab0-bfbd-9be0d5a781e1,0
10148,990d6e9d-6382-41c1-b2f2-c7f17fff8b24,0
10149,990e01a7-9662-4e23-82b5-b43df15a30ae,1
10150,990f492f-1a1d-411e-a51e-081bf70a68e5,1
10151,991699f8-2f6a-450e-84e9-f5a39a5029c9,1
10152,991d7c12-fe30-40b2-b5d3-c3968d47fc66,1
10153,992ad978-635d-4efb-a0b4-a0c531c7831c,0
10154,992c9f35-2a61-4f74-86a4-73aa3ca10b7b,0
10155,992d9c3e-f931-4274-b0c1-ac723693dd1e,1
10156,99305a41-154b-4c2a-ac58-9d4048ac2736,1
10157,99309c2c-fe05-4202-a9b8-cd4f5c006944,1
10158,99338dbf-c967-43c4-905a-32e527bc05e7,1
10159,993547d8-3ebc-4e76-afc2-76f2d8cefb94,1
10160,9936f7fd-85e1-4c10-b3dd-0432e6012e92,1
10161,993a9c48-c4be-46fc-afda-63ba65546d62,1
10162,993e5c90-5a1d-49bf-8b0e-3c6dc46b743e,1
10163,9941b11e-75f6-4a06-ad1f-567eafe9f771,0
10164,994232c0-a7c9-4c50-82d3-2609077173be,1
10165,99458b21-e891-43c3-86ed-37c3ae7a4ff0,1
10166,994cc81b-1e34-492a-81f4-193f67a252a5,1
10167,99546ff7-5cf6-415e-b963-5dfc8cf26e6f,1
10168,9957129b-601f-4e22-ba50-97f91162f435,1
10169,99589af2-cb4b-4d6a-bde5-14e743f494e1,1
10170,995e2c60-61d8-4852-a06e-98b165b1b145,1
10171,9970eb74-6894-4d00-9bde-49061fa419f7,1
10172,997325d4-67a3-497b-8e5f-a8d34dd0fa44,1
10173,9974e14b-db89-4910-a557-7c703d41f5de,1
10174,9979a7c1-b21a-47e3-8a05-a5618851ad16,1
10175,9979eb57-5789-4213-a684-f1b9ab532594,1
10176,997b90e8-b2b5-4a4b-8cee-77e982afc5d7,1
10177,997e6279-1ae2-4fff-8bd5-c295795ec631,1
10178,9983d703-8604-485e-bbe8-c6aa58daa6b3,0
10179,99863ca1-4b0e-4c0e-a2d3-58d550417588,1
10180,998e169c-ff0d-4516-ae5f-d01d5c279c0b,1
10181,998f06ee-ff27-436f-afb7-77d45c702540,0
10182,999016ab-70f5-412f-8e08-e76b9fc706e6,1
10183,9990d782-ec9c-4b70-b917-1f328ed254b5,1
10184,999dbe4e-bd52-40d4-98f0-5a4230f2ecc1,0
10185,99a309c1-8869-4f82-8ecc-e9c0d104c5fb,1
10186,99a6a57b-080d-411d-bb45-041f724dec99,1
10187,99a6eb71-bcf5-4a3b-ba19-06d470ca03c9,1
10188,99ab3fe7-03d0-4b70-845c-1d177973c0d6,1
10189,99ac8fdd-7dae-4f3d-8c27-b0945a5aa516,1
10190,99adb4df-9e1a-4f03-bf4f-da5d2b182632,0
10191,99afb5fa-ff15-4716-a7f9-690b4bd04fc2,1
10192,99b013b9-8208-4d07-8dfa-ab9efcfa5503,1
10193,99b11191-c247-4b59-8e26-b7dfaf949ab5,1
10194,99b3f159-0095-482a-9b36-678dbda48939,1
10195,99b48280-14bd-44ea-b3f5-11abecd15037,1
10196,99b5297b-76e5-4864-be2f-cfa86622e716,1
10197,99cccf31-a287-47ca-b422-29d7dae98acb,1
10198,99d00ae6-f730-4234-85dc-6d944542f692,1
10199,99d2ef54-a6e6-4b04-9ee4-6faf84034976,1
10200,99e28ede-4199-4048-ab57-6baef7ac82e7,1
10201,99e4bf0a-4fe2-49ee-af4d-71f8fc42121c,1
10202,99e6e9ac-805d-4db3-80b2-b03bb4b42aeb,0
10203,99f3a709-77ce-4590-9179-1d71d4b17a03,1
10204,99f42198-c841-4c88-bcc1-35727b720230,1
10205,99f78c1f-8958-47be-a1bc-62d332124daf,1
10206,9a030405-d47a-4382-8a71-4f63f5ef0cdb,0
10207,9a050787-f43f-4086-a330-d67d886a212a,1
10208,9a05c63b-69ad-4362-a9c6-139f2a70b862,1
10209,9a060807-536e-4b91-9ba9-81d28882745a,1
10210,9a0a24e7-2153-4988-ae19-df3ae091272b,1
10211,9a0fa437-93ec-44c4-a347-d21127399f37,1
10212,9a11639c-6892-4e73-9f64-b94637988914,1
10213,9a16258f-8c38-45a6-ad13-51b49a8f9d90,1
10214,9a1c28b7-3195-4ae8-bbc7-f600a39dbc39,0
10215,9a1eb136-23dd-4fb4-83de-4e960a91e922,1
10216,9a202619-2528-4916-9ecb-2fb085826479,0
10217,9a2148de-f790-4eb9-8832-d51bb187469f,0
10218,9a22c771-5edc-4b28-9bee-d4b817178a13,1
10219,9a274506-a78b-4db8-b1f3-1e2a07f70fad,1
10220,9a2faad2-b64f-4c04-8139-cf26580e515b,1
10221,9a307af2-d0e6-4852-891b-0f44b3f5c8be,1
10222,9a32c1ee-da69-460a-8a5e-903d3ecc3218,0
10223,9a3629f5-2f66-40c4-b305-f64d0cf22bd5,1
10224,9a366b76-a4f5-4c93-b6df-1df325d314d9,1
10225,9a367dc0-269f-46c0-b0af-d3e9634e7b28,1
10226,9a3cbfef-d62d-456e-bfa9-99a0a53d532e,1
10227,9a40796c-1825-42fd-bceb-864cacb49f4b,1
10228,9a43643a-d777-4773-95b4-c5b7c39a2dd1,1
10229,9a46940d-3d8a-41ce-a3c7-e9c12abfb656,1
10230,9a48c533-31b1-4fe6-84c5-15f31bc61c7e,0
10231,9a490820-2734-4521-b20b-623be3278aff,1
10232,9a4b0ad9-849e-49ca-b77f-979a83c899c2,1
10233,9a4bb48a-b9b0-492a-9739-dc79930aea32,1
10234,9a4c0a89-3de9-45f1-a2cc-721672f2e5e7,1
10235,9a53c63b-3bbd-47e4-b585-00e88a482582,1
10236,9a587343-7544-4c2b-99e7-12952e1df1fd,0
10237,9a65b555-007e-4ad8-b7cd-e94ef8e894e0,1
10238,9a66cbe6-92d3-4ccd-8d17-66178db219c9,1
10239,9a711bd8-5890-4ea5-9eca-a7c36c2cdebb,0
10240,9a7321b7-8de7-40ba-8397-5569e051cf24,1
10241,9a735201-2214-49e1-8878-7947a57d288e,1
10242,9a756331-7944-4f65-b864-183c24f898bc,0
10243,9a773a31-5376-4395-9b36-1c8ad0bec51e,0
10244,9a79dffb-c918-48bb-b0c3-b3a4728812b5,1
10245,9a7bd6cb-5c36-44b6-b92d-7f10c702de3d,1
10246,9a7cb02a-324a-41ca-959e-b8428c0bba6e,0
10247,9a814c3b-b685-456e-9085-ca018e5e006d,0
10248,9a85de38-2a73-47cc-835d-f2c468b5bf38,1
10249,9a864768-08de-4d69-b15b-23cb1dc22a7e,1
10250,9a88d79c-046d-4015-8292-bc4b01724e99,0
10251,9a8aab88-8201-48c0-a497-4cd2fc528d04,0
10252,9a8cd578-989a-4728-a358-df28e2cee1f4,1
10253,9a93eab4-4571-4f03-8bb3-180d45fa73ff,1
10254,9a9670d4-5fb9-4125-816b-77e1d696cc2a,1
10255,9a97c7ad-e044-4815-ae1b-5804da1c1204,1
10256,9a98885b-e6f1-45c0-9532-2e4fd2ca86dc,0
10257,9a99169b-06ab-422f-96b0-f0c6496464ae,0
10258,9a995a01-64fa-41b5-89fd-00a234452763,1
10259,9aa7f1ab-0282-44e3-9768-5f8071491363,1
10260,9aa8a3c2-8dd1-4871-8646-1654c96f87bb,0
10261,9ab20200-6b80-4289-967a-7133a2b4c216,1
10262,9ab2b6ec-e2a7-4591-9c78-796ace290693,1
10263,9ab30951-713c-4e73-85f6-c67ed634ae74,1
10264,9ab3ac4c-d0cd-4b79-a5e8-5c8c52f60d5d,1
10265,9ab78d2e-0476-44ff-a4ea-688eb5c3cf73,1
10266,9ab80587-121f-40d9-8fbd-9efc352affe9,1
10267,9abf71a3-25c7-412d-a6e9-62e29dc127b8,1
10268,9ac38a9c-2803-4443-8281-551a1a0f4385,0
10269,9aca086c-62bc-437c-aaca-8818d6368a62,1
10270,9acb3e72-863d-46a6-a996-aa93a9330fd8,1
10271,9acbed49-06dd-4b34-bbae-f21c353fa789,0
10272,9acf049f-0664-4fbe-85f7-9db0f24034e4,1
10273,9ad3095a-c5fb-4c92-8d62-79c996ff63f3,1
10274,9ae2d328-1705-43f3-9d25-5ce1e0bbce67,1
10275,9ae41001-f19b-4c21-b2e6-aa3ebbdbecd0,1
10276,9ae43ee4-c2df-41b7-b434-23df619f4bb1,1
10277,9ae56b87-b40a-41c7-8eda-54e08662b0d4,0
10278,9ae87276-4579-4bf3-9b56-887cd8aac89b,1
10279,9aeb99c3-d33b-44a0-805f-1ae9f8ae08b0,1
10280,9aedecf3-e329-43b3-8c99-0b9f4051baaa,1
10281,9aefec9f-ba3b-4ab5-80a2-2a816ea67a11,1
10282,9af49f8d-40a1-4fc8-a410-4961a2fdfd15,1
10283,9af4e58b-f722-4c97-87ca-2093085e481e,1
10284,9af5ba2f-1020-4f45-b4bc-c29f40694fe3,0
10285,9b000c2e-0f3f-490a-86be-efb22ae53641,1
10286,9b0427ce-140f-422a-865d-f6f1d42672bc,1
10287,9b066e66-4d79-47d7-8e21-a40b768f88ed,1
10288,9b0bdd5a-c203-4e3a-bc93-b21f95098841,0
10289,9b0d012e-64ad-435b-87e4-b8562a46552b,0
10290,9b1c65f3-a506-45d6-b96a-0957c89cdbf0,1
10291,9b2afd1a-d565-4d32-9e68-61bf9f3f3050,1
10292,9b2f38aa-80ee-4e00-9d8c-894840846efa,0
10293,9b32152d-ae82-4a88-a8aa-4735fcc5813d,0
10294,9b3601ff-5106-4a93-9529-301448b3c9c5,0
10295,9b37c5e9-ffb6-4b92-8f05-a62fd81a94f6,1
10296,9b37e182-ee85-4a98-aa3d-56bbd3c43b2e,1
10297,9b381e45-f28f-4787-adf3-a92a72e66f45,1
10298,9b3cd79f-a670-49f9-86e4-317dcd92a675,0
10299,9b4b3bfd-b91d-46de-8d99-2213749cedce,1
10300,9b51b800-6d73-472d-9834-99230549992e,0
10301,9b5481d8-45df-4687-ba49-ddc7a0671cf5,1
10302,9b573b20-e3bc-4261-a396-47b6a1fed3b5,0
10303,9b5fb307-1eee-493b-ab36-96ffb1ce77d9,0
10304,9b624a57-cb07-49ed-8c88-28c61e187ac7,0
10305,9b64b8aa-ae12-4f67-9ae8-d427450b5e3a,1
10306,9b6641c7-73a9-4d1b-aaff-2e9e9b2c5014,1
10307,9b67bede-3e23-42a3-bee3-db7a0b1cbb6a,0
10308,9b69163f-1de2-4d78-be6b-757129f36e3e,0
10309,9b6dce46-a0a1-44de-9e61-5cc082d98b78,0
10310,9b6f03ec-24b2-449e-984f-5d6d409bf34c,1
10311,9b7378d3-164f-4c77-a45e-083c892340d6,0
10312,9b77fe6d-0d07-48ac-9498-bacb34117d62,0
10313,9b7db47c-35f9-4716-97cc-b49eaea71c57,0
10314,9b83dcbc-b11f-4130-844f-fce0c40bf325,1
10315,9b86d866-793e-4766-880c-e3b373388e7b,1
10316,9b8e44ef-8469-47e0-a3f5-f771df7c1543,1
10317,9b946ea8-58a0-49a9-977f-af6bda8e79a2,0
10318,9b952770-cc6c-4a02-bd70-23bc4c7719aa,1
10319,9b971bd6-fb72-49f0-b3e6-c99f1cf1a8f7,1
10320,9b9d713d-3dd0-4081-816a-51df69f3b119,0
10321,9ba00476-52dd-4cfa-9515-6e64e52120b4,1
10322,9ba3a82a-4869-4ec9-9ff8-d3e74d7c68f9,1
10323,9ba8349d-6b21-406e-bd54-032168692e5d,0
10324,9bac7966-ca28-4c3e-b5df-e63db063d132,0
10325,9baca82e-5583-4a9c-8f11-e87490b2a41e,1
10326,9bacd554-ade7-4363-9f46-1217d0ba3b6c,0
10327,9bae1d9e-3221-4d9c-8746-bab07e1fad0d,0
10328,9bb06e97-e3a2-4ec0-a4af-067365ca6a85,1
10329,9bb0ca17-f54f-4711-b75f-f221288951b5,1
10330,9bb0cbdf-dadb-486c-a021-d102a0d3e32a,0
10331,9bb3c7ab-e754-4098-ada3-51ff723e82ee,1
10332,9bb4c111-d850-4dd5-8f5a-374e2e3a3031,0
10333,9bb53256-77c4-4399-8c69-017475dd7c4d,1
10334,9bd8c999-f29e-41a6-9c20-60309babe41d,1
10335,9bdaa463-6dc3-4d59-b908-437691cd8816,1
10336,9bddfb62-99df-4ad6-8e3c-851d436d7d9a,1
10337,9be2d1bf-927d-455c-98a4-94381281483b,0
10338,9be407fa-0cc1-4879-950b-ebb23b7a6aa0,0
10339,9be7c407-7917-4e13-853b-fbc1af494034,1
10340,9be9adf6-e13f-4543-908f-f0543f96800f,1
10341,9bebcd9f-8941-445e-ada8-bebd55c4050e,1
10342,9becba44-abad-4da4-b8fb-3a13e594ed87,1
10343,9bf8bc03-b394-4eaf-8fb9-0ef069e0dfc4,1
10344,9bf925ed-5dc2-4aea-8bb6-fda167e75a8c,1
10345,9c005f64-2511-4ef6-9b31-44e41c41e8ee,1
10346,9c0bdacf-5b6d-43fb-8a3e-9821354398be,1
10347,9c128045-dc23-4c1b-bf54-ae9d899fe2fe,1
10348,9c12e8ea-5ac6-4fb2-abe2-56c0bfd6e786,1
10349,9c15b388-0ef5-4311-a272-d3317ce4537a,1
10350,9c1b8c28-8d89-47c0-8210-f33ba78874a8,1
10351,9c1d38ea-8f07-48c3-b50f-7ca09305242c,1
10352,9c200fd8-7d2f-440f-b78d-9797e2cec5d5,1
10353,9c2f141c-aef6-44f6-8191-d71dd01f1287,0
10354,9c36c4ee-b788-49c3-bf50-750b7bff84c4,1
10355,9c38c482-dab6-4f11-93ce-c1bdb3859579,1
10356,9c395850-c3a7-45f9-a162-97f510f5cc59,1
10357,9c3b3647-68d8-4e58-8c87-6a7a7ae659f7,1
10358,9c3d1d29-49b5-4a4b-ab70-3c08d635b90b,1
10359,9c45a64b-b8d9-40d0-aca6-75ad6b3d7293,1
10360,9c4a5efe-f81e-4f39-9b27-c284940054e5,1
10361,9c4d64be-5706-4bfe-8c94-9c48773070a7,1
10362,9c527e3a-0d98-4f95-9352-b47c314aaef8,0
10363,9c52943d-343c-4418-958a-c84235438b64,1
10364,9c55d475-ecf8-4d4a-b524-0bda6fdf3aa4,1
10365,9c60ee0f-b7fe-4b7d-b55a-148480e3ba76,0
10366,9c645777-2607-4042-ad42-039034db6587,1
10367,9c6ce2c9-099f-4931-b75e-ee07affc09a9,1
10368,9c7010fe-923d-43ec-b802-f2c9e20a41ba,0
10369,9c789bcc-2dbe-4f4c-b1d3-1b499f642338,1
10370,9c7ba720-84f5-48fa-b82b-04def21d6586,0
10371,9c800526-f4d5-417d-952d-248afe2890d2,1
10372,9c809ea7-1fe6-4277-b2fe-7d3f043d56b9,1
10373,9c837dc7-400e-4b60-81bb-a7291aff1d92,1
10374,9c846f3a-0445-4ab3-828f-317a5f308bac,1
10375,9c84ba4f-4a2e-4af7-bfaa-c88f7b129549,1
10376,9c8625b9-4da0-4062-983f-5a11f1dfe009,1
10377,9c8fb4a7-125b-42ed-8113-0a2be4dad62f,1
10378,9c9a8e53-3703-4eb2-a543-264135d0bd44,1
10379,9c9cee68-25a7-45a1-a9e8-6d7ee552ab99,1
10380,9c9e48c4-67b3-4ce2-b74b-33cca2a3f460,1
10381,9ca0a042-fbea-4f24-9275-1d788a50a0a2,1
10382,9ca3e6e8-3775-4ae3-844a-510664ecc0de,0
10383,9ca4f805-9a04-4578-9249-79730eb8d841,1
10384,9ca93f09-49b8-4261-b678-9a90bda39dd9,0
10385,9caa0450-1049-49f8-8416-bd0160241791,1
10386,9caaf7a2-d694-4b6a-899f-ae8012b6b99e,1
10387,9cad0db5-3448-4d41-b751-ab6a8d214696,1
10388,9cad4737-735b-4179-8a51-a8585ccbb6dd,0
10389,9cb04136-0bf1-43b8-b5f0-da9a20396c75,0
10390,9cb352ad-99d8-4604-9844-3154a374780e,1
10391,9cb529f4-7783-4664-ab93-5ec79242cdaa,0
10392,9cb999d0-f4d7-4087-a1fc-7b643076a52a,1
10393,9cba25a6-b467-4a14-9435-1a5c87f4be5e,1
10394,9cbb711b-dfb1-475c-a3c6-02d72188678c,1
10395,9cbe3d68-6d78-4116-a8d8-787a60a1b599,0
10396,9cbf4113-9733-4e24-b5e2-00fd15ac192b,1
10397,9cc16b58-9725-49b1-93a5-88d5947115a4,1
10398,9cc31883-d362-48b3-b8a1-70b5c3c02c99,1
10399,9cc325e7-57ae-4c4d-b577-f7981a80c008,1
10400,9cc8a0b1-6440-4625-a3ab-1db5d08df4c9,0
10401,9ccb0e9b-d142-4d1b-9e0f-9e0e6dcf2bca,1
10402,9cd3d6d5-8613-4c6d-ac65-22f70a9f94e2,1
10403,9cd77091-d4b3-4a81-a092-1acc67dd0733,0
10404,9cd85962-742d-4c48-965e-a4a4fd068398,1
10405,9cdddefe-71ed-4320-8a8f-d04091f5d456,1
10406,9ce0e5d6-9659-48d5-9198-dd912ff2902b,1
10407,9ce6942a-75a5-48a7-80eb-ef5cf35b0937,0
10408,9ceba61c-15fa-488f-98f6-ef0a4c409d03,1
10409,9cedc810-11cc-4e79-9d67-95d9f8e92c12,1
10410,9cf0ac66-9ddf-4b27-b72d-13744a4200e6,1
10411,9cf34f32-a16d-45ff-b4e1-a49bc7e2e2b9,1
10412,9cf9335e-7aee-4ad7-a950-908b12ed77aa,1
10413,9cfa896c-52c9-4c6c-af20-ecbd90abd2a0,0
10414,9cfcefa3-e5d2-475d-b7e1-4fab078f989b,1
10415,9cfd087a-24ec-457d-a975-4f09ca3008b8,0
10416,9d00007c-f1c4-43b0-9525-f20570a4f629,1
10417,9d07edf2-ea9e-4e7a-a469-1738c5ea04a8,0
10418,9d08febe-5da5-46bd-8fc3-ab221dbab5f2,1
10419,9d0ca2e4-9d45-4a9d-b337-6da14c5155e4,1
10420,9d10f013-9350-41f9-8afe-52981acddcf6,0
10421,9d14ea0b-020c-474f-b1ca-2d63baab346a,0
10422,9d16650c-9812-4c51-b1f0-4a179d539169,1
10423,9d1ede7a-923b-4f1c-bf30-dc424ec4e015,0
10424,9d2215a6-6307-4829-819e-4a07bac2df16,0
10425,9d255236-b138-4f2a-940c-46d1be363a99,0
10426,9d27b1b6-f7a1-47c3-92cb-49a942faea97,1
10427,9d2c2c99-2194-4a57-ab14-16870899f73f,1
10428,9d301b88-5b88-4f51-ac87-9e59530b5878,1
10429,9d32c664-a0ed-4ee9-acaa-9447da34f1cd,1
10430,9d36a14e-6c48-4b6d-ad0a-a3415cc5c175,1
10431,9d39ca10-86a2-410f-9613-38202522e77d,0
10432,9d3d10eb-b6ac-420b-b36d-856b63583e92,1
10433,9d410613-f37c-4545-936e-6f1bf4524732,1
10434,9d459d5c-8e4b-4cfb-972e-44a7ebf7e472,1
10435,9d4a1c28-30ba-4248-9aab-c94691bed4d8,1
10436,9d4a61f6-dbee-43a1-8355-e7d3c286a843,1
10437,9d4ee37b-e55e-4145-9f11-1a935ac802d9,0
10438,9d54c8ce-a160-430a-b76c-4b05fed0ce65,0
10439,9d56ef2f-6c26-479d-a6ed-0721b8e77dc7,1
10440,9d5baed3-5af9-4f9c-820e-b8fffa0cbfe0,1
10441,9d5dba82-3b92-4f6b-8884-6d7cef2391d9,1
10442,9d626eff-2a3f-46ca-a97e-393120f0ea2d,1
10443,9d69072e-c651-4028-9684-873a9e353171,1
10444,9d697623-9892-4e4e-a660-e22f79b90385,1
10445,9d6bb898-7468-4528-b76a-14bf34dd1df8,1
10446,9d6c9927-e223-4797-9d60-0b198357a471,0
10447,9d6cdbb8-3acd-4bed-934e-f33172231415,0
10448,9d7319f0-dc04-42df-8d65-d38fe55d328f,1
10449,9d733f56-7f63-4018-be56-e158cf1ffe3e,1
10450,9d7cdd17-3697-4b6f-a799-dcf876674c40,1
10451,9d7d10c2-2ee2-4dc0-a706-e383bb99de93,0
10452,9d870635-ea7c-41b4-b478-001130ffadc0,1
10453,9d880fa7-421e-47a1-95df-600b7d8ca435,1
10454,9d8b2575-8faf-4685-8dcd-1ffd6b744329,1
10455,9d8ca7f0-9cd3-4204-aecb-503e48fc6150,1
10456,9d9e76a0-3894-49be-b0b3-42c174794e82,1
10457,9d9eeced-a33d-4343-ac22-94dbfab81fa0,1
10458,9da27d86-e8b5-4eab-ae0c-86e7a90ce23e,0
10459,9da4c093-c045-40b2-9d86-038916064127,0
10460,9da83343-dffe-41e4-858d-3118ae852896,1
10461,9dadfc98-0d66-4114-8d62-73750e11d913,1
10462,9daf7805-192b-4d1e-a965-97b90c6f36f6,1
10463,9db2f69e-3f03-45c9-9051-0d8865a78ae6,1
10464,9db30662-e686-4091-a701-fcdaa235756d,1
10465,9db3e548-2356-4377-8489-45cba65bc312,1
10466,9db56851-54a6-4374-a24f-76cb03a6b1c3,1
10467,9dbbd99a-155e-430b-89db-dfb2ebf76bf9,1
10468,9dbd638a-86f2-43b0-aa62-3622e66390df,0
10469,9dc0930b-a339-446c-8e32-fbe2c29b789f,1
10470,9dc11050-a400-423a-89ab-eaa9de6a56a1,1
10471,9dc16b4e-114a-4327-8af1-23ff5dbee04c,1
10472,9dc3ac20-4633-4f14-a6b7-0915010192d0,1
10473,9dc4f5a4-422c-4f45-a26b-c96e7523ae43,1
10474,9dc777d4-2707-492e-8189-75ad371a92ce,1
10475,9dc7c991-7ce4-4f7b-a3ab-ed4ce8fd4d08,1
10476,9dcac1de-f41a-45c7-b2fc-786166db1ff8,1
10477,9dcdee54-99ce-4b93-a5dd-049a7de05e4c,1
10478,9dd45c50-efe5-4027-a62d-e89db1b08c90,1
10479,9dd93cce-40ef-4853-b3b0-d9749f408550,0
10480,9ddb3a27-4223-4154-b1e2-940f0c2d1c66,0
10481,9de0aef5-1e3b-43c7-88b7-7ca8bc6b2a02,1
10482,9de424c6-a991-408f-86b5-4836a2364a15,1
10483,9ded14f1-101c-4ee7-8b34-56cbc5b9a628,1
10484,9ded7b5d-c583-49bf-86ae-cb0aea92a0e5,1
10485,9df970ae-eae1-4cb5-a7ed-0eec134b5e5a,1
10486,9dfe4061-171e-49c3-81e6-396d487a8ad7,0
10487,9e0258a5-a38d-4a41-a529-03b0dc485a09,0
10488,9e08fe2c-d3eb-4fc3-ad70-72fa91af9cee,1
10489,9e09b022-ed04-4720-bb90-0dd96553e416,1
10490,9e0ba995-df9b-442e-97dd-c5a4d69c9052,0
10491,9e12e473-14d2-4d0e-8711-af1af8a5d2a7,1
10492,9e17c5a6-36d2-4204-bd21-922b373e197f,1
10493,9e1e17f2-42bb-43ca-9d58-74869647f6cf,1
10494,9e21fce7-e525-4616-8b35-0ec066f4ba72,0
10495,9e2814dd-9356-4044-b72c-503e982d6b71,1
10496,9e290ee5-5008-41fe-be3a-da8d0c6968d2,1
10497,9e2d7c90-ea03-4084-af0f-58fc37421afd,0
10498,9e304dff-2ea6-421e-a30a-2256b056644e,1
10499,9e3073eb-5cf9-4bf5-a8f6-a5abd4387989,0
10500,9e3145e1-dc80-4ab3-a1e4-69b1e01c002b,0
10501,9e33abc7-eb30-4cd3-8a92-d72c76e748b5,0
10502,9e35b803-66a1-46a4-8623-4f6caedbf0ea,0
10503,9e38b77f-5f20-42d5-abcd-98eb8f4b5632,1
10504,9e39f0bf-82e9-4b24-8ee5-ddd653b65720,1
10505,9e3a45b5-372d-4748-886f-54a84325a4fe,1
10506,9e41dc42-a9e0-4308-b83c-033b4833f234,0
10507,9e444922-38d7-4211-b688-52da14de63c1,0
10508,9e451633-2ced-4465-9bdc-b8273f34c627,1
10509,9e467873-0ec2-4320-8597-72ed53196428,1
10510,9e4afc4a-6667-4e23-95e5-a60f4bdb75e8,1
10511,9e4bc0e9-20b8-438f-8352-cafca9723793,1
10512,9e51945a-ad70-4155-8498-7fa687b66ce5,1
10513,9e53df8c-6b11-403a-bf28-2c1c20ff13aa,1
10514,9e5517f6-cd00-42a2-b261-3bfa15a1bcd1,1
10515,9e577ceb-285d-418d-93ad-6643889d24bf,0
10516,9e592342-eaa8-4f36-b61c-597508df7ac6,0
10517,9e5af1c6-0bab-4f8a-8cd9-37ebca408813,0
10518,9e5b4188-188c-4968-9aa7-ca48c2619b96,1
10519,9e62e52e-d042-4236-af2b-219ffbc8254a,1
10520,9e63f006-2570-41f3-b3ee-745d002287b6,1
10521,9e67bdf3-6561-4aef-aa0a-a61b9c214e47,1
10522,9e695b0b-d2b9-4cea-83ae-1808b1963adb,0
10523,9e73d836-04e5-447a-91bf-fc4adfc8cb02,0
10524,9e812b92-b3e8-4287-9a06-4d701ef61a91,0
10525,9e848b4b-9980-4e1a-a2c1-ad14168cf682,1
10526,9e848f8a-8e18-45fc-8fa8-5feff29ff413,1
10527,9e86a56e-5907-4154-a932-fa207f9da6b7,1
10528,9e9351d2-ae5e-45cc-a649-c9740abe6454,1
10529,9e936442-9352-4f5e-9a82-9ed8e7faaeef,1
10530,9e9ec527-771f-4a12-b047-10f3a28fce90,1
10531,9ea49f39-7666-473c-b5f7-5bd7493c56a8,1
10532,9eaaa980-d689-43d6-8833-8b063688a8ba,0
10533,9eb1d19f-c6ff-446c-9b4a-3718eefdb5c1,1
10534,9ebce6fb-0c79-49f9-8077-721d09cf9064,1
10535,9ebf6011-3fee-4e22-b7fd-67e8e054dfdc,1
10536,9ecf72eb-a14f-43bf-91be-2f4f3db2e30b,1
10537,9ed6ab07-b970-48a3-b5d6-4bbbc463615f,1
10538,9ed6b386-87a8-4826-8d2c-96638b6e2c73,0
10539,9edc2c7a-d04d-469c-a306-1a6fe6aa00c6,1
10540,9ede44c1-ef56-40b5-8567-8900615a9e9e,0
10541,9ede7608-1c3d-4912-a38b-1a9c5afb2865,1
10542,9ee118af-5c26-49d5-9b34-1fd41adcae5a,0
10543,9ee124ed-2916-4eae-b50d-af1dfbde7dd7,1
10544,9ee2c155-3098-4d8a-9a7b-0cfaab481c4f,1
10545,9ee53e94-5589-456e-911f-d6b3ac214b11,1
10546,9eea4eaf-a075-4c63-9647-9d4812b541f6,1
10547,9ef73743-cd43-4bce-949f-2b062dbd1fd7,1
10548,9efb5192-9537-494c-be19-53c8e74cd6dc,1
10549,9f02d5ec-72fc-41d7-81d7-120f0d9c6522,1
10550,9f09571a-226f-4a2b-80aa-742fb6b43c2e,1
10551,9f0de118-158a-417c-bad5-ab949780e884,1
10552,9f109978-ea58-48d8-830a-a3d114dff737,0
10553,9f142843-f026-41eb-ba45-aa5f73c23f2a,1
10554,9f17b808-b484-4544-8503-dc4cddfb44e6,0
10555,9f19a905-9c97-4152-872d-d87dd54c032f,1
10556,9f1b5c10-457d-46ab-be7f-5bae9a009da8,1
10557,9f1f7de8-8245-4074-a452-d0ea3a3c4d4d,1
10558,9f20c2cd-1223-4634-a5c6-d7bf6242e5e9,1
10559,9f2ba31f-5329-46a0-a43d-e1b3ca4d6eba,0
10560,9f33ffd7-0d33-4cda-91b7-bfdbc8c4fff9,0
10561,9f369326-dcd3-4760-87e1-d3d52d5897df,1
10562,9f411de8-764a-41d2-8fc1-ee8a1f75aa7e,1
10563,9f4b919a-02fe-4131-b3ae-7b8ec1770b01,1
10564,9f5b3282-91d3-4738-a365-9b4846994c4d,1
10565,9f5ca137-14df-4340-9e2a-c4e7fbb0c385,0
10566,9f61d0ed-c7ad-42dd-9138-0c4cc01bdb7a,0
10567,9f665dc8-125c-46a4-8f17-baf7562a2ceb,1
10568,9f70b684-2cd9-49c5-a9f8-8313f65b9783,1
10569,9f7a8f31-c28e-4130-b309-60bd32e51440,0
10570,9f7fd5c9-5ee3-4cda-9cf0-89215998e164,1
10571,9f81147f-648e-4b8a-9fe1-e43476f7c4bb,1
10572,9f849384-7246-47ec-99a0-150d3d44a1d5,1
10573,9f8b927f-2540-4080-980d-e2c8f35f6203,1
10574,9f8bc183-9844-478f-b3d1-9f758fb02141,0
10575,9f9222e5-d3d9-4054-9bfc-32b136e7c158,1
10576,9f95621d-7e13-42cc-9c57-cbf55012e86c,1
10577,9f9e450f-a88e-4519-b557-779082647430,0
10578,9f9e89ee-c3de-48b2-8d80-69d6d3bbc4ee,1
10579,9fa05e74-cc42-49d6-a153-a8b52d459ff5,1
10580,9fa0bcb3-b34a-486f-81a1-2ebd52a848ef,0
10581,9fa209a0-38bd-429c-a4e4-367394678d02,1
10582,9fa435d1-ad0b-4310-bcfe-0185c51095df,1
10583,9fa72a97-46b8-471c-92ec-8dd726fc8ad7,1
10584,9fa9ecce-6520-45f2-8f9d-41c7eacddcfc,0
10585,9fab9d8a-bf63-4814-aafd-b4008ac8903b,1
10586,9faff872-02f9-460c-956c-43dbfe1c0932,1
10587,9fb59252-73cf-4f5c-89eb-59d979441406,0
10588,9fbd81d4-ff0d-4870-bed6-c95fba2dac52,0
10589,9fbe187a-1c10-4c62-beab-2bdc265f4cf8,1
10590,9fbf7e89-bb11-45ef-8deb-cb6f222c25e9,1
10591,9fc04c34-ab89-49e1-8609-e4069a4119bf,1
10592,9fc1a40a-67f2-4227-908c-07550e839540,1
10593,9fc27816-9a28-4ba1-94e8-ddf9b64ec208,0
10594,9fc4293c-ccf8-4ca0-98ec-1a7183b128e6,1
10595,9fc58af4-f5cf-4ba6-8ac5-dd60696bd86f,0
10596,9fc9b193-5287-4cfd-92ff-94864e7e409c,0
10597,9fcbb009-e91d-4e0d-b854-e53342220785,1
10598,9fd00134-80c1-46b7-9cdb-4ec7ce563085,0
10599,9fd193ec-9801-4725-b4df-ae7912a7adad,1
10600,9fe50983-1cd7-4555-b61e-5343adb38489,1
10601,9fe8a546-c10d-44c5-9c0a-d9812e978aed,1
10602,9feadf59-e0ea-4e1f-9563-4cff314288da,1
10603,9ff0ad39-a7f2-4b96-b7e0-55dceb2d2d36,1
10604,9ff1229f-8a97-4b28-9a06-a3c79d837449,1
10605,9ff2e5e4-f656-4d50-b7c1-0a586aa9ce86,1
10606,9ff8719d-7fc0-4f9d-8f90-689ba6e88584,1
10607,9ffd3da5-6ec6-4322-85db-08f47a84bb0e,1
10608,9ffe7d5e-5c27-4264-af4f-cae174aa4397,1
10609,9fffeed8-d633-4179-9f5a-6ce80b80ea5c,0
10610,a00719c2-b9c0-4ba5-a36e-3c01fde1786f,1
10611,a0099444-fe37-44f2-9005-30d87c4057ca,1
10612,a00bb444-89e2-4ac5-9641-2f8f06218db2,1
10613,a00c3233-137f-4348-9b49-abecba342ac4,1
10614,a01398ef-de57-43df-a2f4-ef88c4068961,1
10615,a0139980-ea8f-489a-b4ba-b30b7b1cfc67,1
10616,a019ad40-23aa-40b4-ba30-5bd5e6397d80,0
10617,a01e4c94-7319-43c9-9701-eece7e395925,1
10618,a0265b4c-0e4e-49e2-ad33-001ee037bc77,1
10619,a029b1fa-ff50-4819-8218-1a96948e0e4b,1
10620,a0347272-52aa-45db-9947-ce3e014d29b0,1
10621,a03c429d-4e18-40ec-9e84-210c8d33199e,0
10622,a040959f-7e27-4532-b60a-dbfb661e32fc,1
10623,a040bbe7-bc59-42e0-96a9-1ba58994af66,1
10624,a0432422-750b-42a1-a256-d262d32dff90,1
10625,a04607c3-417a-46da-b63d-5ada9cb43362,1
10626,a046347b-6d2e-4913-8bee-638db8473fb6,1
10627,a046bb4d-5fb4-48b3-a909-98dd44cb5080,1
10628,a049f6d9-29b8-4aef-af69-b0b9605b11fb,1
10629,a04b861c-a553-4818-8231-76c2ead358ba,1
10630,a04bd493-61b1-4241-8e46-c9e2657b2e7a,0
10631,a04cb60b-3397-4e08-b2e9-8869bfae2657,1
10632,a0578ec8-c60d-4d22-af08-88f73d59ee01,1
10633,a05916b5-583b-47c7-afa6-2b4a793b0e73,0
10634,a0596149-158d-4d64-8090-521675303aa9,1
10635,a05c4de2-0b9b-4819-847a-1dafce5eb72e,0
10636,a05c4f34-6c87-45f3-852f-683fbb617742,1
10637,a0643863-cb01-40ce-bad7-229373ce2191,1
10638,a0676340-97cb-4354-8527-bee5867589c2,1
10639,a06cc641-15f0-46c5-b02f-d9a60302fb9c,1
10640,a06ddc7b-dff8-4c32-8bdc-eac94228610d,1
10641,a06ea067-db62-4bbb-9316-84afe9b8501a,0
10642,a0707d17-8359-41f0-97f6-263a1afcc8ad,1
10643,a07b3c1a-b33d-4825-9750-76711ed17fcc,0
10644,a07d1b71-08a5-4c79-93b6-c734a9a43df2,1
10645,a07f2727-ba41-4126-b71e-3ee50e509aeb,1
10646,a084e168-61de-49eb-95a9-168c78934f72,1
10647,a08d33dd-5190-4e67-a1db-fe3b37624cb6,1
10648,a08dea42-38da-4b38-a616-3b0d99c21456,0
10649,a09336a8-fa9b-4566-bced-35530e8ed33f,1
10650,a093b8b3-102f-42b9-a4cc-765f0d949fab,1
10651,a0958d64-eb31-4902-b523-d10c8d901595,1
10652,a0a50a75-a87e-4df2-a995-abaabfc5b66a,0
10653,a0a84789-6535-4d6d-9cb3-1a10aa504c8d,0
10654,a0a85b1f-6fb8-43a0-b1ef-45fcc8f36fcc,1
10655,a0a9940b-d06f-4dcf-b257-9803409ae916,1
10656,a0b7b1b8-faaa-4f1b-8fc3-a015bc70df64,1
10657,a0b7f80f-bc9f-4735-9d97-12482cdb1f4a,1
10658,a0b8df51-8b29-47da-9082-f14e39dfda53,1
10659,a0ba57bc-3051-46b9-8afe-c0f735fa3ca0,1
10660,a0bb4ede-0efa-44ff-bd38-1338748a5ffa,0
10661,a0bbb94a-05bd-4f88-868f-ce5c6dc757a1,0
10662,a0bf3e20-6b38-48c8-b724-db14f18cfd0f,1
10663,a0c0ab4c-3cf4-4440-9aa6-8b464aa4d49e,1
10664,a0c508f1-af4e-45b1-8c93-d3c70816cbbd,1
10665,a0c64e58-19a2-47a5-92da-7415bda209c8,1
10666,a0c974af-ec75-4063-b9ee-9f60c8a15c64,1
10667,a0c9fa29-4e67-4d3f-8ad6-175f870f1585,1
10668,a0ca15e9-f980-436a-9658-3f04e0054945,1
10669,a0cafc73-f195-4ba6-b2bc-dbb23c213f15,1
10670,a0cc9bb0-3c71-4aba-b394-4c7ca826879d,0
10671,a0db37d1-d6b7-44ef-982c-6a249a83f1ab,1
10672,a0deebdc-acd7-4d84-9f6a-d4274bc0dfdf,1
10673,a0e63ad4-8391-4b30-ab64-4bc71418bf76,1
10674,a0e94d04-9a95-415e-b1c3-f138dda4d5fa,1
10675,a0eadaca-235a-4d5c-ad7a-75ee7cb889f8,1
10676,a0ed8f29-0e4b-49cf-aa0d-de7f437cc71d,1
10677,a0f0f5d7-e344-4953-80af-065ada04a974,0
10678,a0f1b10c-27b0-4ca3-b937-bfdd6f328bfc,1
10679,a0f29450-a1fc-4c4b-b184-7f7ded1b5c0d,0
10680,a0f5d5b6-02bd-4de6-b4a0-96f469ae5560,0
10681,a109527b-be05-40c8-8017-906d33b513a3,1
10682,a10e4c86-cdb3-4436-abd5-08bc8935eed6,0
10683,a11089c5-5ea0-4d92-b726-c90a1aee1d42,1
10684,a11153ec-5a33-4d29-9c4a-c842cccf9658,1
10685,a119bd20-c990-4170-8ae0-e5986d4ba9bf,1
10686,a11a1bb3-49fb-442b-93cc-efbc38ec42c9,0
10687,a11cc299-e377-4895-ab04-04c84f4e6c47,1
10688,a122ee12-35be-45d2-8177-c189feb2d112,0
10689,a1235cc4-90b5-462a-857a-ea8e516c4c26,1
10690,a12651de-bf7d-42fc-b902-e55df563ffcd,1
10691,a126b39f-c1a6-4b18-b11a-4fee014fbeab,1
10692,a12793ee-5b74-4d0a-a832-0fc4d3605070,1
10693,a12c9c09-bd38-45f0-a53b-cd58e733cdf9,1
10694,a131c87b-4bdd-4042-a337-cd6e7e013ec5,1
10695,a139e11f-a06b-41de-b6dc-0d899aab44e6,1
10696,a139f74a-6f53-45d2-9090-518006efcd2f,1
10697,a13cd534-0df9-4567-984a-0779c2ca240b,1
10698,a13d1dd6-78d3-411e-9e18-b330f771b4cb,1
10699,a13e1b36-ad0c-4d41-bcce-44c538ff6383,1
10700,a13e54b7-f1af-4ee2-8687-a9256646f1a4,1
10701,a13f91e7-ad93-431c-9789-f874cf97b355,1
10702,a1445e75-428e-42f5-a58c-ecd6e92554ee,1
10703,a1453c06-8698-4781-85d5-a1c6c2aaa10a,1
10704,a150ac90-5c7f-4ab5-8d75-99fb829b54fd,1
10705,a1609c05-dd52-4280-afbb-1cbcc9f4cb34,1
10706,a160b74b-31df-4ce2-95b6-c02571d8df4a,1
10707,a1616a90-34f5-4f59-8761-d77f19f81a0b,0
10708,a1626070-21c5-4937-81d9-b3e0edcdd5c1,1
10709,a1649422-85fc-4b1c-9dfc-822d7836abf9,1
10710,a165c8ba-90ac-4f07-a1b7-2c13973a9cea,0
10711,a16b3d1c-518a-416e-b52c-07e573345521,0
10712,a16f3797-5c1d-4754-92ec-b3cabf216abe,1
10713,a16f465d-2d45-40dd-ba8e-7b6ca019de86,1
10714,a1708e04-b967-4d66-b934-ef106d2e8300,0
10715,a1748b2c-d950-4f5b-9ba0-9c23c7f4ac7a,1
10716,a17690d7-417f-46dc-b09b-c95ddbf6dbf5,0
10717,a1776251-b1e2-4e5c-9909-555e66f0c79e,0
10718,a177fef9-22cc-42b2-8f9c-e8ba27d9f99d,1
10719,a1780869-cde0-4310-860e-d30f196cb888,1
10720,a17bea5a-81f4-4bb0-a825-21451d364197,1
10721,a17dbf6b-88be-4637-a033-2205abde582b,1
10722,a181e5ca-63dc-42da-ac45-5c4644999889,0
10723,a1864a13-edd9-4c49-8853-92dcc884e70a,1
10724,a187267f-c8c0-4a52-bd81-9f6aaea8bce5,1
10725,a1880e6b-eae2-4c85-aeb0-3ea3b73196c6,1
10726,a1895326-f0fe-4a22-8068-c86a8362a55f,1
10727,a18f8939-0e1e-4733-81e0-0c312da8ec97,1
10728,a1a013d7-5320-4a67-b80b-01fcbb67a020,0
10729,a1a1b06e-d074-45c2-84cf-3f0f4c331cbb,1
10730,a1a1f1d4-a169-40ee-8db5-43d7530f69a8,1
10731,a1a5c338-9934-4bd3-8f95-52d5d98cc6b7,1
10732,a1a64169-f55e-4f50-974f-ded13499abf7,1
10733,a1a72c84-cd82-4ee4-b190-b83cb031a05a,1
10734,a1a7cb43-007a-49c5-90f7-1b070cebb42b,1
10735,a1a81b62-d8f6-4222-b953-6c2b10d3a3b3,1
10736,a1b0ea61-500b-43e4-b359-eae819fe3b02,1
10737,a1b3cd5d-fa0e-437f-a777-5cb089e258bd,1
10738,a1bffe50-f68b-4ad2-975d-32736387cc81,1
10739,a1c4963a-824e-41d5-82ba-1ebc244ec49f,1
10740,a1c69b58-42c7-47bc-ab02-e245e78706b7,1
10741,a1c993e6-3316-4f70-8df7-be45259ae3d5,0
10742,a1cbeb86-2bf2-4ebe-b48a-0cca41403425,1
10743,a1ce53ea-c6cc-4aae-b46e-d396ff7635b7,1
10744,a1d18c0f-dd3e-412f-bff8-da5ec510701b,0
10745,a1d782f5-f2e3-4cda-a9eb-9b891343803e,1
10746,a1d7c2c0-e04c-4e74-afda-aa46ff85d3e6,1
10747,a1db70a1-985d-4445-8d86-d4cc7d3654b8,1
10748,a1df7f24-00eb-46dc-ab7f-21a80957fdae,0
10749,a1e52614-53f1-40a6-bfb9-3b7e60632c38,1
10750,a1ee2221-c78a-4014-8736-088c53a97773,1
10751,a1ee48cc-45a1-49d0-a3ac-11760bdb9d48,0
10752,a1f3e69b-564f-4e1d-9073-303eb9dd787d,1
10753,a1f526cc-8f60-403d-a27a-7fac01d5249e,1
10754,a1f71aec-baeb-45c1-b56d-9a49519c42fb,1
10755,a20472b9-0bdc-48a8-914d-4f5410d6a4fe,1
10756,a205a3ff-2f90-4fba-95ef-c018211e3e86,0
10757,a208b043-62ea-4a8b-9968-0eb21457fed2,1
10758,a209244e-f045-4349-abf3-29bdb56e86e1,1
10759,a20a3aea-11c1-4234-8214-c11541f0a20d,0
10760,a20c20dc-2d20-49a8-9e7e-a7eacb8a75ce,0
10761,a20c6eb8-63a3-4bdf-9985-ba445a6889e4,1
10762,a210fbc0-02c1-48d2-bff0-0358d2d46181,1
10763,a21932a1-9468-4e41-8fa7-3c3ec385de66,1
10764,a21b000b-3f4f-404e-8940-d49520476aab,1
10765,a21e869d-0cb7-4fe3-9392-d87a4a19d185,1
10766,a21e9256-9e59-4e51-91b1-85a654902303,1
10767,a222c3ee-b41f-42fe-9082-25d48297ec84,1
10768,a222e596-082a-4ffe-9a66-dfd86d3c22a1,1
10769,a226cdf9-12ea-48f6-992c-9b2c6516f9a8,0
10770,a22d93f6-5339-43d8-ae3a-d8907da1f6f0,0
10771,a22eed0b-a9e2-494b-ac83-de03289faddb,1
10772,a23d7d3d-8f93-4cfd-af55-3c765a5b5a73,1
10773,a23ebd1e-cca2-495c-9d2c-41e725728f51,1
10774,a2410c06-f47f-40b1-9b8b-9b143e2b30cc,0
10775,a24190ad-8971-43f5-af20-fcb771daea4f,1
10776,a241df4e-14f8-403a-9d07-7cb75b4986c3,1
10777,a243d7b7-bb1f-492f-a46b-af831e3c390e,1
10778,a2460290-0d38-4f2d-820f-df559071e2b5,1
10779,a2478aec-21d7-4391-8bd0-e4796a4a448d,0
10780,a24f0c8f-063b-4678-9a70-43febd59aaee,0
10781,a2508489-ef33-4c05-8584-0637f5f82f33,1
10782,a2508582-2bc3-43b4-a49a-9814cbd04579,0
10783,a254fc17-dadb-4451-8af4-dd44aa53d595,1
10784,a256336c-3ac4-42c8-963b-4a2597808142,1
10785,a257f89a-8ddc-45ac-8d29-5bd6c78fc516,0
10786,a258e23f-1c1b-40dc-ac38-66a074b11d53,1
10787,a261ff8f-8e92-48f9-b90b-7696db26eb05,0
10788,a2624dfa-d39c-4f78-8dbb-527f132be547,1
10789,a26c1752-bb62-42f5-ab02-dd3cff60e89e,1
10790,a26fbc77-54c3-4ee9-8089-39490b274296,1
10791,a271c214-f314-4771-be94-9fbfb1a08a34,1
10792,a2728b8b-c684-4309-b050-ae1ac47cb00d,0
10793,a273dc1b-5555-4985-8da7-497862a01492,1
10794,a283b749-1216-4efc-bdb6-47cc8d39e95d,1
10795,a286af55-50ff-4000-a300-dec261c97af0,1
10796,a28cd541-e65f-4eba-9a43-1e182db63671,1
10797,a28d8f7a-e98a-4ff7-b6ee-097466f89903,1
10798,a28d9329-a96f-452f-bcd3-4e86c7cf0c7a,1
10799,a290e981-501e-4bc9-8f03-3b9c07420207,1
10800,a2912370-abf6-4afc-8aa8-a771996a065c,1
10801,a29bd4b8-0e19-447b-bd76-d2786d6d6730,1
10802,a29fce41-49ef-49c6-bdbc-7dc9bd5f78cc,0
10803,a2a0a6dd-9163-4cba-90d4-2b4ae563918c,1
10804,a2a25a54-f994-4f5e-be9b-4d11660762c0,1
10805,a2a3b354-0ba4-4459-ac7e-dd426ca2c232,1
10806,a2aa6872-cde1-4160-a6cc-584c005a8452,1
10807,a2ad57d6-ea81-43bd-8fe9-c1545db1f36d,0
10808,a2b02875-623b-4122-8333-c240654129e2,1
10809,a2b1156f-67f6-41b3-bd4e-91adb6acfe21,1
10810,a2b8d79f-ff39-415a-a200-6bfc876c4afb,1
10811,a2c3d2f1-79f4-4882-80e1-6a52301af34a,1
10812,a2c55a7b-e823-4298-9230-b6f0510cbcd6,0
10813,a2c5b778-d25e-47c5-986b-547ca0e7d0ad,0
10814,a2cd8b68-b89e-428a-82fe-5af738475f60,1
10815,a2d0b7ab-e02e-4d42-b674-f860a59c3fd8,1
10816,a2d41568-f075-4e68-ad2a-491eb924dcb7,0
10817,a2deed1d-2b1a-4278-92d5-18bd15794b76,1
10818,a2ec7889-5709-4417-93b7-7fce6909b383,1
10819,a2f0c180-7ca3-4d01-b88c-5bb003714873,1
10820,a2f29e57-9bc0-43a9-a318-7be86f2cf248,1
10821,a3002ca7-5fd7-45c3-b798-7a05711ce362,1
10822,a30d882b-0df8-4cea-ae9c-eec5ba339f73,1
10823,a310935e-f35d-4b40-946a-f9e49a492e00,1
10824,a31292a0-9084-4eba-b54c-53dedfa1de61,1
10825,a3131e05-db8e-4ac5-a75f-fe56c06601df,0
10826,a316e98d-0e8d-4514-beab-77d2e27140e2,1
10827,a319922b-6d42-439a-af24-b12b49063dd1,1
10828,a31a269c-4fb5-4171-9529-c7185aa4f82d,1
10829,a31b1eb6-e176-4c88-9e97-f4aaa9e454f8,0
10830,a31d64a0-cb34-4baa-87ad-bb2b9f81a374,1
10831,a31fab22-8095-4828-823d-ec709bb74731,1
10832,a322f004-5653-45f5-ae26-fd1b63361cbc,0
10833,a326a3f4-1a8e-4b5d-9cac-ddb497108ed1,0
10834,a3281887-017b-478e-900f-d8e0991170b9,1
10835,a32b644d-e7a9-4b0c-876e-ad9b2a9c7b06,1
10836,a32e1da3-bed7-46b1-b281-e0bb55406b98,1
10837,a32ffc85-c320-43cb-a18f-94eacb201737,1
10838,a3407a5c-c65d-4b18-a641-efae0802a5d6,1
10839,a34488e2-034b-4b23-8769-a7f9de610a07,1
10840,a355e313-b566-4ad5-8566-e9075d2eddd4,1
10841,a3580793-3e3c-4da8-beec-fdf0b33599be,1
10842,a3587361-2909-4f6f-9976-e2798af412f1,1
10843,a35984a4-6a64-42f2-a77e-be882b8ea236,1
10844,a3692d37-fa87-458b-8602-87d1190002c2,1
10845,a36c229c-ae73-4ddf-88ae-aa6889b828ea,1
10846,a36c9f88-5c1f-4028-8387-304e8052cd1c,1
10847,a374ab71-7ee7-4fa1-a662-08c72feb4a27,0
10848,a37806f6-60b9-46b9-bd49-b442b4ef1084,1
10849,a3785533-25f6-45a2-b38a-211cf0c323fc,1
10850,a37aba2d-c589-4715-840c-8d5d3404db74,1
10851,a37c04ac-ff77-4389-a631-b1eda1aa28a7,1
10852,a380e0d2-58e1-4e98-b545-a842ca6d1a1d,1
10853,a386c66a-00c9-4196-9884-0a4d480130af,1
10854,a38bc757-dbe7-4184-a2f6-64283f717f75,1
10855,a38dd460-d0f7-4501-b198-78e7c5bd0499,0
10856,a38f68a6-ec69-479d-8ab5-3d1ea02eb690,0
10857,a38faf57-1144-421c-8c4f-cfdf1dbabb6d,0
10858,a390647b-68c8-4da8-bba8-55d031ef157b,1
10859,a3923656-7488-4f4d-9a3e-4db7145c5357,1
10860,a393c868-769b-4335-b76e-b818b460a073,1
10861,a3959607-7030-4c86-86f2-007de3d0f84d,1
10862,a39a26ab-49e0-4711-bc60-092238eaaa09,1
10863,a39df9ae-1d68-4ccd-8229-2e113bb76066,1
10864,a3a06088-995f-4ff2-bebc-1e65c0b0ff54,1
10865,a3a97a24-c323-4019-8fb8-84b25e46f9a1,1
10866,a3aa2967-170e-4788-9603-b56c08c4991a,1
10867,a3abe3ff-6d60-4c0b-8246-33a8891e2e45,1
10868,a3aff1b1-6294-44bf-8b01-b5b8424f1929,0
10869,a3b53963-c535-4cc1-9936-b9f2cf5e8f37,1
10870,a3b57079-ecd3-47c9-8711-8108bf92530f,0
10871,a3bf0347-49ab-40bb-b7cf-e85ecdab35f1,1
10872,a3bf8570-bace-41cb-ac10-ee53f56967f7,1
10873,a3c8c0d1-7c03-473f-9da5-47cf27dd806f,1
10874,a3cbb706-54c7-4934-8376-f4fcce5c933c,1
10875,a3cd7086-9d35-4b65-a2dc-19796498c29f,0
10876,a3cd88e8-c87d-4159-81ea-95b429b75f98,0
10877,a3cefc88-7608-4a97-bbfc-2c2ff3cdb5e2,0
10878,a3d58cfe-eb5d-4fd2-b20a-d055b2d77f05,1
10879,a3d5a1e4-7e13-4360-bcf4-c16386dccc48,1
10880,a3d5f716-008a-401a-a006-d08060d4fc73,1
10881,a3dbf9d2-ad21-472f-a574-c8c46480f747,1
10882,a3e41b55-2209-499a-8049-1b2eb4cf2be1,1
10883,a3ed1c41-5e73-4416-be6f-21d6e917254b,1
10884,a3fac21e-edc6-4d77-b25c-12966cf22b0d,1
10885,a403b36e-a9e9-4f5e-9c81-d60dc63adf61,1
10886,a40541ab-3264-431f-b7f1-a24000e7bd5f,1
10887,a406f8b7-5623-4f33-9031-54e111a58e41,1
10888,a40aa100-1633-4754-afba-05957f4365f3,1
10889,a40bf87d-f913-4030-8645-918fa7a58af6,1
10890,a40e435e-c2d6-4510-be06-46ffaca8a250,1
10891,a40e527b-4339-4e20-84d0-85256b250c24,0
10892,a411b34b-e610-4d17-9e36-71b55ce3bd30,1
10893,a415aaf1-51aa-4f57-ad86-e49605c4b354,0
10894,a41d6fec-0c43-468c-b580-38a375251fd7,0
10895,a4205cb2-b8c2-4024-a3ee-bb3ae3bd2ccd,1
10896,a420f479-d10e-429f-9fbd-f766c7845f6f,1
10897,a4234573-300a-4f06-8f45-299a9880f728,0
10898,a424ece5-1b41-42fd-9f24-4e2afcd0d78d,1
10899,a42500bc-b94d-40de-a008-f374d430123b,1
10900,a426c059-a3a9-4b04-8319-5d79e50cd894,0
10901,a42d0104-5aee-4308-8575-e75a9602c2d4,0
10902,a42f033d-d6d0-47ce-a734-9985755ed1fc,1
10903,a4382518-9ad8-480b-802d-e048c7fb7f16,1
10904,a4391d5f-b134-4430-be41-e09a809b8e68,1
10905,a448a0bb-89ca-42f3-9d6f-2e16f517cad6,1
10906,a44a7a92-d489-4b1c-bec1-aa937c415d5b,1
10907,a4539731-724b-4602-82fb-dcb63d2934b7,1
10908,a4540b57-c9f9-4037-8556-3ca4268db249,1
10909,a4590bf0-5bbd-4925-b231-5a487e57d1c9,1
10910,a45b7500-e05d-4961-81bd-f44eeb9176d1,1
10911,a45e8877-acac-48bc-a52e-4941784b1f0a,1
10912,a463438d-2f36-403f-81d9-4e24dc128c13,1
10913,a4686f34-74ba-439e-9f3a-8a41b3f74f97,1
10914,a468c02d-59e9-49cc-a6a7-483be521ced8,1
10915,a4789652-f2a9-41b4-a85d-55cabb5e13e7,1
10916,a47f03d0-c3a9-4b31-85d8-56f4a9f4aec1,1
10917,a47f9c8b-78ff-469d-8de3-4d527468b9b3,1
10918,a48b95d1-92df-46e3-8ab2-04dbc4dca839,1
10919,a48e802d-7d67-44a0-bf58-ef0d018697ee,1
10920,a48fa2f2-2a11-4a22-907a-ca2b8f1d3491,0
10921,a492fefe-f952-4eb9-9807-15223c7b9a53,1
10922,a49418bb-1b47-4d89-88c9-4eeda1130797,1
10923,a494a255-1a96-40e1-87e4-49ce41fd2353,0
10924,a4a7a649-ecfa-4bdf-9ad4-04ecab827f3b,1
10925,a4a8ebd7-b23d-422b-9261-e35383611ab1,1
10926,a4aa8647-2499-40ba-8505-4c929d73f3b0,1
10927,a4ab8abe-a83e-4078-99f3-551ccd1e23aa,0
10928,a4ac44ea-751b-4096-bfca-56c22cd7f83d,1
10929,a4ada4fe-5c7f-4f14-b923-c47e80411a95,1
10930,a4aebeec-9c2b-4481-87d4-f750a40f62e7,1
10931,a4aecc88-6e86-4b8f-b82b-7a7e2e81e81e,1
10932,a4b35884-718c-475f-9a94-9e0dafd14856,1
10933,a4b3c4dc-1032-4c92-9264-0c482a446916,0
10934,a4b9f617-df36-45df-8465-0e3a4b10f8aa,1
10935,a4c49dfd-e8e4-4804-9bc6-5aeac8311229,0
10936,a4c703c7-742b-4671-801a-46a991a4b296,0
10937,a4cdc2c8-0efe-43ab-838d-67ed024e8644,1
10938,a4d098fa-6b15-42d6-8c2b-114042293e83,1
10939,a4d12c3c-9fe0-43b0-aa5f-2c663074d731,1
10940,a4d2b0ca-6eaf-4498-9813-fc805388d2f4,0
10941,a4d7d1cb-5798-4a75-9edc-732c655b99de,0
10942,a4d9060e-4f34-426b-8cdb-5142f875b7ac,0
10943,a4dabee8-7fca-4a01-a505-85bf08299b61,0
10944,a4e10313-5f32-4db8-91a5-1ff4b41bcc3b,1
10945,a4e8dbc5-68b2-46e6-b977-fd02d0ec7733,0
10946,a4ef3cd3-4fdd-4a3f-bfdd-1a2ccf8835cc,1
10947,a4f2e445-afb2-4c68-9ae8-35e57992df2e,1
10948,a4f33867-462c-4441-9375-0b20cb460ba9,0
10949,a4f53429-8b9f-488a-8e5c-8915cfcc2090,0
10950,a4f599b8-eb36-4e28-86c2-bf49204264b1,0
10951,a4f61f6d-cf77-4b4c-aeb5-0bcd18c96f57,1
10952,a4f8863d-0c01-487d-af8b-49b4554a3c62,0
10953,a50029de-506a-4791-88dc-ae99d8876009,1
10954,a50120b4-34dd-41ac-ac99-74012110d50a,1
10955,a5035e6f-385a-4673-b42e-6048977b889e,0
10956,a5076071-18b5-4b2a-98d9-fce6767b5539,1
10957,a5088b60-a80f-4772-8e3a-e7f3dc48401f,0
10958,a509caff-d90c-47ce-accc-c135eda97844,1
10959,a50dadcf-f4e3-47e4-a14e-67417e4332ba,1
10960,a50e0f9a-1b36-4277-b2ac-2358f4551941,1
10961,a50e1b98-73cf-4040-ab84-fe710f9f18a9,1
10962,a50e5964-6feb-4b37-94f6-a77d856c9997,1
10963,a50e606e-7524-4e1d-bfc5-8e982260d03b,0
10964,a50f7fb5-1fd3-4ba0-9852-0315d846d85f,1
10965,a5105d2e-2d7f-43ac-8ee0-f4b83d327e5f,1
10966,a513d8a6-f8a6-45e7-860a-f95fc4cb1fab,1
10967,a515ca17-1e49-4b46-9ecc-fa5f352f9cbe,1
10968,a51a80b7-91f0-48a2-bc73-4159c9d3e0b5,1
10969,a5212f6b-a597-463e-a634-4c803da23148,1
10970,a5254c6b-2cd2-4950-84ce-829a5a8faa44,1
10971,a525c637-fcc0-4b88-b779-382fe279e339,1
10972,a52701c7-fb00-4802-8cd6-223d080905bf,1
10973,a530e8d7-a7ec-4c6c-9efc-1363d5c053b7,1
10974,a5311717-9c22-4574-94a2-7e72c3ea034e,1
10975,a5362b4f-3013-47d2-874b-e8949941277b,1
10976,a537f077-af98-4943-8d54-366ba0615cb5,1
10977,a53a2171-2cba-4095-a787-172e219c157e,1
10978,a53c4782-1288-4a92-b107-eeb700fd1be0,0
10979,a5411f8f-5f71-47ef-80a6-e80405dd7ec6,1
10980,a541b908-26b3-4b5b-b26c-0ba0e7feb8a3,1
10981,a54223d1-ed19-4fb7-a543-79e4ab1faa75,1
10982,a545e76b-5c29-4646-8484-bd0ee197b765,1
10983,a548142d-99d0-4ae1-8fc6-fba5262e7751,1
10984,a5485116-bf06-4a95-aa36-71328a008743,1
10985,a5499516-77bf-4340-9033-180484e01f18,1
10986,a54a77cb-51eb-4596-8386-2521f3717551,1
10987,a54e5517-b9e7-489c-b931-07162857283c,0
10988,a54f4f44-9860-44df-94cb-91ac7798f1ed,1
10989,a553350b-aa32-4ccb-a8eb-56baf2fe99d7,0
10990,a55413a1-1526-4bc1-badc-296f3c12438b,0
10991,a5574dc4-8361-4537-970d-74fd198f83d6,1
10992,a55d02db-a000-4d3a-819c-14651a787eb0,1
10993,a563245d-8a08-44cc-b998-52272a253ee2,1
10994,a56a8890-7f6d-423e-8dd8-2935025bd055,1
10995,a56ce202-09be-45e5-938b-f2e8c9dd505b,1
10996,a56e1b89-969e-4e1e-8371-d86b8c4f7183,1
10997,a56ebc12-9865-4dc8-b341-6f09d4dac17f,1
10998,a571c4b6-c71e-445a-a23b-192a6414e85a,1
10999,a5760ad7-81aa-419d-a530-66018a3474cb,1
11000,a5777893-9ebe-41f2-aafa-103a08385ebd,1
11001,a5787bec-662d-4cc7-8bd2-edce7c752c3c,1
11002,a5792bdc-2aa3-4278-abcd-fb017eba0e55,0
11003,a579aee5-6c6a-41f0-a67b-925272dc8b46,0
11004,a57b8742-4273-41fc-8b48-f277051bf95d,1
11005,a57f77a4-3ba1-4283-90f3-6e8031e8203a,1
11006,a580b89a-00b0-433d-92c1-84fdc7ea8c03,1
11007,a58b1530-db02-4249-82eb-039d51a6c112,0
11008,a58bd144-106c-4182-a5aa-8782b858db36,1
11009,a58daa7f-203d-45ac-87c1-0dfe00dad9fb,1
11010,a58e73da-c9d9-4342-840f-238eea017744,0
11011,a58f9f31-16d1-4be1-b237-9c2eb957341e,1
11012,a5919f90-c272-48bc-a8e9-87e989236135,0
11013,a59a0dfe-f9fa-4a2f-9716-a60b410c2b9e,0
11014,a59d239b-93a4-453f-ab9c-856b3b57c5b5,0
11015,a5a09b64-0a12-46e3-9fc0-9b9c4314996f,1
11016,a5aba4a2-046c-4983-8b66-b9a5cbbd3322,1
11017,a5af38f3-00d1-4bf5-8a74-177f5b1e7361,0
11018,a5b30388-9038-4688-bf75-b23f78a69795,1
11019,a5b43248-899e-4f9b-ae1c-78ed5fe79081,1
11020,a5bb311a-edd4-41a0-b8e0-a1853646c14c,1
11021,a5bcefd7-95a8-476e-a7fa-52652ece4eb3,0
11022,a5c1e1b7-4165-4f4d-8b6e-f0c32eb09b9c,1
11023,a5c31aca-8cd4-45b0-93ba-d8a194509c4e,1
11024,a5c99940-5e3d-43d2-9613-0d101920f140,1
11025,a5ca1e46-0d44-4bcf-8316-ff6de8321409,0
11026,a5ca4c30-591e-4616-ad44-f2325f323840,1
11027,a5cbb570-2d50-4c08-ae99-fc46d382af0e,0
11028,a5cd186c-d993-49fa-87b1-60d842f4aabe,1
11029,a5cd5d69-2025-4b6a-95ec-e5629af1e2ab,1
11030,a5d09dd3-3d22-4adf-84e8-39c9906ccbc4,1
11031,a5d12d10-6b85-45d8-aff5-f81b83178f6a,0
11032,a5d5ff61-2e9a-4d03-9fb7-3f29423e304f,1
11033,a5d7837d-6808-4d25-b814-48c0bcd304b7,1
11034,a5d95dcc-722b-4b12-be63-a86593fef75a,1
11035,a5da1c3f-aa94-4987-9fad-99bc0f22fdac,1
11036,a5dc4295-6a08-47bc-903e-d3b8a1d80e4c,1
11037,a5dfc0c7-0f77-4d61-a6e7-7d9d6f1f9cef,1
11038,a5e11ae1-8315-4346-835e-4fdf9211696c,1
11039,a5e4c6d3-d009-4268-a9e0-e37a66a4f2cf,0
11040,a5e9093f-78fc-4f14-a459-f34caee062ec,1
11041,a5e9f515-2418-467a-bbc9-a8305ab25efc,1
11042,a5f0db6e-eee1-4d80-a51c-93940afe5375,1
11043,a5f75620-9239-4cbe-805f-a261f1701e0e,1
11044,a5f9fa02-5855-49b8-aa5a-50adc4b5dd5c,0
11045,a5fc2690-af09-4b73-82ac-28f8b975e184,1
11046,a608b0e4-a5fd-4705-a9b9-17615e1185b4,0
11047,a608bfe5-49d9-40b5-bcff-a9b648ccd02d,1
11048,a609e813-1c40-450b-a562-f25a4bad7a9c,1
11049,a60a80b8-53e7-439a-b1b3-85e4ac2d570f,1
11050,a60c8b68-250f-43a0-9cc4-85e09e483d2e,0
11051,a60d1fb1-197d-42d1-9896-35b000054cee,1
11052,a610d578-ef33-48bc-86cf-bcba5bc81eed,0
11053,a6116d99-fa9e-41ae-8ef5-56a14ced3b5b,1
11054,a6120ff7-b1bc-49ad-b2ef-6b189847f5ad,1
11055,a612e02c-392d-4a7c-8a3f-e9e18c5e6af7,1
11056,a616ae97-6ff9-482a-80ff-7c22c6cde39a,1
11057,a619c2bb-ef4f-401e-b233-1979c7b51f56,1
11058,a621254f-73d3-4a05-9716-f8a771b8d6a4,1
11059,a6237514-aacd-4d0e-925a-7bba46fbd4dc,0
11060,a6280f01-310a-4248-bc67-8fafef3117cb,0
11061,a62d893d-1514-48d4-a81c-13012ce83499,0
11062,a62e03b9-02bd-4c84-b97b-550d96145ecd,0
11063,a62e03f6-8c87-4b9a-aa9b-9d71d9252ed1,0
11064,a62e8a75-19d3-484f-83f3-64cca1e5e65b,1
11065,a62f4952-de1c-4108-ab76-0af9e84bdebe,1
11066,a632a632-1457-40d6-96eb-902554756743,1
11067,a63615b6-5ee2-42b9-9bcb-b6e8438e9559,1
11068,a638b641-4652-44ea-921a-7cf595699e80,1
11069,a6395755-4f10-4b32-bcb3-5ea6c0f788cc,1
11070,a6406de4-1f86-4c38-893f-00e4288c664a,1
11071,a6418f33-9c41-430b-8c38-546a211b9410,1
11072,a6436abd-00d9-459a-9472-c833f59e1567,1
11073,a645165e-b29b-4380-9d37-c220fab13bc2,1
11074,a645940d-1eb6-4fa6-93a5-694cad60a928,1
11075,a64a9ada-6b8f-416d-9b5c-1abcac6b242e,0
11076,a6514a2d-3afc-40b5-8354-c5f62669c64c,1
11077,a65277ac-18bd-4661-96e3-cce3fc36adb3,1
11078,a657501d-8a07-434f-9d0d-7e53c57d6915,1
11079,a6597bfd-38db-4497-893b-feb0a1f1ac91,0
11080,a66038d0-89b2-4cf4-8f33-a08586bbc977,1
11081,a66414f7-5c49-43d5-bfb0-46710e52e9a4,1
11082,a66b6bdc-2642-4d5f-b9d1-d5e3b8e14532,1
11083,a66f9612-871d-41aa-821d-8e2169f41b03,1
11084,a6710873-e617-44b8-8611-6362b7f80ae1,0
11085,a6719e11-f4e8-473d-a623-6d6beb879ad2,1
11086,a673c7b8-9f8b-4d44-afed-47fb5bbd5881,1
11087,a6752bae-d431-4361-93c7-f9e54f38fb49,1
11088,a6775e5e-1843-494f-8fa6-f6b23f1649ea,1
11089,a679a3f1-c59a-456e-a751-8d70f893d8e5,1
11090,a67dd1ff-ff24-4e87-8d52-85d8b6c16e7a,1
11091,a680fced-c429-4548-8216-b0fe77919651,1
11092,a6832e80-fe3d-4577-a1d9-364bf2f8dbaa,1
11093,a687313f-4950-4447-bcaf-f95a7024a2f6,1
11094,a689201d-773e-475d-9a05-abd34737df4f,1
11095,a6964f69-75dd-438a-b5f4-62e357635bdd,1
11096,a6977ad2-959e-4fd5-81b7-056f3f0651f7,1
11097,a69efe9e-d1bc-4042-b10c-194e165284ed,1
11098,a6a03933-9eae-4497-ad36-19c9538d36cb,1
11099,a6a0e64f-f328-45c0-876b-d6cc6f98a188,1
11100,a6a3cb6b-da4d-4812-8b04-f5ad23219481,1
11101,a6a4d007-3b9f-4a4f-b9d3-79290369eb04,1
11102,a6a4d04b-fa40-428a-ad08-c6330a705a99,1
11103,a6ab93e1-3709-4448-9393-b6241c6c1b14,1
11104,a6acba71-9c3a-46ed-8f71-3e03a4cfdf40,1
11105,a6ad6af0-17a9-4065-b260-9d7b0bce36fd,1
11106,a6af15c7-f923-417d-8dda-6faf5a4119d6,0
11107,a6b0f31f-0180-466f-8d96-205ddbd5f1c4,1
11108,a6b8d659-4ba9-4ccd-ab04-4df3f736f1e4,1
11109,a6ba2eb8-0fb5-4167-8295-9a8e415f4ab0,1
11110,a6bbd4a1-375c-4128-9abc-32a087ca098d,1
11111,a6bbdc91-af6d-420e-a7a5-85ea9e587d6b,1
11112,a6c0edb7-ab22-4853-8833-d9c783885a7d,1
11113,a6c343ef-41ea-47c6-abfd-bc2851805efe,1
11114,a6c9c3d6-b37c-400f-bb79-8e3d43079b83,1
11115,a6cee4cd-614a-4d63-b26d-57f005469cd3,0
11116,a6d03491-fedb-424f-8dfa-faf806ef888d,1
11117,a6d1b4df-e3d6-4945-9cd3-b2c1891712c9,1
11118,a6da5d29-e88d-4beb-9146-3810ee947d70,0
11119,a6e49de6-d692-48af-aed2-04f6a9cb5fdf,1
11120,a6e4d176-ee37-4c20-8155-ee99dccb2cf0,1
11121,a6ec750b-2c35-47d1-8c5f-248198f053d2,1
11122,a6ecbe67-007b-4eae-aff6-f7b7f67dcbe2,1
11123,a6f4498e-a393-484e-bcaa-6db75514200c,1
11124,a6f73ca3-15b9-43cd-b200-56eaca7fcb88,0
11125,a6fa0586-3f1d-494c-bbe0-f8a9fb56ebcb,1
11126,a6fb5faa-5f7a-4d9a-a7ab-05a6a24ffb65,1
11127,a6fe3490-fa8e-441e-9bca-ac48fa18acbe,1
11128,a70d15d9-1dd4-4309-b1ec-6c40269b2368,1
11129,a71a1042-23b2-4f90-bbc5-86b2647732de,1
11130,a7205ede-5fdd-4ac9-bfc2-ba7a692aacfc,1
11131,a7244d42-a96f-43e9-8b2a-63f6c2c674ba,1
11132,a72b09e2-5b17-48bd-9a27-40c0fddd92f6,1
11133,a72b1508-4379-4470-9a57-9a59c8c8b791,0
11134,a7326d2f-063f-4729-9b1f-ccd326a58b71,0
11135,a73322f7-c79b-4b28-98ae-6f58d525a7be,1
11136,a7335e27-2bfd-4435-adf6-5eb5ae8bd4fb,1
11137,a7381417-e012-4da6-9f73-9bcfd358979f,1
11138,a73876d3-5c07-427b-844d-91240712dafd,0
11139,a73925f4-fa60-4b84-9388-bd06cd9d46b2,0
11140,a740a8cf-0ecf-472c-b243-b53c1e53da84,1
11141,a7421175-15ab-472a-b610-df46beb899e9,1
11142,a743332a-5b1d-4e70-b607-285e95592c4f,1
11143,a7455219-ce77-46a3-bb40-c5ffa8934483,1
11144,a7485633-b245-475f-9804-5a9d1fd1eed8,1
11145,a74e5e84-4793-4663-a57f-d640c77ba71c,0
11146,a74e6fb2-6317-4cae-ab01-3378965ceefd,1
11147,a74ef8f8-b0d0-4f10-9645-8982049134a9,1
11148,a750ee2d-86b1-439f-9819-faee2069ee14,1
11149,a752bee9-8d6e-445e-b213-cbabe576138f,1
11150,a75354d9-6345-4979-aadf-113081a3d7ed,0
11151,a753fd50-4db1-4e81-a9f0-b70fe9e26c1a,0
11152,a75808c4-01be-433b-a4a3-08276d65a3dc,0
11153,a75a517d-fb17-4cf0-9631-00f2233ffcf4,0
11154,a75b2ca8-b0af-4f20-8963-2380b3a68427,1
11155,a766fdcf-c32d-460a-81f4-e1657750afc1,0
11156,a7694abf-2bb7-43de-952f-78a98853de42,0
11157,a76b9b72-8e94-4072-9a51-20148cf47e5d,0
11158,a76e414d-0f9b-4cf6-83c2-2b0b91a86e87,0
11159,a77e81da-14f9-4ef1-922d-8dd5af65036f,1
11160,a78153c8-ee3f-48d7-b57e-2b5ba440fbf5,0
11161,a781d0d4-fd05-428a-9b05-e3617d1196f3,1
11162,a7838df3-faa0-4548-b247-e91ab70d086b,1
11163,a785d5ac-2261-425a-8263-56fa59b2d2c8,1
11164,a785e4ee-ac65-4b07-8acd-47048d8f9b4d,1
11165,a786befd-b725-489f-b1c5-41317fcdfae8,0
11166,a787fd99-7fe6-4c76-8aa1-84cb51149fc7,1
11167,a790eaae-1ac4-4dae-9037-78c3551cdd52,1
11168,a790fd03-8222-4f68-bda2-55f3637e7bad,1
11169,a792feed-ed58-443d-9c7c-b21b6bcae6be,1
11170,a79445f8-1ac2-4ed7-9299-81abba47f1ad,1
11171,a79ff14a-02a7-4c4f-8a2b-9ba7eb976c22,0
11172,a7a38e9a-7bfb-4b81-8d5e-902ca51d0c76,1
11173,a7a4c967-333d-4af6-9aed-c3e9f130fc15,1
11174,a7a69cdf-04f8-47b1-b6a3-d87320c76a8f,1
11175,a7ab9525-b79b-403a-8d9b-fc7f3686fbaa,0
11176,a7b2973a-e172-4677-9f32-be78d3823f58,1
11177,a7b343e7-bd6e-4eb6-b47e-72851812cba5,1
11178,a7b45305-a880-4733-9915-63814e30794a,1
11179,a7b59671-0714-4dbd-abf6-f3c742a58be9,1
11180,a7bd023d-afb3-45e6-beb9-e45bfeda7b98,0
11181,a7be6e28-1b74-4112-8de6-216f3e7d602a,1
11182,a7bfc7fd-ab0e-49ed-a6f7-756c868ab6b9,0
11183,a7c6cc68-82db-44f5-8cee-9893fe3a61aa,0
11184,a7cc593d-4368-4a40-a869-9a7e100cec04,1
11185,a7cebeb1-b333-4540-b236-fef2d02baf10,1
11186,a7cf15dc-606c-41b8-a1b8-9b93eb678a14,1
11187,a7d6982c-49dc-4348-84d0-e6f89fc9d2fa,0
11188,a7da891a-ad49-4c7b-80f7-b0dffc349a5f,0
11189,a7daa281-6012-4607-91bf-e487a978cba2,1
11190,a7db052e-2370-46ce-921b-71771eccda71,1
11191,a7db7da4-f475-423f-a179-776220c39a66,1
11192,a7e5168a-437f-43dd-a60b-cc693e6517f0,1
11193,a7e730e9-dd74-4269-b916-75dd652ff754,1
11194,a80826cb-258a-4464-a7b0-955a45271605,1
11195,a8186c6f-c6fe-4cc7-8b30-36bc0b0aad4a,1
11196,a81a3e33-59fd-4858-aa7f-3cf488f33850,1
11197,a81ec53a-f150-45ab-b569-b6fffa9803b0,1
11198,a81f86b3-3c50-4780-8b3c-5f16285aee63,1
11199,a8221b18-aed7-41bb-ac9e-5649bff149f2,0
11200,a8221fa6-e6ee-48a7-b926-c8b70e6988c9,1
11201,a824cb35-fbd1-42fd-9318-1de7d5f488a4,1
11202,a8279b84-5652-4ee1-b580-a59d32719f5b,1
11203,a8284b5f-e200-4752-99ee-3471bb0dc486,0
11204,a82c2bf1-41ae-4f2d-a13d-e77179f425dd,0
11205,a832c69e-3d3c-4e3d-967f-83c512494522,1
11206,a832e010-c86c-434c-8f3f-9c3d8c843617,1
11207,a83cd988-4e1d-43c2-a0f5-14ba96cb60fc,1
11208,a84365a4-54ce-4560-839c-efa1d0fbd1b3,1
11209,a84469b7-281d-47d0-b467-1beaa4774de3,1
11210,a8457f5c-411b-4989-ad03-f25297aa5851,1
11211,a849b7df-475b-4059-b272-aa8dad0748de,1
11212,a852285c-181e-46d7-8c3e-8fc08343b039,1
11213,a855f89e-da8e-45a4-ba76-9fba47d583a3,1
11214,a856441c-e24c-42d6-9da2-2ece1cf17cf4,1
11215,a8566e7d-d9b1-4091-bac9-ff7182a3c5d2,1
11216,a85aabd8-272d-4b5d-b747-c84b6a03a6b6,1
11217,a85e8cf0-b4db-426f-8f33-04bcad3d6083,1
11218,a85f7d6e-6870-4411-9b30-34b46f000337,1
11219,a863cf22-f733-447c-89c1-d53d9dee0f31,1
11220,a8653d2f-2880-4890-a328-4a7181e8cfd6,1
11221,a869fd66-7680-416f-844a-2ad0d0312705,0
11222,a8709fdd-8d95-4762-8085-7621014d532a,1
11223,a873523c-7648-44b0-84fd-39451af1a90e,1
11224,a875bcfb-8b18-4123-aa8b-ad301e8fa855,1
11225,a875e9f6-df0e-4956-a646-6647064d0ab5,1
11226,a8774c17-c447-4576-9df6-d1cc08a27ba1,0
11227,a880097b-076a-48a5-9676-170369fb7938,1
11228,a880b465-241f-48df-9fa2-0fb19fd9e41f,1
11229,a88a8f68-ad4b-47d5-bdc3-69a62a1c07c9,1
11230,a88cf6f3-afdb-42c5-8631-c5b7011683c8,1
11231,a88dcd12-4107-45be-af72-af38eee7e8d9,1
11232,a88deac0-4f40-4194-b341-3f8fe27c126d,1
11233,a8951a02-276e-47fc-a6fd-7cff33dcd85c,1
11234,a895f46d-f2f7-44f0-86f8-a10c689a7956,1
11235,a89645d1-6b06-4326-821a-a3888eeac0e5,1
11236,a8985473-7bf2-473b-9f25-5eccd9e88f97,0
11237,a89a6884-d780-4049-b9ab-4afa8bfef1ee,0
11238,a8a305f2-eb76-4a5e-b162-d43a1048accb,1
11239,a8a97930-574b-4ac9-a3f9-ec25d3722dea,0
11240,a8b0838c-0cb8-4496-b7d3-91f80fd82a54,1
11241,a8b21b0e-c335-401e-ab61-8bfee10b54f4,0
11242,a8b55471-cd7e-4011-a23b-3aed17eddeb5,0
11243,a8b7d88f-51da-4ea1-95e3-0f1834e569e7,0
11244,a8bba645-70a7-4dc0-b4e9-2e6db041aa61,1
11245,a8c14fc5-8f61-4650-a650-d8ebf714d90a,1
11246,a8c1b111-0d3d-4f46-96f1-aa8dfd521b35,1
11247,a8c4b398-f220-489d-83a4-ef1f3be46e98,1
11248,a8cfd71d-f051-4a18-bf37-c06cbf197bed,1
11249,a8d636b8-6544-4e27-a139-6997ff2a2528,0
11250,a8dd3ee1-4be5-4a22-a2eb-cdbce1853682,1
11251,a8ddba82-ff16-4e2e-8e5d-dcf025a95ebe,0
11252,a8e34cdc-8218-4100-a3a4-b8ba2f6f8230,1
11253,a8f0636c-d01d-4c59-a841-3297c868ab65,1
11254,a8f97223-ade0-401a-ad5a-443fc77b43ec,0
11255,a8fbe824-4853-4697-992a-20d352689678,1
11256,a8fd4692-2557-47c5-838c-25a6fd3f1c5e,0
11257,a8fe2e4a-d340-4394-bad1-8ffdd74307c2,1
11258,a90ca817-2633-4340-a9ee-cbacbdc9fa49,1
11259,a913004a-4364-4ae0-b056-8ff3fcd801d9,1
11260,a9171e9e-d0f3-470b-b1af-38867128532f,1
11261,a91852f0-164b-4979-a881-83729a586a51,1
11262,a9185480-633f-455c-b82e-48a843dc792c,1
11263,a91dff68-b666-4aaa-841a-26f7e7c4ef72,1
11264,a9220162-864c-4f7a-ad65-24bca1e35987,1
11265,a923c810-752f-4ee5-9d6a-ba8e04157416,1
11266,a9290f4b-9797-400d-885e-b82fedd83b18,1
11267,a92a812b-d282-48b3-8d2c-913c1f5f4134,1
11268,a92bd5d0-9184-4dc9-b179-762f1165bc4a,1
11269,a93ddbdb-3d73-4ecc-bd75-af877e653671,1
11270,a93e1a02-ce14-488c-9f41-80d4a6857ded,1
11271,a93fd8e3-3f4f-478c-a1af-d52c5ec4f649,0
11272,a9422ca7-8ea5-4310-819e-86b8e1954223,1
11273,a9477bc3-4b33-4b9b-96b1-ddc94cd38b3f,1
11274,a9500f70-d7eb-4012-a97b-7cc359182de8,1
11275,a95b26ba-e9d2-4ff0-8276-b1dd1e64a831,1
11276,a95bf881-77db-465e-b9d1-58462fe5a7e2,1
11277,a95cee61-465d-468a-9e33-4936796bd68b,0
11278,a9667406-7708-41e0-84d2-0af4f592cdce,1
11279,a9672790-4437-4305-816e-06479d827d3e,1
11280,a968be3a-3157-4db3-ab69-1ae75e9cb59f,1
11281,a97334c5-d3fc-4adc-902a-d10a44c7de28,1
11282,a97d8703-20d9-4618-b42f-4ffb9d68b38d,1
11283,a983b857-4639-4023-b0ee-f75f8142e160,1
11284,a984f130-b2e0-4905-99a4-d88fa431f864,1
11285,a98673b3-63a5-4de8-82bc-6a57168b6243,1
11286,a99389e7-cb9f-4045-959c-891ac757652f,1
11287,a997ed4c-d6d0-422c-8191-deb1f6bc8a24,1
11288,a99ac602-9631-45bc-9848-ed4e6d82ab5e,1
11289,a99ba988-ee01-4d82-91da-29ff47905d2e,0
11290,a99e5acb-6850-46f4-af5e-17ef33b1c1b8,1
11291,a9a1c523-182c-40b5-a07b-f2019bf341f3,1
11292,a9a37e25-a64e-427c-b861-0812fdc5c8db,0
11293,a9a4c690-a0b0-4af0-b631-f4c21f386700,1
11294,a9ab2197-b1ed-4d4c-9b81-30e7d9043dfb,1
11295,a9aba924-12aa-4909-84cd-92c04bb29722,0
11296,a9ac7ab3-fdc7-4b8b-9f04-43add9e38b68,1
11297,a9ad8e56-1356-4a50-a2b8-41f2478b41a7,1
11298,a9b1c7c1-98ae-4c07-86e3-56075c2776d1,1
11299,a9b729ea-67d5-441d-9a1f-85407d71789f,1
11300,a9ba93bb-067f-4acf-a8e4-502749cc7d23,0
11301,a9c831f3-f242-4ab7-89c9-b7c52781cd3d,0
11302,a9cd3295-9048-4cb5-93d5-450231cb07e5,1
11303,a9ce6b20-9cd0-4b73-bd86-42b46c5a55a0,0
11304,a9d3a985-6df6-4681-a41b-1798aa12413f,1
11305,a9d4cf28-5138-453f-bb17-794675c659a3,1
11306,a9d6e66a-bfdf-4b83-aa6e-2cea58939d96,1
11307,a9ddd317-a26b-408d-a007-05f2d700e103,1
11308,a9eb2ff8-1e4a-4407-bc4e-ee87c397bba7,0
11309,a9eb8da5-7998-4391-8c4b-ecb88c0ef9ea,1
11310,a9eebe3d-42ec-437d-bc8b-f6931327262a,1
11311,a9f593a3-c984-4eec-97c5-f8d5503ada35,0
11312,aa01e502-0131-439e-a761-e263db1a20a6,1
11313,aa08e661-6ea8-45a6-94ba-0d89a6d37aeb,1
11314,aa0d9ab2-5c41-46c7-a435-27698da3b260,1
11315,aa0da465-c9e4-4795-a60c-184a3486d07d,0
11316,aa196f06-7e14-495d-8d46-e100c450b31c,1
11317,aa30810e-a0e3-490c-bde5-54d2a3e9bd63,0
11318,aa3814ee-6f52-46e1-adab-34026e901241,0
11319,aa38d1b6-ddbe-42c0-9ab3-699d035acc2a,1
11320,aa3965c3-b18f-4325-ac68-19446f04d335,1
11321,aa3f99cb-7aa9-4d0c-aee1-94c551d13e59,0
11322,aa426452-9dd8-4c7b-9fb5-1d624a450e54,1
11323,aa46a9cc-1a44-4781-b607-e180ea007bb0,1
11324,aa4b8e35-3f6d-46fc-9aed-ae3ea8568f8d,0
11325,aa4df6ae-4cca-4b7a-96cd-058069515eb4,1
11326,aa4ef1b2-8f1e-436b-9b7a-6ceaa0725ff5,0
11327,aa517e02-7fd3-4ec7-bada-1665129bad89,1
11328,aa545d13-51e6-4a75-9e2f-9a21a453171f,1
11329,aa58d039-e6bf-4917-9cc0-179fb3b4edd4,1
11330,aa5e7af2-08df-48a5-89b9-6f4e78fca18e,1
11331,aa5ee97d-dae8-4667-af6c-42ebf97d2b5f,0
11332,aa5f15bc-b96b-4e3d-8a6c-7aa94481c24b,1
11333,aa65eae6-bd0a-4a75-9dfd-c0654ed3a5d4,1
11334,aa6c5d4a-0190-428a-b4f1-c45c0c444316,0
11335,aa7fc45f-37a7-421c-b9b0-9c076a774a4e,1
11336,aa81098c-cd39-471c-9da0-29017873435a,1
11337,aa833857-fdfa-448f-a414-3b0b36b2f5f4,1
11338,aa954eae-59d9-4361-b6bb-fd5f0f74c669,1
11339,aa958a34-f8d0-4f8c-92da-3b619d7ff205,0
11340,aa9a00ab-9566-42bf-b6d1-93fb2bd1bfea,0
11341,aa9a9ef8-7c28-4ee3-8203-d5bdd1732290,1
11342,aa9bb937-7c2e-44af-8c00-276f6756a85b,0
11343,aaa17f44-59cd-4550-a615-d7e9751fb210,0
11344,aaa2189a-d803-4d92-a1ed-a8ff0dce996e,1
11345,aaa6193e-1fa9-4d16-bc1e-abd35d257ad5,1
11346,aaa660ba-7606-4fac-9218-7a6f195a57aa,1
11347,aaa87173-43ef-415a-92da-4bfb23d6be27,1
11348,aaad2028-1e2b-44bb-9b91-d1031361ee01,1
11349,aab1d7e6-83a9-4c7d-b743-96589343349d,1
11350,aab2838d-2551-4b72-96d7-619e2fa2629c,0
11351,aab303d9-ad4e-4593-b726-07a419f0971b,0
11352,aab514a9-319e-47aa-a939-b770f061e391,1
11353,aab7a8aa-a5d2-4d6b-830d-70d13b73cca5,1
11354,aab972d3-68b0-4562-8ba9-1c4c6f4f4c51,1
11355,aab9cf3d-d1a2-4945-a741-334776316cd6,1
11356,aabcb95a-4502-4631-8e5a-561d65b1cb90,1
11357,aac01989-ab72-4920-92c6-08180cac0de3,0
11358,aacc37eb-9c64-433f-856f-ead382fde8f6,1
11359,aacd49ca-d89a-4e0e-bd8d-df4f561f653b,0
11360,aad0c932-9184-4cb0-adb5-f729479ec785,1
11361,aad40013-6c7e-4f5e-913c-7c755f7d5b1e,0
11362,aada8ff0-25a4-43b2-b028-ee9025c6cc9c,1
11363,aae5a8c1-699f-4a78-b08f-2478e18ea8a9,1
11364,aae6d920-114e-49cd-bd0f-a0cf9be30c71,1
11365,aaebc0e1-ea4c-4b4c-91f2-5acbb90805a9,1
11366,aaf2c76d-c57b-4104-a6f6-d08d9f9fa7f8,1
11367,aaf3bee2-14cb-4508-8a48-86eed6203dbe,1
11368,aaf5348a-b773-476a-98e4-d65228600721,1
11369,aaf972c2-7368-4a44-968b-758c3d278e0a,1
11370,aaf9d5e1-1d3f-41a8-97f6-7a0ffce11e20,1
11371,aafa00f7-aa49-424b-8dc1-f7a8d2f03999,0
11372,aafd67cc-b550-496e-8b6f-5f56c3511516,1
11373,ab00ff6d-366b-4c6a-a4a1-ecb8ab40075b,1
11374,ab084796-c516-44c5-93ea-02f5ce8f0ca0,1
11375,ab0bfcba-e99f-44f1-8473-42f0acbca0cb,1
11376,ab0cbeaa-8805-43e1-b5b3-f58fb418a207,1
11377,ab0d7c4c-d122-4a9d-a4ca-630247a54907,1
11378,ab0f7965-5503-4a5b-b95c-7ee7709aa908,1
11379,ab11c458-6e09-45bd-a827-173a935e548f,1
11380,ab1422bc-09f6-4306-a54b-c3785591f57c,0
11381,ab1a1c33-e248-4758-8c75-3e6c56fb088e,0
11382,ab1d37c5-0bea-492b-96d4-2259221eb745,1
11383,ab1f587c-1d3c-47c2-96fd-55be751eadb8,1
11384,ab239175-8b8d-4753-b65d-6a6049fbef64,1
11385,ab290ba3-70ce-4992-b46f-6d277e304b53,1
11386,ab29c4cf-2e80-443b-9a52-7246d4b53c8d,1
11387,ab2cce7c-d6cb-45e2-b975-1b72d8d33175,1
11388,ab2e2365-0533-431f-ad71-270a651039d4,1
11389,ab2eb452-aeaf-4583-86e0-a22713acae61,1
11390,ab2f1a1d-4c59-4fb3-948f-e6a3e0eb71f0,1
11391,ab2f3e3f-c202-464a-8292-9e3550ebe8ff,1
11392,ab33bcc6-0f4f-414f-bff4-69122268e238,1
11393,ab348b4b-10b2-47ae-8d17-8f6da739448b,0
11394,ab36ca13-bf00-4e7a-9d10-fb106ee815bd,1
11395,ab4209d7-76df-4be3-bb33-48a558721119,1
11396,ab42d252-ffc0-4952-8fd6-0703a8bbd814,1
11397,ab4c455b-2ee8-4a20-9e68-fda7a81aff26,1
11398,ab4c7ff6-b1ab-4333-b410-978793910e9f,1
11399,ab4d85db-77e3-4209-82a2-10121ef2d9c0,0
11400,ab54c8b0-9db0-4997-9cff-acf021006de0,1
11401,ab5af138-6fbd-403c-9ee0-cbc8e3f4bfaa,1
11402,ab5c6b1e-90d4-4375-a427-f20dea2033db,1
11403,ab60876a-2700-4631-a2fe-1841a094b102,0
11404,ab61e700-abf3-4270-9910-ae0f65bf45d0,1
11405,ab64f395-381c-4382-a4ba-f772ed5c9d74,0
11406,ab66c8c0-ffcc-4543-b3fb-bb2c2dc5da9c,1
11407,ab6d2179-9503-4f10-8399-b1058a2d2a75,1
11408,ab6f1007-e795-463f-9cee-7517b73ebab0,1
11409,ab6fb590-7cf7-40bc-98f2-be295d916627,1
11410,ab722466-1669-437d-915f-2b293ed5c71a,1
11411,ab7f489a-41c6-4329-a1f0-99ff486e65e2,1
11412,ab81490c-cb0d-44f5-a1a3-3bbf5a019b75,0
11413,ab831298-56e6-4a61-b3ba-73fa1f747a75,1
11414,ab833321-f268-4a57-ac00-d6799e640c30,1
11415,ab8ea98c-ea4e-48ba-9bad-69d5480365b0,1
11416,ab907480-134a-4f73-ae3d-338829de8ef4,1
11417,ab92fbcf-595e-454b-8370-2af546fa7ea0,1
11418,ab96e4a4-e7bb-428f-bc32-9abe9602e8df,1
11419,ab994a5d-6429-4229-a0db-664033e57786,0
11420,ab9a797a-4a48-4d4e-9745-5277675bbde6,1
11421,ab9b22d2-f491-4a3c-8e44-e80ca621f6ea,0
11422,ab9cdfd2-8554-4be5-ae0a-06fd02ee444f,1
11423,aba1a1ee-6ef4-44fb-abc4-522eae39f753,1
11424,aba29998-23a3-423d-9d64-f1922d49c916,1
11425,aba36b35-594d-49b2-9ea0-c7b9e73b69b9,1
11426,aba8d817-e651-45bc-a9bc-4c282cbe56b3,1
11427,aba8f33c-9433-4c5f-9f7e-193ae5cd4b7f,1
11428,aba9a516-2a9e-48eb-9aac-de6956a3e6d1,0
11429,abacf719-a23e-49dc-8c5a-31dac3688919,1
11430,abad6619-95eb-41f0-8c8c-3e405e67615a,0
11431,abb1ed8e-a412-4533-850c-55f10318e3a2,1
11432,abb3a742-e1c6-4df0-b38b-7d971da1335b,1
11433,abc084bb-bfe5-4ad3-a219-e4109f821d6d,0
11434,abc0bbff-320a-449c-95f3-9e01e5d98f33,1
11435,abd2b372-abcd-4c24-adbb-01e78467ec0a,1
11436,abd5177e-248a-47d2-8f51-ffc0b8af5d14,1
11437,abd85e03-28fc-45db-b087-4b7cde9b2e70,1
11438,abe0ca90-d1c7-4df3-ab8c-2099003fd4da,0
11439,abe118e8-82c1-4cd6-92db-f12b9068b73c,0
11440,abe4555d-6387-42b9-88ac-d34d3ee93a5a,0
11441,abe65630-2ac1-44fa-bc34-510400259856,1
11442,abe6b391-1e9d-4562-8e77-6aeb011b0dae,0
11443,abe84458-398b-42c2-adde-785f73033d17,0
11444,abea4403-9721-4c46-9ade-723fe85f0520,1
11445,abed843f-f9cb-4191-b980-21bc17d1160b,1
11446,abf008b1-ec48-4f25-9240-6fcb7cbf7562,0
11447,abf970e5-14ea-4b01-9135-aa851a54cc01,0
11448,abfd3070-ff46-48ce-9113-107ba4b616b8,1
11449,abfd7874-7807-4c8b-9d46-268d5d58d258,0
11450,abfdc116-e4b5-49ca-ada7-d3f61f5d8dd6,1
11451,ac06f006-570d-43f2-b0d1-9d4c4995ffbc,1
11452,ac0b02a9-b54a-460f-b1c4-efc7436b6382,0
11453,ac0b71fa-67fb-4d17-ac7c-c471192060d2,1
11454,ac0ee6b8-3304-4e7f-af82-f2481fbb0f23,0
11455,ac14dc88-ee75-45bb-a21c-c4cf716cbd98,1
11456,ac1d77a1-670c-4149-9799-1cb8cf180156,0
11457,ac1efb8c-3a79-498e-860f-80d690398754,1
11458,ac29fb55-e63d-470d-8d76-69797db3299a,1
11459,ac2cc71a-e3d8-4c01-8cdb-46b2afae513a,1
11460,ac31f587-e8ab-440e-8ae6-0c4d5281fc6c,1
11461,ac34d995-fdd3-4bee-ae0b-b9686bba1eeb,1
11462,ac36a8d4-ab9f-45ca-b107-375f8290ff5e,0
11463,ac3b54e9-1c23-49a3-a835-49c7b49430d6,1
11464,ac3cd925-9401-45ba-9032-ee01956d24b7,1
11465,ac424c51-e2bd-403f-96b1-b8975a8d30c5,1
11466,ac43168d-9798-4cd7-9a21-58007c2bce37,1
11467,ac4dfc74-5ad1-46a5-944d-9bf36166797e,1
11468,ac5b4ef5-0f1f-4a97-89c6-480c0de9ff3b,1
11469,ac5c3db5-9665-4b8b-bcd1-bddabf02c42c,1
11470,ac5daf94-9907-4756-8b23-0df7f1f96f3d,1
11471,ac6162a2-49ac-46eb-b377-3690aabb76a3,1
11472,ac674379-7f31-44e1-84b8-9f1bca1e233f,0
11473,ac6af5b1-3a67-4450-be36-cc867f1de554,1
11474,ac6afae5-3bb3-4e95-86dc-cfd79b7be24f,1
11475,ac6d3bba-5bb9-4aac-ad07-d514f3d7f789,1
11476,ac6d4081-db46-47f3-a759-0685b2b0c6e5,0
11477,ac6ed2a4-d972-44ca-a2c0-ea474cacbcb6,1
11478,ac7333c5-e23b-4668-ae39-6eb14dcd0c97,1
11479,ac7cd2a0-6c3c-482f-88c9-3fa34cc6493e,1
11480,ac7e5405-6923-477b-9c57-c72aa4f3fa6d,1
11481,ac80ae51-ab4b-4d2d-9cae-b537509534dd,1
11482,ac81d34b-f58b-40fe-97f6-5bd8710da2b9,1
11483,ac829bf7-fa65-4890-a660-78e9f56c23db,1
11484,ac84f46d-12d7-4cd7-a672-9832a1de5f41,1
11485,ac8fedf6-2825-400d-b91c-a1da6a98dca2,1
11486,ac941a43-eaf9-4572-abac-03056a5a24e8,0
11487,ac984b02-757a-4797-be75-1722409eb4bf,1
11488,ac999a2a-bc75-4a75-b212-9fe6ef6e215d,1
11489,ac9ab2a9-8c0f-46f5-baaf-13637051b84a,1
11490,ac9f61d2-b01a-451e-a89a-35ac24bc153d,1
11491,acafae3a-ef1e-4200-9df9-e1e8bac1b068,1
11492,acb62696-7771-4fe2-9638-8897e30d4565,1
11493,acb743e8-9ac7-42ff-a389-6118a30c7fce,1
11494,acb818ff-5f08-44fa-8683-ef0ec4470518,0
11495,acc40b19-e68c-45ae-89aa-08fd8550ee50,1
11496,acc9a22f-56b5-4f15-a8ab-3d4b378f90ae,1
11497,acca6efb-8046-4d50-b2df-414b4fe595ce,1
11498,acd272bb-86f5-4e41-a610-addf32b8a269,1
11499,acd4735e-8a83-4091-a882-ebf2119991be,1
11500,acd5162e-a631-4bcb-8c2e-34b6c8291802,1
11501,acd5b64c-fcfe-486e-865a-b736aed1787c,1
11502,ace5b804-d1f0-4e44-a319-3ddd1cd7ea27,1
11503,acedf3f2-c706-45e6-8371-461577a0ece4,1
11504,acf32174-d102-414c-a5b8-cf40e9a636a3,1
11505,acf3bd98-5014-44ec-a300-c950a4aac699,1
11506,acf9abe0-08c4-4d29-a900-2e8a4b0ec1a9,1
11507,acfa8876-b87c-492b-9d2b-c28b9a575c3b,1
11508,acfaa2b6-2b93-440a-92d3-a7cdc0362a08,1
11509,acfbf115-94e3-4036-b7b8-342a3f06671b,1
11510,ad042638-bdbf-4a99-9bb4-0d5c7dc91611,0
11511,ad0440d2-1d03-4be7-84f9-95300448822e,0
11512,ad06c515-c977-4f96-b1ca-d054089ec255,1
11513,ad0a69e0-2a82-4b18-a3a3-9e96754ba11c,1
11514,ad0c43e2-5ccb-426b-ad2f-a813cb968b08,0
11515,ad0f5d89-8ae5-4eb3-b231-f7aa340ecc2c,1
11516,ad114c4c-99aa-4ec9-9865-82ed493581a3,1
11517,ad12d692-ffe9-4f74-aaac-52fa1322bec2,0
11518,ad156bf9-1ce9-4cfa-95b3-d28f152e1d75,1
11519,ad192f90-aeb8-46f6-9640-c22cfbb06e7d,0
11520,ad20beaf-0df5-4dbe-b7f3-583c913189c6,1
11521,ad24d172-103c-48bc-bdfa-faa2b373423e,1
11522,ad2ac066-0ecd-4700-981a-77c1429ae7e4,1
11523,ad2c2c8d-9ef8-44b0-928f-c692e8b3eaf8,1
11524,ad30aefd-52cf-40b4-9842-d0634c2107d7,0
11525,ad30d413-55b5-48f9-8546-9af70cc603fa,1
11526,ad32435c-7a40-4806-9676-53409c6ffc56,0
11527,ad37bf17-ccc6-4023-b4fa-d966bbfd4db7,1
11528,ad3d26bd-3e57-4421-993e-5717242745a0,1
11529,ad3d40ba-c56d-4313-838f-d4dd5b766a89,0
11530,ad3e1f4a-1a99-49ac-b09a-65dc8b5fbbe7,1
11531,ad472125-344a-47a0-9047-355785ce89a3,1
11532,ad484a3e-b9c8-4104-862e-56543006d168,1
11533,ad4d6aaa-a781-4dde-b3d9-22e122409e06,1
11534,ad4ef9e2-b5d2-42af-bf1e-678cf350c3ae,0
11535,ad541244-a2b1-4a24-ab3c-1efd2ff23040,1
11536,ad54e0e9-026e-4d1f-87de-2cdfc1cb66b1,0
11537,ad57de83-a1e4-4dbb-9634-71e04d7530a5,0
11538,ad5880e7-627e-4995-8e00-4d86367c5455,1
11539,ad58cb87-83fc-43a0-b7dc-0474ae17f4f9,1
11540,ad5b37d8-11ae-4144-90e4-228aefe2a3e1,0
11541,ad63cf6a-7cc7-4e91-8b76-c57d7fce8225,1
11542,ad65c91d-b6ed-4808-b5e7-f860c5f20d9d,1
11543,ad675596-40bb-487f-a523-945b234c7646,1
11544,ad67a37f-62ba-4bef-8368-192d14df3fce,1
11545,ad697973-9116-4698-8b9a-5ca08cbf914c,1
11546,ad6b5f68-b725-4efa-b4df-6929f5c5fc22,1
11547,ad6fc035-76bb-4fad-b0a5-b0244aed3a06,1
11548,ad71d2d5-f303-45f7-997b-323f68ce9e87,1
11549,ad759924-b388-496b-ae5f-673339fd3f15,1
11550,ad75c0ab-c41b-4f33-bb52-cee472e76d67,1
11551,ad77a711-c84d-4627-8afc-7e6a653c5ce5,1
11552,ad7b905f-3d91-4624-9280-91813ef05c59,1
11553,ad7bafe9-b8d4-4da5-9b4c-259af2a4682c,1
11554,ad7dea44-c80b-4afd-bf44-b901bcdc48b7,0
11555,ad879ad0-ffb0-430e-9f99-53678517a7ee,1
11556,ad89f103-2af4-4b12-aaee-b2400bc3ea6e,1
11557,ad8a75cd-11f3-4095-9494-01c038ab2f34,1
11558,ad8be3b7-0cec-46b1-851c-401803017b46,1
11559,ad8cae21-1565-47f8-9e6a-2bcf6f37c35b,0
11560,ad8cb9e0-25e7-4628-8123-eedb76d04bde,1
11561,ad9860ab-ef23-48ea-93a4-177de804b6d2,1
11562,ad98e8ab-4bc3-4fa6-b881-4e931c10145b,1
11563,ada071cc-699e-4d12-88e4-3da5eb3da4dd,1
11564,ada3baf6-337a-4dba-813e-0a0729e64b25,1
11565,ada748c6-b2b3-4b46-992f-d815caebc493,1
11566,ada91c27-ea03-497b-8fb5-b277679df2ad,1
11567,adad68bb-60af-4365-ba8d-b8d8ccd8e3c2,1
11568,adb52509-4bc6-4cfb-986c-2fd9b61c564d,0
11569,adb5c0bc-9f12-4004-adc2-4d75992704fe,1
11570,adb7b943-a46e-4026-af6c-d05f6ac065e2,0
11571,adb8da96-254a-4e43-b4e0-d8413c66e64f,0
11572,adc418df-0242-486a-9c5d-b882fdcde583,1
11573,adca06e0-93ba-4b85-a7b5-f92790e011d3,1
11574,add3c3f3-441e-4b25-9a0c-aa8f42847305,0
11575,add87146-3257-4dd7-8b51-275d1d68c94a,0
11576,add969ee-43ee-4df1-83bc-a279907fd0eb,1
11577,add9d687-c3eb-4db3-a8b9-aaaa35efe3df,1
11578,addbd41f-acc7-4907-b5c0-0bbbca72f3be,1
11579,addcd7c7-003a-490e-aada-34f3bff282ff,1
11580,ade5be92-d9d3-470f-bcf2-0714f729b92d,1
11581,ade70a36-7edc-47c0-949f-daba54a40ee8,1
11582,ade8b78d-fd9a-4356-81c0-668c1c8b122f,1
11583,ade933c4-3c75-4ff3-8c27-ea301755983c,1
11584,adf9cf37-8728-4508-baea-66fd18c5d57c,1
11585,adfa14ad-0f20-4789-8f07-1afa4daafdbb,1
11586,adfbbed4-f227-41e7-9f92-de3107ce4825,1
11587,adfcc6ac-c5de-4fca-9919-7decb9c44bbb,0
11588,adfd5d2c-d530-4875-b50b-068a81cbc5ff,0
11589,adfdd2fd-198a-4dc3-9bd3-ab4f69100c8f,1
11590,adff7c7c-0825-411e-83e7-c391de5ec367,1
11591,ae036ee1-7b6d-44da-8c5f-42c36c25a449,1
11592,ae037959-2330-4617-8799-1d26a4801318,1
11593,ae043639-c622-42ac-8d40-e8b5188c47c1,1
11594,ae0de227-c432-43da-a95c-789aedeb2fe3,1
11595,ae11daea-2ca7-49d4-8a95-7d6c0442977c,1
11596,ae168136-e986-4faa-bcbb-5c4969d739d3,1
11597,ae171ca2-c711-42c9-b93c-47ca605f9c95,0
11598,ae18c66e-4b79-4c9e-bfcf-a6b6c7a582b2,0
11599,ae1e4098-3b7e-4da0-8e3d-76f1d7788943,1
11600,ae1e60ca-2c3f-409d-9848-e6617c2a5401,1
11601,ae1ed51d-7dbb-4e6b-b3f4-03bc4be0d195,1
11602,ae1f689a-fe3a-4fc0-8cc9-bb5e05f8dc5c,0
11603,ae1fb65f-e0c1-4d68-998a-b6ff82b6c62c,1
11604,ae2396ae-4cc2-414f-8df4-ff370e960e5b,0
11605,ae2a2cc7-e69c-49a5-a71e-ef52bd247032,1
11606,ae2ad6ca-366b-41b2-be85-4ee15801160d,0
11607,ae2d75ef-9455-4d0e-afe4-88b49364810e,1
11608,ae2ed7da-63dd-4647-8fba-4e8d4fb6133f,1
11609,ae34e2c9-7213-4d4b-901f-70bfd7ea811c,1
11610,ae3ffe89-df53-4c6d-80e4-2b29ce97d2e6,1
11611,ae401f8a-fb9f-46b3-8983-c2c62beda79c,1
11612,ae4045e1-5b2c-42b8-8b97-29c455a2c23a,1
11613,ae4e818f-3f4d-4912-a73e-e9d873a501cb,1
11614,ae588930-9832-4f4a-b007-5a7d175eb57b,1
11615,ae58f9ae-1a4f-4be9-af6f-5138d8521503,1
11616,ae5aea09-93ea-45b8-8def-13dbd66b4d17,1
11617,ae5c9bc5-3d7c-4534-a417-6520a5e20a18,1
11618,ae6335fc-43d4-4344-b368-0d5a2ceead90,1
11619,ae64b622-d385-4184-84b4-596e7ac62cbb,0
11620,ae669e78-0128-4471-8ab8-3b4743526772,1
11621,ae714aa4-f7be-404d-bf84-d19a4df540e7,0
11622,ae7361bc-ad02-45a4-b852-d7a085571262,1
11623,ae87de7b-1c68-4745-8028-9442ef63bb81,1
11624,ae93c506-c4a5-4b71-a8c4-3a64a3872972,1
11625,ae9423b1-5725-4342-81b6-5d4b1bcda1df,0
11626,ae942b4f-df62-4e5a-91b2-eb2850781c12,1
11627,ae97171e-a710-4c35-8b8a-a8fcef4465aa,1
11628,ae98a86e-074e-4d30-9828-c9097a252324,0
11629,ae9dd240-326c-431d-99b7-29298d978496,0
11630,aea31bb9-3319-472a-9cdf-996ce95f656b,0
11631,aea634d5-61e7-405e-a3e3-b125defc4cf2,1
11632,aeb354fe-4679-4f6f-a45e-b040cd8153c7,0
11633,aeb7d1b8-a24a-4138-94fc-f99150ab1278,1
11634,aeb849fd-7db2-4c04-b5f2-c0bf12b59138,1
11635,aebd6b42-416d-4d92-91ff-877515a5d42b,0
11636,aec1f184-d6a6-43b4-8ce8-92a50fe46157,1
11637,aec633da-a834-4b95-97b5-6b0588052855,1
11638,aed84c2d-aee9-470d-9f7b-c5b4bedb0305,0
11639,aed9ddb8-4dbc-449d-a2dc-ffda33c1bfdc,1
11640,aedf54a3-40a5-4d2b-81b8-4fc79bd66c31,1
11641,aee0ab04-cdf4-4d34-8d44-ccf739e8588a,1
11642,aee1e763-9273-405d-84b5-30395a59b00b,1
11643,aee471ee-bddb-4a09-bbd2-a1ed5b58d51f,1
11644,aee74c41-2669-4541-8a7e-eab8ad9206ea,0
11645,aee8305e-0617-43be-bc39-8ca916df12e0,1
11646,aeeb04ec-8185-436e-b1ff-d30e28d617a0,1
11647,aef33fa0-af0c-4c16-8536-aa31e035e0f8,1
11648,aef68fbf-535b-4fb1-9b3c-659d40740018,1
11649,aefc343b-664c-4586-b454-f4337134a9f8,1
11650,aefd48d9-d878-4d28-b327-48ebd78cba98,1
11651,aefe5397-3c3a-43d2-a25c-8d8162799384,1
11652,af06eed6-09d7-439e-ade5-46727de350d2,1
11653,af0c56f2-50b8-4750-b62f-7157f40c255b,0
11654,af0c8a15-8dfe-42bf-aab0-18a476cfa8cd,1
11655,af12392d-4752-4354-80f4-c1069cb0f985,1
11656,af23f62c-819e-4eac-b934-89ec1739af47,1
11657,af2461fe-b515-470a-869a-2f826c317cd4,0
11658,af2b20e4-8b0d-46c1-8d93-00db6e2e897d,1
11659,af2d2798-37fa-49c6-8951-05738bacd1d0,1
11660,af2d8e79-9cee-4416-95c7-8f1664e81b07,0
11661,af2ec929-6bfb-4b9f-978f-88ca408a7b88,1
11662,af300c96-a2bd-4798-9250-c7cddc4d28b7,0
11663,af31991e-ecbd-40db-bdb0-5c8b85bc6947,1
11664,af4064a0-a89a-40b5-a09f-c05ed25a3531,0
11665,af46de6c-5d76-4def-9e4d-36d311e2d605,0
11666,af473240-f581-4893-9cd2-b7fca6997977,0
11667,af4a0fdd-896c-4b14-a2d4-647cea32b7bf,1
11668,af4f7a0c-9083-46c0-876f-b5d59487cfd2,1
11669,af537fb1-a727-4679-82b2-f681721dcde1,1
11670,af539ed5-c2c7-40f5-b8c5-9d51c7859014,1
11671,af53a9c1-1c29-463a-8948-40de7a59359f,0
11672,af5486eb-f3b1-4319-852d-50aecddc6cf8,1
11673,af5f9ea5-b014-4e14-a43f-2a48e7f755f0,1
11674,af604497-40a0-4978-a038-de073248c473,1
11675,af611f2c-cfe8-4d3d-b24e-ba5550d5cde1,1
11676,af633d6c-3eee-41a0-8863-e2f25c9850ed,1
11677,af6de211-879a-4741-91b1-eaca15d5c7c6,1
11678,af6e448d-2ec5-4fee-9d5e-8cecd499de34,1
11679,af6e5158-6f9b-494c-bd39-2f193f5fac85,1
11680,af718c5a-c3a9-4976-be36-f8c3e8aa346a,1
11681,af71b4fc-51bc-408a-a0c5-aedf11415bb0,0
11682,af721231-abb4-40e3-aef3-0e92efd000ba,1
11683,af722cd1-85f1-4bc9-ac8f-70fc43a17982,1
11684,af760616-be86-44fa-9dc3-fa8f8a3a9482,1
11685,af763b8e-4d15-4495-a99c-c0c8dfa99101,1
11686,af7767cb-46b6-4835-bcf5-40b3af73cf01,1
11687,af79bad3-a600-43a3-b9aa-df1a48ba5a7f,1
11688,af7f8e7f-bea2-467d-ad7b-2e14de68e21d,1
11689,af8618b9-325c-415e-8e54-2dc733215f59,1
11690,af8bd5f0-5522-4760-9491-6a3bb6be4bb0,0
11691,af912c79-68ee-4183-bc98-8f91470869d9,1
11692,af9a53e3-288b-46f4-9c92-1237489c68bb,1
11693,af9b6f2f-2bc8-4470-9f94-ebc73e676602,1
11694,af9db565-2a3d-481a-8c05-e54061c1b1e4,0
11695,afa14c05-48b5-4c1a-b9fb-b4c7bdd5494b,1
11696,afa37ac2-e56a-4073-b7b9-deec3e4408ac,1
11697,afa60647-3347-4cd5-a9d0-494bce45fcef,0
11698,afa9ac5b-2086-4696-a824-41dde2e1dda0,1
11699,afaab7de-97ee-4957-953c-899d667bb611,1
11700,afabe659-560f-49c7-8e6e-a32ff36c336d,1
11701,afbcd920-9979-4528-8edf-b008c9989144,1
11702,afbd6aee-6691-499e-b23f-f6ff15955a84,1
11703,afc049f7-95c0-4e73-b3c3-512e459cab02,1
11704,afc1965a-5be2-4364-98ab-2f5cac828710,1
11705,afc222b1-f197-45aa-8bbd-54cc0738f0ea,1
11706,afc6d476-cfed-4234-b40b-d579136ae928,1
11707,afd6fb45-25cc-4c77-b7fc-3461493405d5,1
11708,afdbd264-0faf-4447-89bc-cc2fa2045df6,1
11709,afe174be-d4f2-49ff-bf0d-1535d8bda677,1
11710,afe844e9-dfb7-40f1-957f-97072befeac9,1
11711,afee37db-d9c4-48cb-a395-d474dc5f5f95,1
11712,aff3aa68-5143-4f6f-a12f-66353cfe5b24,0
11713,aff548f9-2cd5-45de-9c19-8a4f8f3b52f8,1
11714,aff58442-3baf-43e8-899f-c19dfa9e98c5,1
11715,aff7c531-46e6-4f96-82e9-0b10bb820d48,0
11716,b001386a-38d3-405d-bdad-1e5f8e0168f8,0
11717,b008b200-d162-47bc-929e-3ffe6587315b,1
11718,b00b13fd-f425-41ac-86e3-99f1febd5a8b,1
11719,b00b238a-a7bd-4193-8caa-97f5b7cfec59,1
11720,b00b3863-6f59-49e5-8186-a9fc8e164a20,1
11721,b00c252a-29ec-4c60-a77f-1cef80616c4c,1
11722,b013d1be-9dc5-44c1-8259-0e126f996749,1
11723,b014e500-0151-4ec3-899c-e6e14e1835a9,1
11724,b0178733-4547-46bf-abe0-c64da604bef3,1
11725,b01e38eb-f54e-45e7-b20c-aab10b852627,1
11726,b0283969-c63a-4008-987e-e484f3d57a1f,1
11727,b02c80f2-ebbd-41cd-b9fb-77e04ace813e,1
11728,b02cb05b-505e-4c96-97a0-08a17b38e722,1
11729,b02dd278-4b25-40ab-b849-a7588695cfed,1
11730,b031ba1d-bcc3-4bed-a195-ab041244b027,0
11731,b0392d64-26ea-4535-87af-2bcf37199291,0
11732,b03be3d3-4b70-4f37-96a7-904997bd5bfa,1
11733,b04060e0-e61f-4df8-bc31-32f7b3b2b5c8,1
11734,b040d880-cd88-4d78-bbea-18430fbbfce7,0
11735,b0412cbc-6a04-4c24-92d4-c84f0bf1eb00,1
11736,b0430b41-7b62-4597-ba74-5232dabc1dde,1
11737,b04527f5-c28e-4caf-9de2-759e29492481,1
11738,b045b00d-7816-4e8b-9241-80aac774b046,0
11739,b04a1698-d470-45af-82de-e4285e880567,0
11740,b04c1f0a-0ee0-4f50-a508-aeb5f33eeef1,1
11741,b04ccb05-31a5-4efb-9c29-ee3cd7298d08,1
11742,b050b1d7-3a46-4b9f-956f-4ef8590ca133,1
11743,b054f1e2-3f17-4e69-a21b-b9f86e69261d,0
11744,b05656ad-01fa-435d-bb22-b821c64b2c7e,0
11745,b05a2a9a-acca-4dae-8b23-1488fc5741c0,1
11746,b066b640-49f9-497f-a4e2-5a50cd5755d6,1
11747,b0697f23-efa6-4bda-bd06-962589462d79,0
11748,b06b9752-f074-4c00-89e9-7c4c809c57ec,1
11749,b073a283-3aa6-45ae-80a5-e1b13a851d97,1
11750,b0777b70-1711-46e6-be9b-a608b85f4d07,1
11751,b07b3eee-5913-4a8b-ad86-e736304764a5,1
11752,b07da51e-d446-4a3a-9907-1d112dcac0f4,1
11753,b08032c1-5571-4178-8f78-2d7cb55b6837,1
11754,b082e426-37a3-472c-8fe5-1653117dfc9b,1
11755,b082f8b8-6a06-44bc-b6b6-ba2cbcf2d47b,0
11756,b0887c96-0b6c-44fa-a0d7-dc903c714266,0
11757,b0891e2a-d59a-4521-993d-4d2f2f609b5d,1
11758,b08d4294-5d0c-4799-84e9-cb2917c7c70d,1
11759,b08e6530-6788-41ee-9a69-2238c44f2efa,0
11760,b095fc32-36c3-403f-9183-5c0be0a91238,1
11761,b0980dc5-3ded-4997-8d12-c0903a503ba9,1
11762,b09a0bbd-e134-47f8-b194-3164887a0736,0
11763,b09a2f97-a384-4a79-b6d0-665238bca628,1
11764,b0a10789-b076-4913-abdf-09670628590d,1
11765,b0a30c55-1d9b-45d6-9eb0-652e837e3944,1
11766,b0ace2c7-afa9-4e3b-88c0-8f52a89a9057,1
11767,b0c072ef-a22a-4db9-ab03-5ce082271c49,1
11768,b0c25eaa-81ac-4753-8ef2-e39629fbf786,1
11769,b0c2dd29-7e51-4dc4-b921-ab836f90dda0,1
11770,b0cbbc50-a55f-4ad0-959d-b4eef7c0f38b,1
11771,b0cc6b20-b743-4b5e-a2aa-c70ca25b8d9a,1
11772,b0cdaa28-cb09-43af-8196-bf3265f05a29,1
11773,b0d35190-9c2b-4519-8984-1f2b2e7f154a,1
11774,b0d78ab8-43c3-4395-bf54-9e31e5802e72,1
11775,b0d8b6ed-8545-4af5-8a08-1513b7498933,1
11776,b0d900c1-55dd-48e4-8f44-aba929c5e5e2,1
11777,b0e1759c-659c-42b5-9777-fdcfb4f6fd18,1
11778,b0e5b2c0-04f7-46a9-896f-037e0c1d64a1,1
11779,b0e94a9e-e139-4c99-82f4-cd8de15bdbdf,0
11780,b0ea6f9c-660a-402b-b955-f0971a42b492,1
11781,b0f53af8-348b-443a-9618-6ce66ad46f64,1
11782,b0f88c78-89cc-4318-ace4-2bf94d02db1f,1
11783,b0f9c854-59cd-4dfc-9ad0-7cb2de8230e4,0
11784,b0fae2b2-fc21-4173-8f25-ec8598eb77c8,1
11785,b104254d-01d2-4162-9e6a-6807f865596d,1
11786,b1073fee-5a4a-46eb-a2ec-095dab14f4cc,1
11787,b10781cb-e606-4256-b0dc-0b9259a9a732,1
11788,b109e07a-17c8-49fb-9ca0-a9e345d3137d,0
11789,b10e59bc-c909-442d-9cbc-0354fd7cb37b,1
11790,b112972c-dded-49e9-879c-543c9c19226f,1
11791,b113e547-2a99-4729-8f61-c6e53bb00a2f,1
11792,b116da0d-8afb-42f6-ae23-96558d15cdf0,0
11793,b11dc561-095f-49ba-8b27-860f5deb4c84,1
11794,b11ed5e6-6c09-429c-8126-fd4fc57ea836,1
11795,b121d97f-b3bf-49ca-9a05-321252c373ec,1
11796,b12363f1-2fc4-4b5d-a1d0-2079ca1838eb,1
11797,b128b8e0-d634-44be-831f-8a90d06aaeac,1
11798,b12b5d8b-29bc-46f0-b1c8-08fe0a2f165e,1
11799,b135480b-12a1-4b8d-ac74-9c903681e368,1
11800,b1356498-6bb3-4284-ac51-598cdffe58ad,1
11801,b1373394-e05e-4ba8-b838-1ad05ee332d2,0
11802,b138a35a-92b6-4692-92a5-31d1c582df1c,0
11803,b13e3df5-4081-40d5-857f-49e0fad0fd63,1
11804,b13f84aa-6896-42bf-aef1-dd42b89da5e8,1
11805,b140405a-e03e-40e8-8848-9fcbf9daa20c,1
11806,b1412171-eefd-467a-bf60-bcb75b3046c9,1
11807,b145ccac-ad06-411c-80b7-79100e101fbe,1
11808,b14b43d9-acca-4bde-845d-9ba3e77a8979,1
11809,b14e9cf3-1557-4420-97e4-737f1f6aa329,0
11810,b155c551-2ac7-4d5d-9a06-19ca72334b1e,1
11811,b157ba1b-1736-4af2-b444-23a0dd84a981,1
11812,b16531cc-6e1a-44ff-97e9-92458020c68e,1
11813,b165fab6-2682-4fed-8be1-37d9d330a5ae,0
11814,b179a755-5fd5-4f7f-a8b7-759b825c3b5c,1
11815,b17d37d4-8ef6-4b6e-9a4b-b1aa8936487e,0
11816,b1842d73-a90b-485d-81ac-c7d0fd65294e,0
11817,b185d233-a352-4d2e-9812-eb054e584182,1
11818,b1949fb3-79ee-45ac-bbde-03e9b5c3cd94,1
11819,b19e6928-f958-4415-9ca5-3601235741e5,1
11820,b19f571a-634e-4f67-bdac-072971473719,1
11821,b1a2b3a9-6d54-413a-bdc8-36a909157d5b,1
11822,b1a83f5d-1a9e-41ce-8ff8-731a5e35ddd1,1
11823,b1acdf49-533f-4714-bec1-f75cf5f899e3,1
11824,b1aeb0a7-e7b1-40a4-9154-191effbc95b9,0
11825,b1b4ae87-cb2d-404a-870a-6abe49940d04,1
11826,b1b4c2f8-ef19-4f03-80f3-709aa017934d,1
11827,b1b4cee0-feb0-469a-9ab0-cde8cd288291,0
11828,b1b549e7-9b74-4fbd-b9f5-b0191bdbfa61,1
11829,b1b59a2a-2da3-4ee2-81a1-97b0c7745a9a,1
11830,b1b99a32-1b8c-4f90-8215-1a6dedd1610f,1
11831,b1ba4704-ec64-411c-b0ba-7453d11d4d56,1
11832,b1bbc348-77ff-4cdd-b4a5-9f06cb1439cd,1
11833,b1c2d49e-84f5-4caf-b24c-19f7149b9e5c,1
11834,b1d0880b-3e12-4914-9b04-f84b25ec3057,1
11835,b1d0ae11-9556-4f30-87e8-3527ead083ff,0
11836,b1d8434b-2f33-4a67-a61a-e593f0d1944b,1
11837,b1dc12d5-f9a0-44ab-b4f8-dbc3f4fd5415,1
11838,b1e0f5f3-99fb-4591-8cd6-8fd493edc35c,1
11839,b1e1beea-0eb6-4e4d-8ac7-62ae9296910d,1
11840,b1e2d4d3-0301-46ca-8935-d76a181a4ddd,1
11841,b1e3a2d8-011a-4d68-8acd-28c30e6f9784,1
11842,b1e4164d-be29-4642-a3e3-e85f1ab7bb7a,1
11843,b1e7df49-c11f-46b3-b519-e592f372b8ac,1
11844,b1eefed0-caa4-4ef0-9117-c95d66cbd86a,1
11845,b1f1397f-0cdc-4f3f-a33c-0e2b1b8bef46,1
11846,b1fc30ba-b8c3-45a5-80c3-314ca4f42695,1
11847,b1febe2f-c091-497c-9687-d38645bad728,1
11848,b205d0f5-5318-4b58-bd04-9f8c6411cf22,1
11849,b208eebf-1a0c-44a2-80bb-a04e2947ca5c,1
11850,b2103c53-4331-410d-b629-a034fba1f2ab,1
11851,b2177a69-0a4e-449f-9600-68bad36fad44,1
11852,b21e5226-9b31-4bd3-b2ef-0d68bde0d7ce,1
11853,b221056a-7d12-4dcc-b085-a8e13d14eac9,0
11854,b221f1e3-cc9e-4443-881a-f2d7fb6496ac,1
11855,b229f6f0-33b4-4f46-929d-480550f50220,0
11856,b22dcdbb-2cba-4056-898e-a25829d87650,1
11857,b23055c1-c1f8-4a8e-942d-671c7cce576b,1
11858,b2355f55-1855-402f-876f-2e5cc7db62d3,1
11859,b2392bd0-a90b-4146-bc83-d123590b8f99,1
11860,b23fac9a-0189-4dae-8d7d-d86f514c12e3,1
11861,b23fad13-8603-494c-876f-5ade34b50408,1
11862,b243b563-fce7-43bf-ade1-f737f1da3f2e,1
11863,b246c973-61ed-4a56-a898-e08ccf5760a5,0
11864,b247b371-4830-4788-9226-db1561cdf9d1,0
11865,b2490c8e-f2cc-4447-bfe2-689bfede506d,1
11866,b24a745d-2fe9-4dcb-8d63-b0c119b5429e,0
11867,b24c1d2e-6173-422f-aa87-3c60c4960368,1
11868,b24c3032-a61a-4eb7-b0fb-b036caeddbf4,1
11869,b24c4f7c-c86c-47b9-a643-a82c94539788,1
11870,b250d879-c0b0-4045-afab-6ec398ea2deb,1
11871,b25f9d3d-fefd-4dc5-ac57-1cb70f5f386a,1
11872,b261dc98-9d6f-45ea-9b59-3da36ccabe91,1
11873,b26b4c43-add3-4064-8981-7aae00e76bea,1
11874,b26d0bab-5698-473a-aeb1-593b93172f8d,1
11875,b26d567c-2d18-4ff3-8b1c-18b71a28811c,0
11876,b2722b9f-c9de-4db4-bbe3-1db1b420c441,1
11877,b27270ef-5a8b-406d-a454-8021d3a74013,1
11878,b278678d-a787-4057-9f46-3cdd230eecf3,1
11879,b27f359f-78a8-466d-940d-1903e67e6636,1
11880,b27fbd3d-daa7-4be7-9301-a5fde3138a93,0
11881,b28080e1-6466-4174-8ea5-b1cf507b3546,0
11882,b2951885-a5e0-4abb-a061-b30fd2e47847,0
11883,b2a31804-33cb-40b5-94bf-f3cef9452bf6,1
11884,b2a61d8f-8de5-4497-9138-42c5cdaafa43,1
11885,b2b4a1e1-6e3d-474c-87a3-f1f122f4f260,1
11886,b2bc6f7b-1ef6-4aad-9643-49c38a7c32f7,1
11887,b2bd6d6d-8dad-4901-a419-26239d9328bc,1
11888,b2c2e5b0-4b24-49ad-828f-e6d78461cf1f,1
11889,b2c52b87-1bdb-43c2-a82c-ee1885c6b724,1
11890,b2c89df0-4674-4956-9c80-0e189589c936,1
11891,b2c981cb-2d85-47b8-ad6c-92884f3577e5,1
11892,b2ce3cd6-3d05-467d-bac9-81e6bed983de,0
11893,b2d8279d-ee0f-49f5-b74f-aa85224a18ef,0
11894,b2d932f1-d48c-433a-9ce9-a8801f7df41b,0
11895,b2dfc191-8b6f-4ef7-a562-a68d808b5a30,1
11896,b2e23075-ef84-4ee3-b070-fe635f21a2aa,1
11897,b2e4c483-e84f-4589-ac44-ce9a12beba61,0
11898,b2ebda6e-8fc2-4de3-8418-1a4c53edd39d,0
11899,b2f1d83c-8ea7-43a0-b764-8950530ae1a1,0
11900,b2ff962b-7f64-480a-9601-c993a48bdf6a,1
11901,b303a321-615c-42a5-85e4-085f80181c50,0
11902,b307a4f8-c35f-44dc-acf0-31ef59a21416,1
11903,b30ff840-6dae-47ab-9fc5-716fcc3b0f3c,1
11904,b318d838-39d3-4fc7-a3c5-51fb2c6c5711,1
11905,b319c78c-33e2-4017-ba91-eaa2f4e908bb,1
11906,b31b3e20-a3dd-42fb-8907-3b8f32ef527c,1
11907,b31b8c58-5a37-432e-9bc3-86942d3d916d,1
11908,b31cf47c-ac70-4941-bac5-f90d82489791,1
11909,b31e3078-5458-41d2-afaa-06173c53b2af,0
11910,b327b5f2-853b-492f-9f48-b302e6fd9361,1
11911,b3287e4d-1504-44a7-a5a6-b680121d4f2f,1
11912,b32ae687-b79f-4605-a6a2-40cddeea35e8,1
11913,b32b563b-e889-4c49-8b5f-01aa3b87792b,1
11914,b32f1127-024e-461d-b817-8285d2daf734,1
11915,b32ff19a-4030-41bd-9ad5-8622f0784669,0
11916,b332890f-f837-415c-9946-c993cfd6e9f8,1
11917,b3334695-4265-4c7c-b59d-73253ab76393,0
11918,b3363643-30d5-4945-b0ca-ad03a23fa763,0
11919,b338c447-ee2c-44f8-b5bc-f1093fef46df,1
11920,b33c3fb9-ba86-4c67-9e56-36dc3248303f,1
11921,b33e3711-4b1c-4e91-b64d-cd2a149ef29e,0
11922,b34bec29-9328-4122-9788-696c5336275e,1
11923,b351bc30-949d-47be-9d1e-8182d060ff3c,1
11924,b3544d88-7a0f-4823-a266-de4cbba71ef3,0
11925,b360201a-5b84-4150-9e47-4490ab7250d2,0
11926,b362ce6f-fcf8-4b88-84d8-95ee0251ae1b,1
11927,b363c5bd-58e1-4c71-9d3c-dddba85686e9,0
11928,b3649106-f081-4bb4-8b8d-c00d4ca56007,1
11929,b3676b53-ff65-420a-b74f-ec8a0c7880c5,0
11930,b36a1e1a-bccd-4738-9f1b-3b5a843715d3,1
11931,b36bed45-ca70-4567-b907-3f3ad3c84042,0
11932,b36daa93-f69e-4bee-9379-67307c1a3b51,1
11933,b36f202e-e50d-46d2-a5d6-10338b347547,1
11934,b36fc44f-411f-4fd7-88a7-61fc82b41f45,1
11935,b3708fb6-3315-438a-af34-aad1cb20302b,1
11936,b371bae0-e9a0-4a43-af3a-275ae2c0d0f0,0
11937,b37366d8-add4-4dab-9980-b7b7122bf1f0,0
11938,b3741455-b503-440b-85ff-a613a562a4cf,1
11939,b383db8a-0180-4bc5-bb9b-4c861f81f0dd,1
11940,b387b0b2-535a-4335-b9a3-5e67b0659535,0
11941,b3885e19-397d-497b-a54b-f59a16337f49,0
11942,b38e0e17-b5ea-405c-9caf-d200ca7eb3d9,1
11943,b38f3ba2-a889-44eb-b7cd-bfe656a6ff08,1
11944,b392fb35-b64a-4168-a8bf-dc80d265054b,1
11945,b394bc46-9b40-443b-bbc2-4656015ce5e5,1
11946,b39a7003-bd21-4626-a07a-e2abb8ea244a,1
11947,b39eb69f-9124-4dac-80e7-9c7f819638e3,1
11948,b3a5c561-b6cd-4d26-82d9-9426035f8168,1
11949,b3aae901-ab76-4b4d-a32c-92a14b9faeb3,1
11950,b3ab249f-48fa-4ace-a39d-7698bd0354e3,1
11951,b3ad2fa2-bd7d-41fc-a684-32d6d92975a4,1
11952,b3b454bb-992c-4ac3-bfef-7390daeb737d,0
11953,b3b951db-76de-42fe-957c-d84e0855972e,1
11954,b3bcb971-dcfa-44bc-a2ad-a4f9fa7c1a89,1
11955,b3be2aae-5313-4f09-a088-a0ad9ae525aa,1
11956,b3beccf4-7a2d-465b-96d4-9393ff644854,0
11957,b3bf8738-4c92-46be-a5f6-d19b769db38d,1
11958,b3ca5a7f-1945-4ff1-b15f-6e689315d2df,1
11959,b3cce8ac-691b-44de-81a4-ff127c0026f4,1
11960,b3cf2ecb-259c-4a13-a605-59b79d4bef32,1
11961,b3d6828c-8abb-44fe-a1ac-daeab2aca8a5,1
11962,b3daf7ee-9b8b-4702-befb-3ab36af47592,0
11963,b3dbf35b-78d1-41f1-9541-5014d3044c19,1
11964,b3e30ce9-1e5b-44b8-b0fa-c69b36038beb,1
11965,b3eb6cf7-e1c6-4009-9d1a-112a6f7baa6b,1
11966,b3ec1e18-d6e2-4b53-b530-4481eb721fa6,1
11967,b3eca7b1-64dc-4ebf-aef2-9c087e4fa50d,1
11968,b3f4ad56-607d-4b59-91d1-6159e1ad0ae2,1
11969,b3f80b64-a6ce-424b-ab09-f74919439ecb,1
11970,b3f826d2-db4f-40fc-8a3b-174a6594416a,0
11971,b3fb0a1e-4d32-46ac-8b4b-af27b7f0cf3c,0
11972,b3fc967c-4f4a-4493-95ec-199f1c7d9268,1
11973,b404168a-3df9-4f99-a369-6d2b876595d4,1
11974,b40b6eb9-3048-4fad-8c9a-67ed5dcdad05,1
11975,b40f64fd-b099-43f7-9f6c-40fa918cff2a,1
11976,b4154718-0a84-4c27-a94c-47e694e83a0f,1
11977,b41a00bd-1ad3-49ee-a014-f3b4b4678385,1
11978,b429bbd0-92ae-433b-850b-f1378ccd9cb1,1
11979,b430ba2e-b45e-42e0-8ad9-df2aac112687,1
11980,b433ce10-df23-4d4c-9bda-9f42a05ac261,1
11981,b43bc45c-7a46-4478-83f1-ab35b448a38c,1
11982,b4481a04-5795-440d-b685-b8e0c6570235,1
11983,b44a0f3d-8b11-492d-bda5-b03bc370ff92,1
11984,b44d9f68-f0f2-4773-a742-01c0ad2b9736,1
11985,b44fa01f-bc40-42ee-ae5e-22b9f2074da9,1
11986,b4521cef-d79c-492c-b6b2-865715a23cdf,1
11987,b454bb8c-e825-4065-834a-80af28982d67,1
11988,b4602610-5fcb-47dd-8936-fe41f39520fa,1
11989,b464ca9d-487f-41d5-a605-4ca51eb65e47,1
11990,b465084f-2d06-489f-a377-3542b92972db,1
11991,b472c128-3d1f-4b9b-90d4-217a4fea093e,1
11992,b47a84da-052f-4a85-8cc8-e8b6a7d558cf,1
11993,b47fb42e-b871-476b-bdb3-090daf418332,1
11994,b480dfde-c4e9-470c-bac0-e78ac8960547,0
11995,b494552d-4610-4a52-aa9f-43cffdb094ff,0
11996,b4a08d1f-e8f3-4c84-af33-e39638a0ca76,0
11997,b4a181b2-0418-4f59-a6b9-9ab222682273,1
11998,b4a32aa4-f8c6-45d6-8d92-d28d826abac7,1
11999,b4a49ecd-037a-47d0-9850-16f20bbc5a71,1
12000,b4a4e59f-3cb2-4176-a46c-bfe49a7879c2,0
12001,b4a7b609-c2fb-4ecd-b6b5-6868cd74581a,1
12002,b4b4ee16-f12c-4676-93f6-d0be8b00517b,1
12003,b4b7798f-f85b-4008-b710-760cd5670bce,1
12004,b4b8f7af-7071-40dd-81f0-2864a058b376,1
12005,b4bb2c9d-522f-4cb2-9d8b-3a5660e09eeb,0
12006,b4bfc10d-39ab-428f-8ad2-93b6353bede5,1
12007,b4c26ce9-2c45-417c-af36-6f3faca839e8,0
12008,b4c4ebd1-d2ec-4bca-a94d-0ef17747db2a,1
12009,b4c8418e-4b45-47c1-ac0f-505b1a45feed,0
12010,b4d0d978-95d4-4325-8328-f7f1a4b7b8a9,0
12011,b4d4d363-050a-49af-9612-4ccc7c54b9ab,0
12012,b4d5c421-810c-49a3-af36-9ed24225e88a,1
12013,b4d7dba8-0935-4e9c-af14-16535e441dc2,1
12014,b4da6690-7182-4baf-b302-503b701e6cae,1
12015,b4dd4945-bd1c-4902-a114-7b2e05dd64b6,1
12016,b4e150a0-1303-4e1b-bf3c-9bfc62dfc1c7,1
12017,b4e20de0-a983-4ee5-98c7-ca454fab65f8,1
12018,b4e26b83-425f-48fe-a9dd-c6becac93688,1
12019,b4e42fd4-4d93-4e5e-bbb3-40f96d90168b,1
12020,b4e47482-01df-46e2-9fa4-943cc1d28d7f,1
12021,b4e58873-c759-425b-a5f2-ea7d7deb876d,1
12022,b4f63298-6276-4db5-9719-816156e097c1,1
12023,b4f99aee-0a69-4602-8281-66870cb24883,1
12024,b4fad0df-f9df-431b-9c2b-0ef065509172,0
12025,b504e2c1-4218-4991-93f0-4fddcc7e68fc,1
12026,b5059d9e-fda3-457d-9cbd-8a5fd87d4148,0
12027,b5076aae-597a-4299-85ad-48071ad19e0a,1
12028,b50d3c90-60ea-4f00-bf9d-316866d33a0c,1
12029,b5144ebb-ea56-47d3-887e-aba8a7f380c4,0
12030,b51c7bf3-a781-492b-ae0b-d523be6b4a09,1
12031,b51d31fd-6bd1-42fe-a85d-c299e7b02876,1
12032,b52334eb-7abd-4c94-b10a-982aa8356978,1
12033,b529fa5a-c149-47f5-bd98-572469f64f61,1
12034,b52a21b2-a6cd-477d-b392-397aec7bb1c2,1
12035,b52c8b13-22f7-48de-9a1f-90ac12f0bf8b,1
12036,b53412a1-14f8-4767-8b10-b72f27dc8ce4,1
12037,b53532b5-c07e-4f56-86c2-8d69a1bb4f78,1
12038,b539bef3-1714-46ec-8cd3-c915cba3aca7,1
12039,b5411f87-5181-49c9-901c-21501f8e5dda,0
12040,b545183e-26c8-4893-a4a2-d01d8d0c5d9b,0
12041,b5479407-1ef8-44c9-aa62-aa75857d76c0,1
12042,b547fd40-0816-44e6-810b-f257af1afccb,1
12043,b54c37cf-4c7b-478f-ae4d-0990179665af,1
12044,b554622b-cd65-43ab-ab3f-fb8f366bef4e,1
12045,b55b2537-2d02-4356-b242-49e0072ced8e,1
12046,b55c037c-81f2-4e8c-97fc-021d1454462b,1
12047,b55cf790-3519-400a-9a0d-3aa8f08dbf78,0
12048,b565a031-c6f5-4cb2-bf81-9fe7bc9bba51,1
12049,b566c891-cc7c-475f-9742-8f0573168073,1
12050,b568f8ee-494c-4416-a75a-548a45cf8cc5,1
12051,b569bd56-7da1-4c3d-859f-b0d89554ea2e,0
12052,b56a6056-0505-46c4-9c02-b162a3b27a06,1
12053,b5715c5f-abb1-423c-86aa-de8ab394a867,1
12054,b5723a24-3847-4dfd-982b-02f0ea71bf87,1
12055,b5734161-e1de-4ed8-9551-394556467dbf,0
12056,b5734f0d-7d17-4476-af65-aba0a9c509e1,1
12057,b5761503-60f2-4d99-967c-6fbd50844cdd,0
12058,b5763689-25ec-4ae9-8af6-5b977d413583,1
12059,b57a924c-63bd-4316-b2f8-b356c39c3d35,0
12060,b57dc0ef-d02e-4ed8-bbbf-a5357c033727,1
12061,b57ef50e-a845-4877-9cee-e8e117ab9edf,1
12062,b57f093b-6cd7-445a-bc85-3025e12a2243,1
12063,b5828bd8-f625-4517-847c-5e1d6eb747ac,1
12064,b58caecf-8f81-428f-a46e-92c389eaf681,1
12065,b59092b4-c231-4b09-816a-52051533051c,1
12066,b594bfaf-6747-4715-9a98-dd17463f4c35,1
12067,b59603de-2275-4ae0-8fde-aa8cee0a4c6c,1
12068,b5a496b0-01be-438e-ac5b-0f3ff2ae67de,1
12069,b5a56d44-661e-4deb-ab6c-8b10e64e8f1c,1
12070,b5ac0fa4-fcf3-439c-af3a-2507517c3080,1
12071,b5b1e3ec-f014-4472-bbcc-54b58acc5497,0
12072,b5b39057-9be6-4a34-961a-980880ec04db,1
12073,b5b996e8-2cf7-4a5f-9f3b-54afb80d9685,0
12074,b5c31644-2522-4d49-b8bd-c6e366a9763d,1
12075,b5c61434-b628-429b-8771-250cda704b48,1
12076,b5cab7f8-3c0e-41e5-8bb5-6f3faed637d0,1
12077,b5cf77e5-4208-4d7c-a42d-5756cb259166,1
12078,b5d76623-85c0-4499-9a27-9ebf178d4695,0
12079,b5d89a38-d9f8-4e31-bac9-6bea8e235b4f,1
12080,b5d9f6a3-141d-4684-b426-0e03d6b86a69,0
12081,b5db68e3-125e-43f3-8500-a88bfbccb317,1
12082,b5ddeffc-5e35-4560-adb1-e5e12c7befd7,0
12083,b5e14614-d525-4e4e-ba90-87e06ef0d543,1
12084,b5edc3ba-e367-4f2b-a201-ec2bfe8cf115,0
12085,b5f18d0d-518f-4cbd-b684-944efe9711c7,1
12086,b5f3c5d2-9342-4d8a-9fc9-e23b573056d5,1
12087,b5f501e5-7578-4431-b8de-0742b141b3be,1
12088,b5f5f800-b0a5-4435-9d18-1b3e70f3599f,1
12089,b5f7bac3-41d4-4232-abff-22f87a5e3f1f,0
12090,b5fbc0a8-23e4-4abf-819f-c6d358f6c871,1
12091,b5fbeb9a-37ca-4b4f-aa27-6b8999e8262d,1
12092,b5fd055d-4795-44de-868e-14e9d7d146d4,1
12093,b5fe8918-bd13-4f95-a6ae-781c3e5b4951,1
12094,b5ff0447-755c-4e82-912b-9c95049aa7b9,1
12095,b6044813-0d04-499b-8e79-c4b3165e1282,1
12096,b611fc05-2995-471e-8c60-cfa9f0cf8323,0
12097,b6160b9e-f777-474e-b676-947ac6ef73ff,1
12098,b620e7cc-5585-4a89-a906-5079e28f4633,0
12099,b623c465-c1be-4486-8732-f1f722219d5b,1
12100,b6356d56-efc3-4756-b033-385bdedaa033,1
12101,b63b5590-70c9-491c-b544-0e2311232625,0
12102,b63e7751-5dd8-410d-9731-99d19c5f9935,0
12103,b645e1fb-1c82-4f54-8a34-f53ef11ba7a7,0
12104,b648cb4b-6cfc-4312-92d1-874f51bfdd95,1
12105,b6611cde-6f3c-4975-9b6a-b6e133dc43cb,1
12106,b6632a3c-11dc-4012-b78b-891bd5a909d6,1
12107,b6657c91-6d45-4e2c-bc5c-1a49d800c60c,1
12108,b66ab388-5726-4b4c-afa1-adadb5148294,0
12109,b66edfb2-1609-402a-8c12-87e4d4415a76,1
12110,b672dbe5-3a7f-4014-a38e-d0167941db04,1
12111,b6765dac-ec2e-4c27-a544-aa8a7cfaa82c,0
12112,b676f475-f2b6-48d1-926d-955d95da7a53,1
12113,b6795f76-dd1c-4cb1-8aaf-2f73d4e12017,1
12114,b679e085-3082-4d9d-86cf-099336688646,0
12115,b67b001c-0f1a-4dc7-8de4-38d31112712c,1
12116,b67c575f-429d-4ed1-b8e5-674dac38ec05,1
12117,b67ff408-d5d2-4b8c-b0c5-e6df4521d7b8,1
12118,b67ffbd0-d3e2-435e-82e1-cbe22c1d8ea5,1
12119,b6839fa2-d7e2-4ac2-9fae-8d535e33127b,0
12120,b6864611-2ef7-4849-b963-f05c07a06b07,1
12121,b6885b7b-d42e-477f-9f74-c2176a2d4bf9,0
12122,b688d18b-5aa3-42ae-865c-d8a7e4878abc,1
12123,b68db1c4-ec6d-4fab-87cb-a231ae7f2598,1
12124,b68f2a5f-2630-44b2-b6ef-a0830ba28743,1
12125,b691127e-2e57-44df-aa30-aff9081bc9f7,1
12126,b6979264-4983-423a-81a1-29b184caf81e,1
12127,b697ab20-3322-48f0-ab4e-c913ddf02b46,0
12128,b699aa39-4d2c-458c-a669-b0934754c41a,1
12129,b69e83a8-46db-4ed3-80bb-c5480e6dc461,1
12130,b69f5bc1-c9a6-42b6-897d-d39b63c7b200,0
12131,b6a051c4-2d7c-4000-b210-e7b47c6d59ed,1
12132,b6a1de0b-628e-4c26-9c09-df2bcbd8362e,1
12133,b6a3e1c0-76b8-48f2-8df2-b5f789568b79,0
12134,b6a69101-9733-446a-86e3-edf73ef00b00,1
12135,b6a69e48-6e79-4060-bc01-adcd0e90b2d1,1
12136,b6afc3e7-12c1-40ac-b93e-bae92d3a73f8,0
12137,b6b08ee6-35ea-4c64-8436-d47ee8d253a8,1
12138,b6b30f25-b24d-45d3-9a63-fb4dec73cb82,0
12139,b6b336c9-66fa-4709-a634-009d5de1ad12,1
12140,b6b589c2-644d-4c00-95f2-f0f2928ae790,1
12141,b6b96c1a-1ab2-453c-ad10-02dc446b65de,1
12142,b6bc24d1-f5f4-44cd-942f-e40fa25a73f7,0
12143,b6bc5384-8861-413c-83a6-2de5e2e2580c,1
12144,b6bcbaba-5dd8-44aa-b988-5fde8f2b384c,1
12145,b6bf1875-0476-4992-b239-824e86267232,1
12146,b6c0fede-4482-4cbe-b33e-830134ee8a70,0
12147,b6c35eb4-4ac7-4534-9fdc-e0c0a34009b9,1
12148,b6c41e6f-8d24-4a6e-9d9e-a9c6cb467331,1
12149,b6c4542a-b882-4edc-bc80-7bc7e9a51623,1
12150,b6c4c4c3-791b-4431-87c4-137f7eedbb39,0
12151,b6c82156-5570-4b7c-9f53-dfea8d7318cd,1
12152,b6caf650-2f2a-4308-b572-bb4a660e742c,0
12153,b6cbe65c-aaca-4c6c-ad75-5ed8ee8ce5fe,1
12154,b6d2c473-35ce-45ca-bb6b-70e95baf4330,0
12155,b6d75cd1-962e-4e26-982c-e5eed891313b,0
12156,b6d7f02d-2ef0-4304-89cf-b7829cd9fdcd,1
12157,b6d8a048-664e-40dd-8eb4-5bf8ebd3d59e,1
12158,b6d8cf26-65cf-4d86-9216-6d13c7d82c0a,1
12159,b6db4bba-702e-4838-b101-9ad6474ca645,1
12160,b6e29195-9a57-4e3b-9dc8-88c6dc44c1ad,0
12161,b6f11c55-2451-47c9-92df-780430bbd092,0
12162,b6f46bc5-8392-489c-8d65-0f1b3fe7b762,0
12163,b6f673ea-6ff5-40c6-b015-719404fb647a,1
12164,b6fca0b2-2684-4196-857a-54422046918e,1
12165,b6fcf325-b118-4319-a205-758575ff480f,1
12166,b701fe2c-c897-47ca-9d20-e613dea369db,1
12167,b70d3297-a403-43e8-b4eb-2eb92d6e7839,1
12168,b70f4882-97fa-43de-bfe6-c5553712395e,1
12169,b70fe2a5-3b06-43a1-bb4f-fb7069be3778,1
12170,b71583a4-a7fd-4966-9411-a546be5b7e7c,1
12171,b71594b6-04b7-4db4-9c3f-b2e3debb7285,1
12172,b71b0311-2a86-4300-a761-74c526bb537b,1
12173,b71bb335-7f97-434e-971b-5b61d17a75d3,1
12174,b71c8213-3408-4062-a900-60f4b93b9673,1
12175,b7207178-d011-4a92-ab3a-b2fb5809365d,1
12176,b724a150-3d4e-4089-bfc5-a489e8010545,1
12177,b72b134d-2229-4b2f-b40c-d6469b19a1b0,1
12178,b72d0d0e-963c-4bca-b073-8e7ca59e0de1,0
12179,b72de4ee-7ee1-48a7-835a-a1f410136d21,1
12180,b730c1c6-b40c-439b-bd6a-06d7f3718cde,0
12181,b731574d-0809-4a29-b1ac-e7e90dc26efe,0
12182,b73972ff-3fee-48bd-83bd-eaad26aaf887,1
12183,b73b2b46-93ae-45ab-9520-f7231a87226d,1
12184,b73c97a0-7ec0-4454-b1d7-a79640dd3e08,1
12185,b745b404-2c99-4155-b645-c03a88a58fad,0
12186,b745d001-e8ce-4a7a-a665-872ac4c95f4a,1
12187,b746c0e0-0e79-4038-8d7f-988ef6ea4634,1
12188,b747faca-7c31-498d-993f-2b3021bd991e,1
12189,b748de63-0359-40bb-9541-278902de01be,0
12190,b74f1ad8-8e39-4a21-8e22-1496e2be1d3f,1
12191,b751aa41-0ca3-44d8-a78e-33b2465065ec,0
12192,b75c326a-a473-4439-80e4-5124a0b35dc7,1
12193,b7626c5c-adaf-46e5-9380-f59a07fb4019,0
12194,b7654f1a-f1ac-4387-8e2f-bcc08d219478,1
12195,b76c685e-955c-4be3-b672-815a2fab994b,1
12196,b76e1a5a-ec79-49aa-944d-26c1d23e2c37,1
12197,b76f5d50-a287-4a72-ac38-5ff6714fb939,0
12198,b76fb980-7e11-4bc8-94ef-a02b239c44bc,1
12199,b7704316-9d15-42cb-b9f1-dd757161a1fa,1
12200,b7717d9c-eff6-4ce1-8dbe-7c40ea216bdf,1
12201,b774d3ac-a183-43e0-8dbf-a974a637380e,1
12202,b774db2d-0629-49e4-95dc-5592f9a656c0,1
12203,b77738e1-4139-46c8-a549-7277f16c6d76,1
12204,b77de356-f34a-46d8-81a0-20aac14a4597,1
12205,b77f5675-c870-4b57-a2bf-fe738b5c1370,1
12206,b78208ff-31c2-45c4-a1db-20dbc58e59de,1
12207,b783a858-81d3-4866-b997-adaf5f348323,1
12208,b788b45a-b2f1-466d-bf79-e1d1d110a440,1
12209,b7974bb1-14bb-451d-9902-67a4f66bfb1b,1
12210,b79f62f3-64da-4423-b926-18889ead6f02,1
12211,b7a096e7-6740-41fe-869e-54e8f944cbdc,0
12212,b7aaac21-72be-4773-b3db-e9741482683e,1
12213,b7aac8b5-3d55-4dab-a6f4-f3b1e3c30c39,1
12214,b7af6db6-fea2-4806-b685-b4c93aba1eba,1
12215,b7b3f6b9-0f26-4bd5-b777-c3289f955034,1
12216,b7b67055-462c-495c-92f3-4eaef11b77c1,1
12217,b7bdd760-c1e2-48bb-b16b-69532329bc11,0
12218,b7c31841-7adb-47a6-8342-088fec982382,1
12219,b7c332c7-606a-4dc6-a3cc-b6298ff32dd6,1
12220,b7c59137-da7b-41d4-ae3b-6372fc98483d,0
12221,b7c634e4-e7c7-4b54-b81b-6e2daf24164f,1
12222,b7c9618b-abea-4ba2-9c74-8a530154394b,1
12223,b7ca5b64-0f99-44d7-b3ce-6b5c23631857,0
12224,b7cd3d41-3386-4c61-b195-c09a361e40ff,0
12225,b7ce528c-1a7d-4b86-9c1b-d8457dc919dd,1
12226,b7d1659b-4f72-4f52-ad25-77ec3983edac,0
12227,b7d3e97b-a0b4-4428-b14c-318a43c479db,1
12228,b7dbd0d4-247b-4f23-8448-0198e4ff5c44,1
12229,b7e18339-34df-4e9b-bcb8-b467d6d92b8c,0
12230,b7e535a3-37c8-47e8-8929-589bcc9eea11,1
12231,b7e57f9a-8ee5-48aa-ae7d-46fba83409ef,1
12232,b7e72097-b225-44ae-b61a-9f068d5c1a9c,1
12233,b7e9a13c-092b-4b94-b4f7-8c79fbd04197,1
12234,b7eeda9c-1750-47a7-bdab-e4acd1a10627,0
12235,b7f12e68-2337-4f90-a921-b9f4ab05d1fc,1
12236,b7f98e1a-2754-4967-9482-23973b4e9d5d,0
12237,b7f9e3c5-12ba-468b-bb55-4bc046dca2a4,1
12238,b7ff3e48-c3ab-483b-8a3b-493d6130a09a,1
12239,b8074cd7-a5de-4f8e-ad07-f77f1a5a2c55,1
12240,b80ae252-1f5f-4be5-8ccb-e9f274696d3f,0
12241,b80b0c66-f212-4fce-90f5-6be0ec969d55,1
12242,b80e3489-57b5-4417-8aad-fd9a276fd72b,1
12243,b8100de3-fb43-4b51-bc5d-e488db4e3c6b,1
12244,b810fb12-5ea8-49ac-b327-3027c6f0caa2,0
12245,b81120b4-80d1-4726-8011-a929642a1c3c,1
12246,b8183d3e-b77e-4037-b582-88ff23501fad,1
12247,b82156f1-51d1-4fb6-86dd-ee6fa8973f68,1
12248,b822c4fc-2002-4204-b2ed-8dd62ddbb495,1
12249,b822f639-cf4b-4798-809d-7256aba41120,0
12250,b8234912-325a-4657-88dd-6bdb36775dad,0
12251,b8280a3c-23e0-4c78-91ad-e983d438c8a1,1
12252,b82ad8ff-1756-4152-b08b-9f951fa33f2c,0
12253,b82ba7dc-39c1-4c40-983f-64f2a83a50b7,0
12254,b8325458-8faa-4929-a4a9-381ac56aff2b,1
12255,b8325684-4531-41a5-972a-109e8dc2c952,1
12256,b833e082-3c5f-4be8-9193-322a3a113bfe,0
12257,b834ada8-50b6-46c8-ac31-77ede420afcf,1
12258,b836b823-d8a9-4490-9ad3-8f7844907b6d,1
12259,b83cec2a-44b5-4b5f-affe-1661fe70a249,0
12260,b83ee9c0-7589-41c4-8ce3-030f66ad18c0,1
12261,b83ef145-171a-4346-80b9-d489e0a05e64,1
12262,b8431785-b566-4722-9244-0b0841367429,1
12263,b84b1e28-71a4-479e-9c66-6d8a4cf92fb4,1
12264,b84c921e-3943-4570-b6fb-0aa59e1643de,1
12265,b854bf4a-ed5e-412e-b8ea-a0648d8c7c70,1
12266,b85576f0-a649-4f5b-9fc6-b66285f52a54,1
12267,b861dd1c-35d3-48d9-a917-0827f7f016d6,1
12268,b8637f06-77ca-43c5-a0c6-c526d6c513d2,1
12269,b8686d95-699b-4bd3-9b7c-43e1dce10880,1
12270,b869c1d4-d956-4bc2-8a48-1b9f9abcb8e5,1
12271,b86c8254-c893-420f-aab7-e877aae17711,1
12272,b86d2453-aa4e-4df2-91fa-09b2547847f2,1
12273,b86d330e-14f9-4cf1-8eee-62499bf19b98,1
12274,b86ec9b2-7f72-44c7-9965-db8eb2016c05,1
12275,b87990a4-ef27-48aa-b1dd-1b9388e5dada,1
12276,b87d216c-794d-419c-a960-995e70633c65,1
12277,b87f490e-66e2-4266-9238-84b716f44f91,1
12278,b87fc044-0031-48d5-91be-4c8b7e503fcf,1
12279,b880d5cc-f5c5-40d4-ab0a-79b53a525376,1
12280,b88142b9-9325-4f56-913a-e1023ebbe412,1
12281,b8826c6b-fd0b-49c9-b05e-bb8bea751c6f,0
12282,b8884262-dd4f-4b2c-a330-a4f70ad41bb3,0
12283,b88ca1a3-e944-4b6e-a749-d2ebaebce7be,1
12284,b890a7e8-f4d1-43d5-b918-4f9259a15086,1
12285,b8910596-8eb1-4f94-a829-d65ed0b2f6e3,0
12286,b89bfacb-eae2-4557-8efe-a23aa03685da,1
12287,b89ea9b8-05ee-4c60-9c21-9f190b2b88c7,1
12288,b89f5f69-cac0-441a-8f32-4f45eab43aa5,1
12289,b8a1e4dd-698a-43fc-b34b-e2c536f877e7,1
12290,b8a2645f-afbb-4a48-81f1-5f8d922a7d59,1
12291,b8a5201d-8729-4e22-bbc6-832a124e3627,0
12292,b8a65b00-d4cb-4f7f-b669-f7dd8b5769e6,1
12293,b8ac68ed-f96b-446d-89ad-8ac2df9e716f,0
12294,b8ad4f5e-e51e-4931-9192-17472586b239,1
12295,b8b6876f-eb6f-4c43-b8e5-c367dc5fc7d6,1
12296,b8b8437c-76fd-48de-992c-cc803e4b1fe3,0
12297,b8bc0b68-473e-4b25-95a6-e68987333ace,1
12298,b8bf3252-07b4-4b3c-8b93-c7aa67803496,0
12299,b8c454ad-45bb-48c9-82c5-36488ad4b362,1
12300,b8c6a51f-c15b-466c-8522-7e1de4a0d9db,1
12301,b8ca646c-6b18-46a8-9129-97bf6be2a6be,1
12302,b8ca7da0-9e14-475e-a81a-01159af259bb,0
12303,b8cf70ea-745b-4d45-a14b-37efb47d435a,1
12304,b8d1b9c9-e273-46f8-a18b-687f098d97c0,1
12305,b8d7320d-c22e-4989-8a81-b8efa3752f40,1
12306,b8de81a2-e5d7-44e4-865d-7626cb708676,1
12307,b8e041d8-cb64-432f-b6b5-30816d05d6c8,1
12308,b8e1bf1a-cf6e-43bd-9327-15db6d2fa8fe,1
12309,b8e7adff-8ff4-4fd8-aaa9-bf03535b9641,0
12310,b8e905ce-f16c-4b71-8529-94d53c010f3f,1
12311,b8ea340b-8422-4bf7-8ea6-2cfa4cfa6d59,0
12312,b8ed31ff-0db1-42c9-9dd5-7691b930de81,1
12313,b8f1c372-3995-46e2-9342-0c646d9f1faf,1
12314,b8fb0b5f-d160-4aac-a6d6-b3509a3fdf5d,1
12315,b8fbe540-28b8-4849-8545-37e0c3884cd6,1
12316,b903934d-63f4-4576-96e0-ce14bcf376ff,0
12317,b90999a6-d1b8-4b73-87df-230363637208,0
12318,b909ae70-c253-4838-8225-2fa43ad566a3,0
12319,b90ec443-e6e9-45fa-9125-06cb76e98865,1
12320,b90fd25a-bcf2-4e5e-ba0c-b681f1f21158,1
12321,b9104546-fc33-4f1b-a930-edaaa52c9f34,1
12322,b910a138-c6bc-4c8d-99e9-171fa76efb8c,1
12323,b915eb2e-cbc1-4c87-af12-7c03e11e54bc,1
12324,b9172589-23ae-471e-a235-9831f2297de9,1
12325,b91b75ad-6574-45fa-9634-4f88ee66bb9c,0
12326,b91dce5e-83e1-4c31-840e-16b38a56c2fd,0
12327,b9201943-1ddd-43da-90cb-edc74a0d309a,1
12328,b92892ce-5a7a-424c-8278-978a42ee41b1,1
12329,b92bdbb5-5534-4012-b198-eca15b1d8e6d,0
12330,b92dfbeb-8718-4ad5-9abb-8e4156c41299,0
12331,b92e9960-e83d-4925-9470-fb57454f9190,0
12332,b937c5a2-4fba-415c-a85d-cec7d9675c2c,1
12333,b94074f3-9c9f-4793-9ccb-a1d940b93e93,0
12334,b948f2d0-c81e-457b-9603-93ebf3c7fb99,1
12335,b95b9aba-ac79-49a8-b06d-76ee9f3ddee6,0
12336,b95ed2e9-727d-4f9a-9847-ad984aba1492,1
12337,b96309d9-80c5-4579-a8ed-63a7f79fb4b7,1
12338,b965941e-ea5e-4ff6-ab2f-3dab51756761,1
12339,b96c30ad-0437-467e-9c5e-ff266613bc1d,0
12340,b97258e2-9dd8-4ea6-a23d-218c75eed64f,1
12341,b9771c4d-2dcd-41f5-b9ec-19587f383a8c,1
12342,b9799221-ee37-4e5e-8b67-44ce8b6abd53,1
12343,b97a4764-b5f4-4cf4-b3bb-815a2a7a3600,1
12344,b97d2e12-f9bf-4995-a3c5-f8435b7fdc1c,1
12345,b97ea227-c02a-4aee-877c-4ed86bfc543d,0
12346,b98340a9-188d-48d6-9f1c-65711d744707,1
12347,b984bbb0-baa7-4496-93ba-ef9619b0c55d,1
12348,b985f2be-d423-4545-a49e-0a176ec375ef,0
12349,b986c4e6-681c-48ce-80e9-28ff9821183d,1
12350,b9897404-75b8-42f4-acd1-e14a88bec51e,0
12351,b989ae63-b23b-4b0f-a2b3-a7c8ab9a3776,1
12352,b98c6551-17e9-467b-86c1-63fe02981ce8,0
12353,b98ddc9d-d77e-40c2-a764-4585931b2512,1
12354,b98eabd2-a7e2-45ce-97ea-a387f2021751,0
12355,b9976a72-80f4-4a0f-9ffa-c9e3fec51f30,1
12356,b999490f-221b-4f9c-93f7-b546a4ff29b4,0
12357,b99a4f39-cba4-491e-9fcd-45690201cb10,1
12358,b99f47ea-06b1-4abc-a3d8-15c44c6d6ff2,1
12359,b9aeca33-1e12-4f8d-980e-3113c62495dd,1
12360,b9b6e34f-a111-40b1-aa58-02ffc04e18d0,0
12361,b9b82ba7-3a49-4ace-8000-674de7e7678f,1
12362,b9ba332b-a48d-48ab-a713-61d5460f653b,1
12363,b9bcd8ad-986f-40b3-8cf3-bb5fa1225311,1
12364,b9bef93f-1269-40de-8cf2-519834c30630,1
12365,b9c126d7-68bb-4df8-9449-c2d6abc1eeaf,0
12366,b9c662d7-f10e-4d77-8205-08a0b60cbaff,1
12367,b9c693d2-73c3-46ec-afa7-5f4ada4e3da1,1
12368,b9c9ea11-72f7-41eb-8ea9-1341501171df,0
12369,b9d440bb-8be0-4302-b39c-98763a1fca92,1
12370,b9da44a7-a0df-4fbf-928f-24257c83e477,1
12371,b9e7263b-6b11-4950-9172-e02c9bf1a37b,0
12372,b9e8d4bb-99ba-4624-b804-807ac22ccebf,1
12373,b9ea35cf-3b68-401c-8ec3-5111e3fc1d73,1
12374,b9ea4337-91e3-43fb-923d-c21ecd22c095,1
12375,b9eb0535-0c24-40f4-885a-e2dceeb54a21,0
12376,b9ee0ebb-64c1-442d-bf7e-6f134af668e7,0
12377,b9efcc2e-8f9c-43da-9941-7e850db2a634,1
12378,b9f03067-2455-4ad9-ab0c-97545c05749b,1
12379,b9f15beb-5d55-40d1-abab-f5e7d6cf37c9,1
12380,b9f5152e-9345-438f-b68b-046d2479d3d1,1
12381,b9f96848-5de9-4e8d-82d4-03614339b2b8,1
12382,b9f99e8a-f854-4053-bbae-53f698f3f46e,0
12383,b9fee185-13b2-48a6-a696-94604c1c110e,1
12384,ba00ed5e-e940-4336-9ac8-3f32ff1743e5,1
12385,ba041797-c411-4512-a760-b3251b2070ee,0
12386,ba05a0cf-a67c-4bbc-a57a-258fd3f53d65,1
12387,ba0d1199-8c7d-4b7a-ae98-a957942904b8,1
12388,ba109c6c-3ded-4012-aa7c-857408cace96,1
12389,ba11fb62-07cf-4cf4-8666-e35620a54d11,1
12390,ba121f40-b93e-4b75-8a00-db3ceabb9d81,1
12391,ba13b39d-aff4-492a-8ea4-208bfc622568,1
12392,ba152bd5-bf82-4ff3-ba6a-973f12f12a45,1
12393,ba15b226-6706-4c5b-9e07-62dceb71c7b1,1
12394,ba1c8347-4445-4127-a445-2d73a5816526,1
12395,ba1cee32-570c-4783-91b1-9a63c97baffb,0
12396,ba1e6479-419e-4c22-998d-88d57c3c1be2,1
12397,ba204d16-02b7-4b90-aa5f-63443ef3bf20,0
12398,ba337279-2d46-476f-8e2c-ef990b6a0a75,0
12399,ba3cd58a-2b8a-4e4d-882a-75bda9e4bc0f,1
12400,ba40bc26-f504-4a80-8d8c-fc817023285e,1
12401,ba4481a7-f5e7-471c-a5e3-98f0c4a12f33,1
12402,ba45086f-ecf9-425c-825a-55fc15acd303,1
12403,ba4971c7-060a-44e1-8f54-85ec35a5eee7,1
12404,ba4a8526-a62b-41e6-8a7a-fd46afe9642e,1
12405,ba526589-81a4-45ad-a32d-d5f217f6fbb0,1
12406,ba543a4a-2046-4e7f-a598-3d673372e887,0
12407,ba5449e5-5c68-4c70-b03e-df8bb1c3afaf,1
12408,ba559ed5-86f7-4c81-9f2d-570abd691e56,1
12409,ba5732c9-41f6-4969-8b35-7e6f81f2b662,0
12410,ba59e9bd-dc85-40b6-8341-51f1d559f4ec,1
12411,ba6688e1-67ef-4bfa-975c-ef4757b1913e,0
12412,ba67be50-91ec-4d3b-ba87-8f5d950f709f,1
12413,ba71a1f9-3382-4a75-97f4-7c0d634af8d5,0
12414,ba738a76-2246-4467-98f6-8150c171e28b,1
12415,ba741db1-dfaf-435a-ba04-d4d6178c3447,1
12416,ba75c58f-8f95-4f9a-b10c-ccd9b21528ca,1
12417,ba7694fa-88e0-4eff-8b86-c51d8f241c4d,1
12418,ba864ec4-6d34-4238-9fa7-49a44c2719e6,1
12419,ba892115-7a50-4ad8-b77c-b60808e4b415,1
12420,ba89968b-e32e-42f4-aa1a-778ef3a1cb15,1
12421,ba89ef6e-8a37-4102-b068-4c03a492fe7c,1
12422,ba8a3a59-efb3-496a-9074-201830654fbb,1
12423,ba8a90e3-de7e-4cf2-bcc3-348e8bcf8608,1
12424,ba8e0627-37fd-4a65-8c36-c448bee40158,1
12425,ba93c061-e6a6-48cd-b0af-2652a71b94df,0
12426,ba9977bc-3692-470a-9cda-1af9842b5617,1
12427,ba99e8f0-dfe7-47e1-9927-09b66ed5175f,0
12428,ba9f43a1-3e67-4771-b951-d313fdcd9168,1
12429,ba9f98d9-4e1e-436d-8c53-d2fa8dc87e90,1
12430,baaa7518-81de-405b-8cfe-68116355bddb,1
12431,bab4e6f4-b41e-43cf-aaac-d17086d958c5,1
12432,bab7cc8f-8843-4aa1-8b6d-0b80b49ee062,0
12433,babf55ee-9589-4392-87e9-aa2f956465b5,1
12434,bac00a3c-c0af-4c9b-8a04-4cd865ba076b,1
12435,bac44404-2551-4173-b16c-eb3a793c64fc,1
12436,bac4c753-fcc3-40b1-b832-8a8da94d4c1d,0
12437,bac4e921-cf3c-4597-8368-571d0b39ab1d,1
12438,bac5b432-a0a0-44c2-8508-0d414e47d19e,1
12439,bac5bf9e-c928-4202-ae4e-0164e6e66538,1
12440,bac61a23-d676-41d6-8133-512fb21210d8,1
12441,bac8800b-da56-4c0c-85ee-0c1d006b7341,1
12442,bacba789-92a6-4bc7-bd1b-c038b5ee32c5,1
12443,baccf41b-e49e-4b0f-a7ec-1d02dba8913f,1
12444,bacf3be0-0e79-4ced-80fd-0a42f65d66d6,1
12445,bad4b5ce-6eea-4fe8-84c7-22fd720f72b7,1
12446,bad7be9e-4e48-49b3-b292-fd0512263cdf,1
12447,bae0e68e-f184-4972-b60b-21ef2cf85e7a,1
12448,bae25526-e1e6-4778-8c69-2e7fa95b5a30,1
12449,bae6d461-12de-4e82-8c58-62031fc2a5f0,0
12450,bae71c3f-2934-4989-b0fc-ebb1db2a6dd4,1
12451,baece14f-e0c3-4a38-a9e3-a0dbe0026987,1
12452,baf743ac-ba52-4192-913b-b267099bce6b,1
12453,baf8c1f8-61c7-43c2-8d31-37457ead4398,0
12454,bafb79be-150b-4d1b-8ba3-1c7b9766c3e7,1
12455,bb028051-d6ab-4747-bd77-b2a4f3c47997,0
12456,bb089b8b-dd55-4cdc-8401-51131f9a7e48,1
12457,bb0f5005-7001-4959-a922-d7a56f70bf11,1
12458,bb11b3eb-182d-4774-81a5-fdca51f30e61,1
12459,bb122103-b416-4eb0-8e55-628afa505fca,1
12460,bb187afb-cda5-44db-8f76-afd712b5a693,0
12461,bb192928-26bd-46ab-99f3-21862f991405,1
12462,bb206b26-097c-46a6-8dac-7928b30c7b90,1
12463,bb22cb32-21fe-4a86-bdab-711c537e3992,0
12464,bb255dcf-0781-4c7f-be31-25c3d8c10a80,0
12465,bb2701ab-7d89-4359-9a03-b3af71428160,1
12466,bb288890-915c-4dc3-b083-b9ed48414491,1
12467,bb2f6e5a-c662-48bf-acb1-d175a0699293,1
12468,bb3175aa-8415-4115-998b-06b292f3ce2a,1
12469,bb348d27-bdfb-4728-8292-725c987ee576,1
12470,bb350cb0-23bb-414e-b21c-f92d75235418,1
12471,bb37c3ac-5c92-49e6-bdde-607eb186ccf1,0
12472,bb3b6d3a-6694-4279-b1ca-3d1bc9bd8991,0
12473,bb4614da-5acf-42d5-a130-a9e379368118,1
12474,bb4a196e-eae7-448c-8da6-c875e7254fc1,1
12475,bb4b0a4e-06ca-4974-a59d-ccbc54115380,1
12476,bb4d0cba-eaad-4339-8a58-7e2685469992,1
12477,bb518a1f-2923-44f4-9aec-a65a98f81f17,1
12478,bb530288-cd0a-4932-88b5-0c956b7e2111,1
12479,bb5bc6b1-7928-4be6-8df9-3a12f7a228d5,0
12480,bb5ea64d-ba9d-4927-832b-9ebb2f76c8f3,1
12481,bb5fb46a-32d5-48ab-bc96-5fa3ecac85e7,1
12482,bb638091-de6f-497b-a5a0-63a0133a3468,1
12483,bb6c49f2-53e9-468c-a4d0-e12ca210a052,1
12484,bb6d12d0-c301-4fb3-bc65-db2d9149be80,1
12485,bb70070d-6b95-4aa5-93e3-3095d4bd3413,1
12486,bb7396e3-4f5c-4c7b-ae46-430237ad852f,0
12487,bb75536a-9534-48f9-9d3e-191f64c27035,1
12488,bb78edc7-f30f-436f-996e-91a4c43c5338,0
12489,bb7dfe91-6fe0-4159-bd5c-d83b3544b388,1
12490,bb7fa631-26ae-4c5d-ad9f-a301a8c90530,1
12491,bb839d66-6685-4706-a78f-b5d470abf15f,1
12492,bb8aa7d2-692d-4608-9fec-831626cd0bdb,1
12493,bb9993cf-18e6-4390-89a6-d9f0d7a07a5c,1
12494,bb9d809b-3e5e-4179-9e29-6da50c0aa57b,1
12495,bba5bfd0-d845-4125-985a-9ec9088b5122,1
12496,bba9bc7c-bed4-4c68-a272-14c69e281eb3,0
12497,bbb34226-bc37-48b9-9912-ecb351a15007,0
12498,bbb44688-97a6-4a2c-95bd-da348a8c43f2,0
12499,bbb58e61-e82c-4f09-bbbb-433769f5cd96,1
12500,bbc12e75-b209-4ec6-bba4-ea5e1cd7be3e,1
12501,bbc6fcbb-d21f-47f9-b5ca-29fcbe362f20,1
12502,bbc9fd07-f9fd-4072-a24e-ff37f589b846,1
12503,bbcaea6e-8418-41c2-b0ef-8f2c68a79cb5,0
12504,bbcda75a-81f2-4c60-a969-353388d3fcde,1
12505,bbcee3ab-e5f2-4a81-9400-e73d94f7b33a,0
12506,bbd0e5da-fcd8-4cc7-917c-47f50e41f835,1
12507,bbd10782-b289-433b-97e5-b8633ed05aec,0
12508,bbd3bab5-5fea-40ad-a30e-72c45110994a,1
12509,bbd894c2-10f1-4eb2-9056-64536eb382c2,0
12510,bbd9c1c1-1a99-4adc-8f36-3bc22db4a55d,1
12511,bbdcefc8-9d34-42ad-b7d2-040009015b6a,1
12512,bbdd6dd3-881b-48a2-ab6f-14c9efc78cd7,1
12513,bbe67975-988b-4ecb-8b33-e362a901e4c9,0
12514,bbe8e79c-754f-4cf8-a674-7afe8a206c6a,1
12515,bbf1086e-d6ba-4a10-bc25-7e75936d972d,0
12516,bbfa9d1d-0fee-4ed1-b148-0f2273325468,1
12517,bbfaa135-6903-40cf-86d2-c4031fdb3e3f,1
12518,bbfbed58-e257-4707-b345-b3f668466bff,1
12519,bbffd8d3-d645-4c6e-b5a0-4c723b2a88aa,1
12520,bc02dc57-40eb-4365-9a1e-094a36d7afb4,1
12521,bc04c626-25c3-41c7-b35f-0b57cd6f25cb,1
12522,bc064c94-6184-4e10-b4ec-72ab5699bb13,1
12523,bc0b804d-652d-4510-b21e-17129326fbac,1
12524,bc0d7190-3c6f-441f-94c1-50b8f3084768,1
12525,bc0e0ff2-ac9e-4523-a67e-a058e5bb260b,1
12526,bc1264c6-0df3-42bf-8934-43d32934a44f,1
12527,bc1383d9-a64f-4941-8edb-2acb0761c466,1
12528,bc193e77-c417-453f-bca4-71116316007a,1
12529,bc23406f-14b7-47a0-ae09-41e122e95a8b,1
12530,bc2578f0-042c-4a2b-8d05-08da74765453,1
12531,bc257bff-a31a-49d7-8324-9d9c702f39d6,1
12532,bc30625b-9905-4b49-ae93-c95f6f272991,0
12533,bc30e3be-72e3-4710-9da4-43e089f366ab,1
12534,bc32deab-99f6-4554-90bf-24118373102f,1
12535,bc391b17-18e0-4413-afc6-95ba9fdaa9ab,0
12536,bc3b7ef9-1415-4da8-9436-c012fe4e3f28,0
12537,bc4067c6-763c-489f-96ac-190b52446a0d,1
12538,bc422e28-01d0-4e5a-b771-e237fc634398,0
12539,bc473a4b-1de4-4607-acb7-a75d2caf748c,1
12540,bc4dad1c-f9fd-4bfb-89f0-d3df5b98e7ef,1
12541,bc4fc348-b08b-41c9-90e6-4734986257fb,0
12542,bc500083-2705-4ee9-b638-e6b21c19a5bb,1
12543,bc503712-d89f-4c4d-b8c1-4c70d9bcd657,1
12544,bc512dc4-0e0c-4963-9110-6e6741681d45,1
12545,bc53bcfd-6dd0-44b9-b19d-f4528ab2e180,1
12546,bc610aae-2fff-436f-81f0-060530ccc88a,1
12547,bc6bcd39-c25a-4d89-b663-4427e0cdd81e,1
12548,bc6df1a9-b1bf-4d60-802d-1e9782be7c4f,0
12549,bc74d45f-0d6a-4319-97b1-0b945e33a139,1
12550,bc7baf28-e8d3-4b0a-875c-97f8c539411e,1
12551,bc7cc83c-3a3c-40c5-8612-8001c82ec514,0
12552,bc7dabed-218c-4ca4-bda1-1ca8e2bc4cd0,1
12553,bc8b8472-38f2-4696-a293-20641724f9bd,1
12554,bc8c1b81-60fc-47e3-a82d-6b660a8b113e,0
12555,bc8cc407-39ee-42a3-b6a9-5dcb52894464,1
12556,bc8ea03a-be09-4faf-8a32-44f3873b2730,1
12557,bc90cc3e-3f11-4aea-a9ea-7ff3ad5d77ae,1
12558,bc9345c3-ebfb-4157-b693-036571dfb4f8,1
12559,bc956355-974d-40e3-af10-6b17bd68e39b,1
12560,bc97f2b0-d32b-40da-8a2e-a82662e60e72,0
12561,bc9aa269-dd26-4632-a34f-38f960dcc284,0
12562,bc9dfbf5-b016-41ca-8085-1e4ba9c340ac,1
12563,bca610cd-2d7a-4bce-9736-6f781ac23b0c,1
12564,bca8f107-9f91-4d2a-9fd8-5a24562d78ec,1
12565,bca966a0-eb14-4c89-918c-ffc4b1008299,1
12566,bcab4ea7-7648-4c25-86ad-92c68eb28e46,1
12567,bcad8c20-9bcc-4966-8bfd-c72d192b5b99,1
12568,bcae6401-85ac-454b-99ba-24b5d60ce6c5,1
12569,bcb8aca8-7bb2-4f42-82e5-1e20321582b3,0
12570,bcbfac23-3207-4b83-878f-173ace36ddc8,1
12571,bcc128fd-b70c-4a7f-853e-07b20b59bcfc,1
12572,bcc3e250-02c5-4671-abc9-35f760c666a4,1
12573,bcc49e9c-c8e4-4477-bceb-34747910b21e,0
12574,bcc4cbb1-cd92-4998-9027-5d72be6c376d,1
12575,bcc6d082-b02e-4d10-8333-ad586424d147,0
12576,bccf8871-8573-4633-a07a-e2937954654e,1
12577,bccfb021-96e5-42f6-a36e-ba8edf800e0e,0
12578,bcd2d201-f120-41d5-a921-542597438848,1
12579,bcd4d8e4-c8af-444d-bcbb-10646095f8d8,1
12580,bcd6e9e1-7bb8-480b-aeff-494278d6ecc6,1
12581,bcd7aa4c-c426-42bd-a3bb-0b8da217c75d,1
12582,bcd7ef3a-af72-4817-9a3a-ebffdcc22f62,0
12583,bcd8f829-efb0-4851-84b4-68e995925a48,1
12584,bcd92029-82c6-4d7c-b462-a64adacdbd63,0
12585,bcd9710d-8150-4242-9e9d-cb75472806da,1
12586,bcdfd3e3-0cde-43a5-97be-121a0b890d15,1
12587,bce322ad-7d58-4d06-bda6-f35d865a2666,1
12588,bce50d02-d8ce-4266-816b-f6ba786f2f73,1
12589,bcea99ab-4921-41a7-9778-35fb122ad354,1
12590,bcebcd41-c5b1-4704-b539-7e7158f23dfe,1
12591,bcf3981e-f8ef-4dc0-aaea-69ce909e797b,1
12592,bcf6114b-20b0-42e3-869d-aadc4cf86e1e,1
12593,bd01a7bd-734b-4623-9189-318e77b4e28b,1
12594,bd0357aa-8cd9-4b6f-b195-18b3b60ff5dd,1
12595,bd0a6e13-1cf0-4d86-ab68-52aa7c8c515c,0
12596,bd0ee03f-752e-4f67-89eb-38b87db0bd54,1
12597,bd15a6d9-1839-4b7f-a4d5-eaaf58918444,0
12598,bd160788-6cb1-4bb8-97c5-40331de0bcd8,1
12599,bd171346-5096-443a-91d5-1e0ff2050be6,0
12600,bd1eeeb2-eee6-4f82-8e68-4fa5bd37a303,1
12601,bd1fbe4c-62d6-4030-b615-8a8eee558b4c,0
12602,bd284f59-023b-4228-90bf-59b3826969a0,1
12603,bd292925-7ff7-406e-bb14-ee9dc608a8b9,1
12604,bd2974c9-6e82-4c28-b813-0b417aa99fad,0
12605,bd2a4b57-21a4-405a-a558-0e921ed5c3a2,1
12606,bd2da973-679e-494a-b9ef-837450c4a5cf,0
12607,bd3e5565-010e-4ed2-90d5-87ec2b4277eb,0
12608,bd3f7f8e-4613-414b-b444-cc8b0dd96a3a,0
12609,bd4ebad4-dfa8-4abd-9b45-7ae5346bb573,1
12610,bd52b5e8-c42d-4b11-ba88-476fd58e6694,1
12611,bd53dda3-4284-4633-be00-05ac199c81a9,1
12612,bd54e729-7ea6-4ce7-9f7d-2427434374bf,0
12613,bd5929c2-1195-4c40-a20e-61446fd61828,1
12614,bd59f02b-50cc-4085-8fc3-d69cb84655cc,1
12615,bd5a4275-0c0c-4156-8e49-be06159a38d3,1
12616,bd5f0ad3-150c-4115-be2e-11a253d46d77,0
12617,bd65e042-3b89-48b2-aaba-1b2f780e9395,1
12618,bd67bad0-0605-4008-ba40-1fc35a8464c3,1
12619,bd688887-2d44-46ef-b792-91855094eac7,1
12620,bd6ba162-b968-45c6-8dd3-dc9fe8f1d988,1
12621,bd72eb9d-a70a-4b0d-a037-264f16b5b68b,1
12622,bd770df3-228e-40b5-8d7e-74d5a779c588,1
12623,bd7c739a-3a99-42c1-a575-57f958f7fd55,1
12624,bd81574b-2f2e-4f86-a939-78e9de44bd82,1
12625,bd85cf4d-77e4-4d3d-9c26-7246fcaa9044,1
12626,bd86388d-4d2f-4127-8503-bfc79f610748,1
12627,bd88fbe5-2932-4378-8df4-def264f9de96,1
12628,bd9ee8be-ff29-45de-8ed2-846bc6e8aa9c,1
12629,bda75e97-60d1-4a25-8d37-df338cde0540,0
12630,bda8ef19-f21e-4b99-aed4-349b17e11c0b,1
12631,bda93490-0712-4415-b010-a94412ee5f4a,1
12632,bda9e743-9d57-48f3-a5d7-1441f9e9ec51,0
12633,bdb40730-9c0a-4d45-90ee-89420b532672,1
12634,bdb72a0f-0e8b-45cd-94ef-a6e6028b03f3,1
12635,bdba7c4d-913c-47ee-aac2-d08558047ab4,1
12636,bdc68b69-c84f-4811-ad6f-15e509af0596,1
12637,bdc95875-2919-4267-a2e7-946689218035,1
12638,bdcb24b9-d4bd-40e9-93e8-05d340029569,1
12639,bdcbc369-b1e0-4a1d-aaaf-4ce492f5568a,1
12640,bdcca0a3-46ce-437a-af23-d25d76ca9645,1
12641,bdcccfaf-8593-4bcf-b4ae-858fbeef59e8,1
12642,bdd14bd2-0275-4a93-8dad-053bede5ccb6,1
12643,bdef7689-33e0-44c1-8db4-14a6ea39b14d,1
12644,bdf39034-bbaa-40f4-9784-5a41be5ec3b9,1
12645,bdf4461c-9b2f-4c8f-bebe-3058aad76232,1
12646,bdf7690f-17c9-493c-ab88-5c6449bb697e,1
12647,be018fa1-1e9a-4a07-b997-adca12b5bb57,1
12648,be055afd-535e-4f4b-82a7-2b41c116206b,1
12649,be0b0328-2c6c-4e8e-9b41-839b85524242,1
12650,be0fb89a-3b8c-4598-89c4-3b0beb83636b,1
12651,be100662-9f50-4c6d-b027-53c287d6f428,1
12652,be117852-4fb7-4abe-ad0d-b031c6a1c9f7,1
12653,be12c420-7ab0-4b36-bced-0a8b46781d63,1
12654,be1501e9-c0a3-43cf-95db-a63fa94f2502,1
12655,be157b37-7c57-4541-8985-d2f95fc83e38,1
12656,be17aec4-52af-4d33-868d-9001fdbfc15f,0
12657,be1dec79-a4af-45f4-88aa-1cbbc3d81d7f,0
12658,be27a3ef-3f1f-45a8-aae4-9b36bb112eec,0
12659,be28f4e6-79ae-4017-8e1a-9f92a364666b,1
12660,be2a807e-f4f3-44d2-8430-ef71d27a1e4d,1
12661,be2dccf6-7249-412a-856b-fc99462fce71,1
12662,be34e74b-3412-4f4d-b95c-d17396cf7946,1
12663,be381da1-d73f-48df-9d32-3d7d526ea2df,1
12664,be39b262-0041-4d88-af48-794dd04f1ece,1
12665,be45126d-381c-4d34-9485-d15965522825,1
12666,be469d01-c5f8-4cb1-9fe7-367eaefa747f,1
12667,be4744e2-2d85-43b2-a236-2ac4d14083e7,1
12668,be4ca2dd-faad-40ab-a972-c73820536168,1
12669,be51fe7a-df1d-434c-ab55-96034e2b9161,1
12670,be53d5fb-035b-4c2d-8722-0e077bd58775,0
12671,be55a70f-c09b-4894-828e-cb7444b33b50,1
12672,be55aa8a-d129-4440-a95b-d2fcaf223495,1
12673,be689967-c16e-464a-8d2a-6f7a9b6e4589,1
12674,be6d9af0-e015-4c78-8ade-e7d9d8cbf512,0
12675,be72906d-07ff-4647-8476-4d08955a120d,1
12676,be7bd646-68ac-4ad5-bd50-937c2de038aa,1
12677,be807a2e-1fca-462c-8dfe-aafd1657a4b6,0
12678,be88cfcf-c82c-42a8-97b2-cea2ea819b89,1
12679,be91de65-358b-45ce-a7e1-3543db5f1fcb,1
12680,be9cb77f-105e-456c-a21d-bcd41430fcf4,1
12681,be9dd834-31e4-4288-848d-df8500df48cb,1
12682,be9ff526-3301-4839-a6f5-4a8c52035ae7,1
12683,bea1a51a-069b-46b7-b2fb-e19d8a63b77f,1
12684,bea23343-34ff-43ca-8a2e-519e228d68be,1
12685,beaf5ff2-2e87-4ba4-950d-1a576f9a2d6d,1
12686,beb1909c-0785-4181-985b-a85d976f66a2,1
12687,bebbc11e-745d-4d8d-8896-57bbcd6e0f81,1
12688,bebf8296-a187-4b06-aa0b-952b366aabcf,1
12689,bec047a1-4b5b-4811-ac0d-78af1de30133,1
12690,bec68962-7cd1-4f32-94e6-ac598e56d0f2,1
12691,bec8403f-6832-4b67-8dcd-5dc40d4e251a,1
12692,bed2d9f7-5cad-4101-9968-8c50b7482a35,1
12693,bed383f9-5efb-4efc-827b-ccf8c110d643,1
12694,bed9679b-3a44-4c69-9941-a8fdd480fd6b,1
12695,bedd3dcf-f6dd-4526-bd88-bae167e8e8ec,1
12696,bede5a61-9db0-4c06-b61f-12bb36ff43be,1
12697,bee00fcb-800a-495f-b439-16b6cb2e52cf,1
12698,bee4e5fa-cb9d-4fc6-b929-414431f1f5c8,1
12699,bee6c91a-fda1-4f50-9e4c-68f43ff14e66,0
12700,beebd462-0eee-470c-b909-690dad8b2cf4,0
12701,beef3b52-075b-40a1-8100-1951cf31e628,1
12702,bef05a02-d1d9-40a1-a618-267aecd2ebfd,1
12703,bef41916-8ea7-47a4-982e-57e61d2703ee,1
12704,bef43212-d75c-4e2b-8480-ee1455146604,1
12705,befb859c-dba8-4ce3-a40b-d9d4653af594,0
12706,befbe0f3-b681-4c19-8f24-4b982a9a6715,1
12707,befdc996-1b16-4744-907a-299e4363ab6b,0
12708,bf05c1b7-7e26-452d-a4d5-4b8514850be0,1
12709,bf0e8de9-2611-4a5a-b245-c50a5768634d,0
12710,bf0fb4b2-5bed-4f43-bea9-29eaf4e0b6c9,0
12711,bf108c84-f9c0-4789-a65b-46e78f07ab3e,1
12712,bf10a06f-83b7-4f36-9cda-cafd0221d2cd,1
12713,bf16ed1e-1f71-44c1-8799-a71e91611b2c,1
12714,bf259677-9d7d-495b-b1ce-741b8410dc92,1
12715,bf27655b-8e13-4ad3-8e2d-af71b4f08c23,1
12716,bf28c29e-3314-4675-a273-529e360e1053,1
12717,bf2f9c9c-cf31-4487-87fa-6c0a375414f4,1
12718,bf334ff3-6754-438e-a71e-32b3b2f730da,0
12719,bf342f68-b56d-43bf-816b-3711296e7165,0
12720,bf40277f-5980-4008-8360-b341e02393a6,1
12721,bf4c43b1-4176-44b7-a483-fb93f87c4488,1
12722,bf4dc457-d066-43d4-9f36-ab7287a08bdc,1
12723,bf526740-bbdc-4016-9243-1f3aa1f41187,0
12724,bf54759d-5025-4b21-b6bd-069c1e94d9c6,1
12725,bf5e3c05-8301-4ba4-a8d6-803c3fece589,1
12726,bf6c2901-537e-45dc-b288-482067ea14bb,1
12727,bf6f62dc-22ed-4e4d-a90b-8cacfd439dd4,1
12728,bf74aa6a-0f27-45cc-9bc9-9867e7a39b3c,1
12729,bf754495-c45f-44fb-992b-3aedfe056359,1
12730,bf77fbf7-7d1c-42c2-b621-ed893723e9cd,1
12731,bf80a8c0-937d-455e-8358-c04d2469fa7b,1
12732,bf836226-3763-4054-aa61-0200381dadad,0
12733,bf858f94-f5a6-4f97-a15c-de40ebe699aa,1
12734,bf8d9d16-9e01-443c-a02a-086e9bb927ed,1
12735,bf970f5e-95ce-4d6f-8a6f-92e8dfe85080,0
12736,bf9a91d3-854d-40d3-805f-3a7687237e30,1
12737,bf9aa7ae-639a-4f4c-9bed-5b26fe3d1ad4,1
12738,bfa3b62e-9426-4dae-8d75-8e0ed492a922,1
12739,bfa8aada-1dde-4def-ba1f-55d8e818f25a,0
12740,bfa8b77c-d72f-413c-8c9f-0d64bf49d899,1
12741,bfab00cd-c1bc-47b1-87a3-593646353d95,1
12742,bfadc6b7-2922-4b6b-b4af-fa81d79085f9,1
12743,bfae7527-a68b-4169-ba64-3397ca616975,0
12744,bfb3e9d5-5ed3-4ff3-9e4b-00589bfa2819,1
12745,bfb69dfa-525f-4354-b65f-c53564963f32,1
12746,bfb82694-97b8-452f-97e4-b30e9eca7bf2,0
12747,bfbbbcd5-0691-4afe-8677-62334a2b1ab6,1
12748,bfc5c070-6b28-4372-ac6b-87f38b398e31,1
12749,bfcbae27-c849-4d35-8ae1-e76eef7a483c,1
12750,bfcd1b46-4593-481a-a018-11e6c25047b5,1
12751,bfd5401a-ea54-47af-89a3-c36109ba8d2a,0
12752,bfd9b2a1-89e5-4a96-8870-5cd101a9e020,1
12753,bfde0da3-ad4d-4c35-a4cf-8074a359e69f,1
12754,bfe02b39-b424-42c2-93f5-ecca464e1a6d,1
12755,bfe2409b-5ce0-473b-a7d2-2379848d4db7,1
12756,bfe79a9b-ec2f-44a9-9dd1-8d780725d5ae,1
12757,bfe90cbb-04fe-48ec-a41d-d9865e4b197d,1
12758,bfeb8f07-82c8-4e31-bb26-d2f7daf339e3,1
12759,bff5731e-9f6f-4bf4-8e9b-3d0688e40fab,1
12760,bffd446c-2574-41bd-8793-aae475d457e8,1
12761,c005eede-f329-4f86-9bc4-ece4ca486fb6,1
12762,c00744e0-f11b-4b78-8077-cca7dd3ccfe2,1
12763,c008ac2a-74a6-4251-acc1-ea75e014ae44,1
12764,c00d1b98-38b4-4b7e-8561-44776bca301e,1
12765,c00d31a4-ea4b-4067-bb85-a7261243e495,1
12766,c00e5969-9614-4360-881d-5201ed9efc76,1
12767,c010a4d3-163d-4cb0-8dfa-0da438ad210f,1
12768,c0133625-11ec-46d5-8e99-2197fdb20a60,1
12769,c0148cc3-b4d7-4286-b792-6f335ebe5597,1
12770,c01e0092-9088-4bb6-8033-3a6ed2232402,1
12771,c0236af9-d6a1-4eee-8640-fe628c76205d,1
12772,c0308df9-1cc9-43e1-9bd8-8de1d7bf90a9,1
12773,c03258b5-82a3-444b-90b5-71877e7a2595,0
12774,c034eff9-ad19-4799-867e-a0c4d5b5ab89,1
12775,c03a824b-695e-4ec5-9472-ca6107265d11,1
12776,c03b2863-d9c3-47cc-afb9-92abbee3c9d0,1
12777,c03f7619-3e31-413b-8b0d-5f7b8ca106d9,1
12778,c0401b0d-0b71-4595-8db6-d2806cc51c69,0
12779,c0416c6c-98d2-426d-8785-54172a20e6fb,1
12780,c04c3f95-ce26-4201-8112-52ac15d66190,1
12781,c04c5482-3d1b-457d-97dd-4bab9417ba51,1
12782,c057fc05-c833-41c1-a77e-9102063f3633,1
12783,c06303ab-efa7-4247-8b6f-074c8699a317,1
12784,c0650284-a647-47a0-a52b-ce95373e963e,1
12785,c066b62d-2cc3-46b4-91a3-e17b8a4ea907,1
12786,c069da68-96c4-41e5-a2bc-b4dc131a7c31,1
12787,c0713543-a236-46b2-8055-b241da10294e,1
12788,c0720524-6593-420a-890a-6245f0f2d7b5,0
12789,c074b627-30cc-4076-b4aa-f77224881cd6,0
12790,c0751229-ec28-4cbd-ad7f-39b5ffda4be8,1
12791,c0758273-7107-470e-b7fd-3e0456050524,1
12792,c075f123-f48f-4232-918f-3cbb80611e3b,1
12793,c07b4cdc-f7c4-4635-8889-1759d95e01a7,1
12794,c07fcd66-4b2f-434e-8e45-a567574d1f82,1
12795,c0856573-aa27-4963-a3f8-c599de4eddb9,1
12796,c086994f-f9cc-4cb9-ade7-76662f50c27d,1
12797,c0875147-79f3-4e66-8d6d-dad607b0c693,1
12798,c0881221-9238-4d62-b058-e548e23e3803,0
12799,c08b2d93-58f7-4ca2-ab4e-959889ac43ab,1
12800,c08f4636-d163-41d7-ad60-52b606e1a9ee,1
12801,c09063cb-2f07-4362-9524-000fc3858c22,1
12802,c090821f-0574-4db5-95af-265787acb95a,1
12803,c094cd79-cde3-4dbc-bf26-e9362c0e5c9e,1
12804,c0991ddc-93c7-4c94-b440-fa7d3efeb0de,0
12805,c09a0e3a-0cf9-436c-ac8c-bab06ac028af,1
12806,c09a82ac-67b1-4bd7-b20b-9f3dd1e0708e,0
12807,c09ae36b-208c-4f8d-b2d4-7ff547ffabc4,1
12808,c0a218d2-256d-41ec-9a97-b54293750a7a,0
12809,c0a4838a-84d4-4b1b-868b-4e9a86c79a81,1
12810,c0a86b5d-774d-4c63-a18e-9b6f439ee96d,1
12811,c0ae1375-1992-4f42-a85c-7c9b97d6dde3,1
12812,c0b130a8-9056-4442-91f5-81185466d860,1
12813,c0b20a83-1d60-4bdb-a40b-ab6e57df0af0,1
12814,c0b2ba3f-5d4b-4013-be74-1f887e508ba5,1
12815,c0b4b407-b11c-417e-a309-e052569e4c5f,1
12816,c0b5c91c-bc13-4ff6-a7b4-640f39cf69aa,1
12817,c0b69f86-7c3c-4684-8349-67a4e998d917,0
12818,c0b82887-dfb5-491c-93a1-fb458fb74823,1
12819,c0b9177a-a9f8-44d5-9d68-7505dca8adbb,1
12820,c0be5f45-33c7-44d7-a901-a9452cf6a42a,0
12821,c0c7d755-3663-4ce5-a2f9-b7921b474d36,0
12822,c0cb3e0a-320e-44d1-b961-0d7720fa841f,1
12823,c0cbcef7-cb69-4a0e-9915-5a764294497a,1
12824,c0d3d0e0-0fb9-461a-a997-6f04966ceb97,1
12825,c0d5b2ec-9682-4d91-8f49-be650a0513be,1
12826,c0d6b362-9e69-4b98-887a-343306a31f3b,0
12827,c0d70436-5a0c-4587-b06e-ca5e4623eda1,0
12828,c0d9ccbe-c4e5-42db-ab56-8762bb2c97ac,1
12829,c0db4a86-4f50-4a76-96a2-351a70865703,0
12830,c0e2b660-d703-48a4-8420-b15cdbeae55f,1
12831,c0e7245d-2d7d-4fd1-ac2e-e59ea51275c0,1
12832,c0e8b99f-7a4d-4c9f-8b4e-a5d2ef1f2768,1
12833,c0e950c5-643f-45b2-8be4-c3e3fe6f7075,1
12834,c0f2e1f0-816b-4004-9d5e-3c263a91107d,1
12835,c0f9ad25-ce59-4bd0-a891-bf577fa61442,0
12836,c0fa308d-5a58-43dd-a0b8-ef46b94b2bf0,0
12837,c0fcc65e-c38a-407f-aa08-8ca1046f2158,1
12838,c0fff6cf-a83e-4ce2-8e10-9ebcae4c944e,1
12839,c104e362-58a7-4c35-afc8-407f49bbb8f9,1
12840,c1077624-5c2c-4231-9752-c1567d4f3c1f,1
12841,c107c0fa-37c7-4d55-8d6a-61b416bf8661,1
12842,c10d1c64-2384-42c0-82b6-c19145b95ea2,0
12843,c110f18e-442e-4cd0-9873-ff87b20cdfa0,1
12844,c112775d-ac71-446a-9c13-de6468256da8,0
12845,c115af89-e4ae-4d49-9581-9a8716f8d36c,1
12846,c1204cbf-2724-46cc-810c-52da72ec64b9,1
12847,c12387c3-fdef-44e6-b525-e7367b51a04e,1
12848,c128c1ba-4905-4a6a-846d-c148b7bd0734,0
12849,c12de97a-0b8f-44e0-ae9a-0fa9bc6e92a0,1
12850,c12fc34c-b62f-4fba-a25a-e3dd5b2131be,1
12851,c138a699-7fb3-48f2-ac1e-9aa5dfe0196c,1
12852,c1406033-89f1-4bfb-91a1-02a846cc8679,1
12853,c1452687-30cb-4bd9-8e93-555651535fc1,1
12854,c145bb1a-e798-4c0d-bb24-c22d2ed4771c,1
12855,c1486593-edf3-4826-ab85-def035e0f9d2,1
12856,c14dd4bc-fbe4-4eec-beb7-eaf9c5979947,1
12857,c14f41f2-c3b9-456a-a2d9-f042b0a08153,1
12858,c14fab4c-020f-4c29-8b26-3be7b19583b2,0
12859,c1520765-d9ca-4ea1-b966-77cacec1eb8d,0
12860,c152828b-8110-41d9-942c-99c9f6e02962,0
12861,c1529108-3c41-4304-89c0-89dfc4e5bece,1
12862,c154a104-6c72-4bfb-bf61-29b8b936f28d,0
12863,c1577f4f-e2c5-4563-80d7-0c58b3a2e710,1
12864,c158bed0-ca0b-4bc5-a6b0-adb604ed27d7,0
12865,c15f563d-30ca-4eff-9a22-9cb2eb175c3a,1
12866,c160b980-6448-4b7e-929d-e2973efe7fea,1
12867,c16205c7-8d47-44db-9f6b-ecdd401e7b31,1
12868,c1650697-71da-4648-9a21-ec05809c1969,0
12869,c1652500-33fc-45c8-bd3a-51bc97495898,0
12870,c16cebb4-d7d1-472d-885e-a4a5c11d9f26,0
12871,c16d04a2-250c-4268-9226-7f469e5c6c0c,1
12872,c17222fe-4c95-488b-ace7-54592472c1f4,0
12873,c17294a0-574c-4651-883b-dd3a000a157d,1
12874,c1764e06-80fd-4129-a975-327a96b43933,1
12875,c1766877-e10d-4852-a489-edc81e1c6968,0
12876,c1772ed2-4a72-4a87-a0e5-31e8fdc9d458,1
12877,c1780421-9dee-4302-8c3b-1e9f97babf06,1
12878,c1877843-41d5-4b1b-afcf-be78fe2cecca,1
12879,c1891a10-fed5-4144-8aad-ed564d55b6bc,1
12880,c18c01ae-c1b1-442a-89f1-26de76c254d3,0
12881,c18f3f93-480f-45fb-ab02-d1ffea256c7b,1
12882,c1911fa1-d365-4b5c-adec-e1b6f4f1f2e8,0
12883,c1912099-382e-4129-a22e-010d12bc5973,1
12884,c1919366-6ed1-4ebd-947c-cfee235c8fc0,1
12885,c19290f0-fb73-4a7e-87c6-ab496cdc70d8,0
12886,c193d240-53a5-4c39-b0ef-220d023b4bf4,1
12887,c19505d3-e326-4545-b0c6-2da7dc842985,1
12888,c19a79e3-efbc-4d61-99a3-1a7afe1eed0a,1
12889,c19be0b1-7728-458d-80d2-ee5f469feb44,1
12890,c19e1e6c-8487-4c2b-9d84-10a3fe3f6eab,1
12891,c1a08f8a-648c-45ea-9f7d-ff0fa76fc7e3,1
12892,c1a38244-bcfd-4cb5-8593-261445a106cb,1
12893,c1a6e585-b489-4887-9ed7-5fb6eff8ec18,1
12894,c1ac9aac-bc3f-4534-a01d-251118137341,0
12895,c1acb460-b3eb-4492-a3a9-131179739052,1
12896,c1afe3b0-2e51-4dda-ac12-7d0f4a54618a,1
12897,c1ba6d4f-37b3-4431-bcf9-614d99d9a987,0
12898,c1bdf5ac-040f-4b68-b271-68b726ad8085,0
12899,c1bf84df-9b49-46a0-9e42-baefe5d41adc,1
12900,c1c73e5f-7ca8-4064-88be-072400c8ebcb,1
12901,c1cbd982-45b2-44b0-9b17-73fca3b96bea,1
12902,c1ccff89-bca8-4259-97c6-d48df4b49ba9,1
12903,c1d482a6-3cb1-41e6-a6bc-2a0cc530f608,1
12904,c1db3861-72a6-4959-bb66-375eeefa2cba,1
12905,c1df6e1a-352a-4210-b098-bca6d368e6b0,1
12906,c1e03a61-0aec-410e-bee3-408197a84180,1
12907,c1e20cb2-a463-4208-9492-f7fc4cf3d0f0,1
12908,c1e4aed3-6faa-4dea-959f-46cbc8a67c22,0
12909,c1e5702b-9772-4a60-8d52-038ab18cfdaa,1
12910,c1e7126d-fb3b-40e3-bd13-a4fb589b37a0,1
12911,c1ea261a-bce7-4f70-9c60-aeddd2a912b5,0
12912,c1ee3465-7817-42b8-9a13-cd7877b97c59,1
12913,c1f7d0c7-d335-405e-a3b0-ff31625a2bc9,1
12914,c1fa89af-9873-4a64-b6e3-eba53ec63f26,0
12915,c2065dd0-b647-46d2-ba2e-cc6403770ae0,1
12916,c218caa3-8ce1-40b1-9aa9-59f3bb98bd21,0
12917,c219df37-5ffa-4f8f-b18b-525c06c9137a,1
12918,c21f5df6-00eb-46f8-a8a6-d9510df14a6c,1
12919,c222c7c0-b947-4845-862c-19ab2214219e,1
12920,c230a6b1-433b-443b-9f78-58ac73dcafb0,1
12921,c230bf7b-b475-4b12-8e4d-bdb6f4dccddf,1
12922,c23393e8-c4f3-454f-8c27-8f633f3e6ffb,1
12923,c23c5ee7-3fc5-401b-9f16-f89fef6fee85,0
12924,c23cd922-12d8-427a-9d95-f79a7aff4515,1
12925,c24169fc-9b7b-488c-a95c-d140f93efff3,1
12926,c2439ed5-76c9-44cc-837a-4fe5094f9b1f,1
12927,c248736b-eac8-4f9e-90f8-ac49d5aef4e7,1
12928,c2501550-d526-4111-90e2-ef70e6805744,1
12929,c25635ce-8565-417f-9185-9b363d1ac6e8,1
12930,c25bf774-ad2e-46fa-b400-dcc93e9288f7,1
12931,c25e1b7f-ad6d-44ae-86a1-95530036a59f,1
12932,c26166be-df7c-43e1-9de1-c79edd7c07ca,1
12933,c2686310-e777-4309-941e-4fe2455a1df0,1
12934,c26dd91c-3b3f-4df3-859f-b458331c9d80,1
12935,c278821b-7b63-4a22-b2c0-5cf2d5766b2c,1
12936,c27bee1a-bca4-4e99-820f-f0ae6292b782,0
12937,c281b2df-1422-4a8b-868c-fe16f24e9b4f,1
12938,c28a5a5f-454d-490c-8caf-73a91bcfcdef,1
12939,c28ab2b4-aa47-4ab7-b7ec-8f106e62e8ac,0
12940,c28f1776-c54d-4778-bda6-e0b8ccfd753b,1
12941,c29139cc-0d05-48dd-8431-5361d4914ed7,1
12942,c299100c-b8e4-48bb-8bf5-5da7d595910e,1
12943,c29ddb1f-da5e-47cb-bb18-ac5277b1aae1,1
12944,c29e3322-e38b-41ec-8b42-7fe4f92dbab3,1
12945,c2a39b04-e6c1-46fd-9226-30114e7a3369,1
12946,c2a3f40d-4d34-4db8-bcba-5bb911f18988,0
12947,c2a6c250-c49e-4cf5-835e-87d4940f9d3a,1
12948,c2a8bd52-0e33-45ac-9ef1-35e9ba83b5d7,0
12949,c2a8c821-277a-4302-9440-f60d7364c3b6,1
12950,c2ae0b10-5404-41e9-ba89-199026a64c6f,1
12951,c2b1370f-ab29-4df6-a682-321d3c689817,0
12952,c2ba0d37-78e8-4051-8539-d50abc0f1549,0
12953,c2ba6695-7d9f-4ae1-a222-528d1ce51847,1
12954,c2bb02a7-6b45-40ce-baea-781934566216,1
12955,c2bd1ec4-f88f-4f3f-903a-d7451701ba18,1
12956,c2bf278a-a054-4c91-ad03-fe27f0e1d48c,1
12957,c2bff3a3-bfb6-43cf-823f-df899ccdc568,1
12958,c2c0c17f-f7f1-4dae-807a-873b9945ba38,1
12959,c2c5a7ce-40b6-4b1d-a71d-8a768d6bd7ab,1
12960,c2c62ad5-b343-4ec1-b6cf-25c86dbf661e,1
12961,c2cd571a-6136-4f64-a832-0948a013243d,0
12962,c2d11bfa-ff0c-4ab4-b00d-184010c081e3,0
12963,c2dba637-f1b4-4eb7-9256-0c57b556761f,1
12964,c2dde418-eac2-4b6d-991e-f3c3714a7215,1
12965,c2e58118-bb2d-4c5d-a67a-7fd4c1afd01f,1
12966,c2f038eb-f260-4349-a7e1-896f405c965c,1
12967,c2f7ebe8-8779-474f-8441-ec7db7665896,1
12968,c2fadc4d-dcde-4894-92df-c09ff9cd6233,1
12969,c2fd5ab3-a37b-4c7b-89ca-c253a3aea103,0
12970,c30ec0ea-2cd2-488b-99ca-9f974336df0e,1
12971,c30ededc-c6d6-48fd-a96c-017b192a4153,1
12972,c30ff03c-6f27-473d-bcea-77f9a84faab0,1
12973,c3124f6c-55ab-4035-93d3-9a2b68b8e4dc,1
12974,c3140851-f1fb-40d1-ad30-27d12c729c96,0
12975,c3155da5-9449-4a42-9c6f-850ac3127e96,0
12976,c316654c-5d7f-4c96-9653-8061fb90fd3d,1
12977,c316a0cf-f492-4372-8817-9cb12d0d732a,1
12978,c31967b1-3e98-4aa4-bf4b-e037349d71ae,1
12979,c31ba038-2b9d-483c-9130-ef75701c6740,1
12980,c327a79e-eb07-4489-b7a9-5462a0ede4c5,1
12981,c328e719-09a7-4fe0-9403-0dc9b808f91a,1
12982,c32fcee9-6526-4c3f-a5ec-9d8604337586,0
12983,c33214b4-dded-42de-a9fc-f1db177a5312,1
12984,c334113e-fdb1-4bb3-94c5-2a49d37be52c,1
12985,c3345378-db19-4f27-9046-1f4a61d91a3b,1
12986,c337d91f-b91d-41bf-9146-33d2bee06e35,1
12987,c339015a-46a1-45d5-b4ad-e3ccd7895625,1
12988,c33d43bf-61cb-4560-96dd-b6ee95d41966,0
12989,c343b73c-f287-40db-85ad-a77ba8a7a062,1
12990,c34758a9-5c35-4514-af83-114c2cddb98a,1
12991,c348d38d-fc57-4f8b-9fef-201015715835,1
12992,c367d42e-edbd-40d2-8006-9880c9367075,1
12993,c3690e17-5e28-4be2-afbb-c5f5a069bd18,0
12994,c36cf4d7-f876-4902-847b-99825319840a,1
12995,c3705b20-093e-4fe8-8845-10ef605f1ea3,0
12996,c3738146-60b7-4dce-99dd-47e507726e10,1
12997,c37d98ee-1a95-4980-8a81-116a411b858a,0
12998,c38dc033-94fb-4184-87dd-aebf487b6c68,1
12999,c38f0348-6ecc-4d07-8e96-0e1298de1e90,1
13000,c38ffeb0-54ca-4b6f-989c-ae66cf63eeb6,1
13001,c3903e06-7ec6-48d2-bd89-b5a795010104,1
13002,c398e7ed-203e-4497-a73a-2599a53207fc,0
13003,c39966ab-52fd-41c0-ad3c-17cdcfe82aa7,1
13004,c39a442b-ba04-4ad3-b631-fd2287e027e5,1
13005,c3a3b9cd-784e-4d5f-a3be-47b5e38de65b,1
13006,c3a75f2b-01e8-4436-a0e6-c97a386b3685,1
13007,c3a77c7d-22c8-4b84-9ef3-5ed184ec6fc6,1
13008,c3a7b582-2c7e-4406-88a6-7bb5281973b9,1
13009,c3a8b8ea-ed0a-4727-b82d-bfe518b4eb80,1
13010,c3a922f3-f3e5-4ed4-a500-8a51086a87bb,0
13011,c3aaa5e1-5ae6-43c1-a7e0-5a79dea07041,1
13012,c3aef2c4-6406-4ddb-a544-22ce0131f435,1
13013,c3b143ad-8c2b-45e1-9e33-3186b05a02e0,1
13014,c3b2755d-3962-4621-b636-2398af302fd4,1
13015,c3b6f999-557f-4fa9-93d3-96876bee9187,1
13016,c3c16202-cb06-4082-b638-517b180630cd,1
13017,c3c35bbe-ecce-4cf1-b99a-3ef9ae30276f,0
13018,c3cf5553-1279-44f7-a18c-20fa68256340,0
13019,c3d1b92b-9062-4d33-948a-037fc68903ef,1
13020,c3d204d3-f133-4eb9-b804-e2866caf150b,1
13021,c3d92c87-8cf1-4936-9d48-8b2d62593b22,1
13022,c3da5fd8-dcb7-430b-9d73-e37739dbafff,1
13023,c3db86b7-ead0-4808-a5c4-d29c37521475,0
13024,c3ea0ab2-a064-4a62-abbd-4eb16233e737,0
13025,c3ea6be5-c9ee-4808-ac8f-5bc3d5d14583,1
13026,c3ebf703-0de0-44ad-a62c-9a05dd73f7ed,1
13027,c3ef7473-31e5-46ed-bf43-eec2f08f7aab,1
13028,c3ef7f07-ad5e-4b88-a1c6-253f311d58b0,1
13029,c3f0e860-26af-48d1-a097-01859b9d3a06,1
13030,c3f37181-4c99-46ad-b330-48fdf86b8520,1
13031,c3f61a6f-33a7-47b9-a728-8739939636b5,0
13032,c3f88dc8-af05-41a7-bd1c-66214c56a3a2,1
13033,c3f9b965-dc65-4a10-a1d3-af09d006ec3f,1
13034,c3fcb503-85d7-462e-82d3-e03e039edbaa,1
13035,c3fd0f10-73d2-4b61-8022-0d1e591ee9b4,1
13036,c3fe669d-886d-43c6-a38d-697c057556bd,0
13037,c4005298-40a2-4552-9057-a77318de2d5b,1
13038,c4047a79-8233-4b56-8410-2004e313f5d6,0
13039,c404904c-fc5f-49a2-9cdd-444774926a60,0
13040,c4091f18-df92-4d1d-9f75-7d1cc5a96225,1
13041,c40c3731-1797-4724-b372-182d72fbaae3,1
13042,c4189758-65b6-405b-9ba8-725f82ca1346,1
13043,c42518cd-4731-468a-86d0-a96338124b81,1
13044,c42e25d2-7b84-4c92-9371-c8d6894574ec,0
13045,c43085a4-d76e-431d-b007-c66dc011eebd,1
13046,c43451e6-4b1d-4cd7-ba29-f065d2948f6e,1
13047,c4360ab0-248f-4617-ae5c-4ec2cee5f0f5,1
13048,c4363167-1361-4dd0-b460-ceb5624bca85,1
13049,c43bd77f-27ab-4fea-8b73-5a880df2eb69,1
13050,c43be4a5-4a94-4ae9-80e6-5ecfebd6b164,1
13051,c43dc01e-a920-4667-8dfc-b1c4f98d75b9,1
13052,c43f7af6-21e3-4840-861e-b3064fe51183,1
13053,c43fa1f4-d87f-4dc8-a448-d747c7d16098,1
13054,c4427f5d-7a75-4a3b-8689-8910702a0dc6,1
13055,c442b1f6-63c9-471c-80f5-2a21c61803bb,0
13056,c44461ed-7c2c-459e-8940-344074f5c9af,1
13057,c4472850-e055-40ad-a620-de4d0bd0f027,0
13058,c448a483-173d-45cd-9562-9032e7b4ad46,1
13059,c4510549-1242-466c-b085-5122d8993a66,1
13060,c4530a9f-fb02-48bf-a720-d680baa93330,1
13061,c459bf5c-5487-48b2-add2-ef4f3e7a74cf,1
13062,c465170c-4304-42b3-ac04-e4769d66b39d,0
13063,c46e8fc3-23f4-4884-aa4d-66a9bf1e31c2,1
13064,c471814e-b466-49b9-bb1e-20a8b6ac40a6,1
13065,c47205ad-a9fa-4352-a76f-b2182319cb24,1
13066,c4766479-c2be-40dd-84de-ad9fe5bbc30d,0
13067,c47669ee-6a1f-44ad-948e-2a20fe36f743,1
13068,c47894bd-6d52-487e-a269-f2501be665d1,1
13069,c479beda-a920-4265-879a-b7cbf15feb45,1
13070,c47be940-ef68-415b-86ee-cd4a14452b4e,0
13071,c47f0b0d-938c-4a77-a059-acaaca488609,0
13072,c47f941a-5668-4d33-bfd9-733eaea25679,1
13073,c4815f41-65fa-4278-9eee-0f3afdc46583,1
13074,c485d6d5-d8d1-49fc-a752-7dff2091d1b1,1
13075,c48c9712-a3d8-4ef3-9073-52f5f7c5bb2c,1
13076,c4906760-5387-48e5-8260-d03d952b5cc2,0
13077,c49174a0-6e21-4b26-8e86-b36f504a72af,1
13078,c491e852-9376-450e-aa76-f3e271c8420c,1
13079,c49579a3-5954-45ec-972f-85a9af67a3ce,1
13080,c4a3204b-eda4-4708-99a1-4b9c831e8dfd,1
13081,c4a674ff-8285-4a1e-97c8-3011b6558baa,1
13082,c4a7b709-964d-4453-95a5-6ca424c34d33,0
13083,c4acf8d2-c86c-466a-b7d0-cd06ff78858a,1
13084,c4b0b308-2581-4239-9e9f-7afd1b363796,1
13085,c4b17176-92e0-4aba-a075-2cf1c67f31ce,1
13086,c4b29465-589a-4bcb-b909-5c738ce848ab,1
13087,c4b42b8e-2e23-4453-93bc-e695e82bf048,1
13088,c4bc6454-423e-4915-be90-f9d909722875,1
13089,c4c1609c-1036-4ffc-b4ca-8c52471bd1e9,1
13090,c4c7d140-a095-4f26-881c-3cb51cd99c8e,1
13091,c4ca4e68-f5fc-491c-a236-cbf602bef081,1
13092,c4cc210f-f42f-4764-9ea1-2b06b5db8be7,1
13093,c4d5259f-3d30-4244-aad6-388de8751014,1
13094,c4d9a164-4438-43d7-ab5b-3721d714e9a2,0
13095,c4e30a55-87d3-460c-bd39-ca4dce660d5b,0
13096,c4f46017-1f57-41e8-9349-98511df4bbf2,0
13097,c4fc8c11-0ea6-4168-b38c-e03e91567e3d,1
13098,c50410c3-172c-4b7b-80bb-21f6724bed32,1
13099,c504727f-c387-4aa0-9e15-e6d42cdc3901,1
13100,c5066834-01ca-4a37-9a20-e2072b8e36bd,1
13101,c50a40cf-436f-44b9-a888-45d429101902,1
13102,c5129118-fe4d-496e-b953-af32e6618511,1
13103,c516a046-c6ac-4877-af30-a5919946ef6d,0
13104,c51affb0-28f6-4c68-9a23-ebb61bfd5e84,1
13105,c51fb160-7828-4a46-96af-81cfbd101a6a,1
13106,c523fdf9-2101-4762-ba94-571ad3af1ec4,1
13107,c528f609-5e68-48c9-ade9-89604660d287,0
13108,c52ce33a-76e0-4564-8759-6b1a851b1fce,1
13109,c5344217-d142-4f56-913b-7121cb2ca8d4,1
13110,c5381eaf-1370-4cdd-a616-8124262324f4,0
13111,c5387529-92f7-4172-97ac-b8699250ab88,1
13112,c539e684-0e5a-473c-b887-e73962045504,1
13113,c53e6d0e-036e-4863-85a4-65674b76635f,1
13114,c542c979-edd8-4e30-82a2-fa3e12544193,0
13115,c545896c-3ef1-4251-9983-07aa83ad1190,1
13116,c54abc80-6c19-43ff-adc3-1b1d8b96d4ac,1
13117,c54adf6e-6709-4d31-98d2-df8db82ca8d4,1
13118,c550da00-1636-4bd1-b74b-cbae8c2ec289,1
13119,c5514878-40eb-4ccb-b699-f302bc8ce05d,0
13120,c555c098-9513-405e-8f78-a70dddb559fe,0
13121,c556458f-a2c5-4bbe-a056-5c17acc1f44c,0
13122,c5564b9c-7f63-4eb3-beb8-523743f031fe,0
13123,c557d7d6-ff3d-4e48-8b95-4b2e03c1166f,1
13124,c5590409-546e-4f6f-b00d-981dd1379686,1
13125,c5616cc8-e4c5-4d1e-9d67-da1c22d25342,1
13126,c563b282-12ad-4f1e-8bfb-18ef44128b08,1
13127,c565715b-2cf8-4c04-8aed-5635bc049ff4,1
13128,c56e2071-aeea-4b66-af73-b4822af55bd9,1
13129,c574562c-af9a-47f6-8238-44d8cf57af7b,1
13130,c574eaa5-9363-4f46-8d58-321673153168,1
13131,c5773b1b-c596-42b2-9521-0a1f97a1f089,1
13132,c5775d95-717c-4109-a3b1-e0d6cdf7257c,1
13133,c5781c44-5aa5-4568-9fe2-8e2bb62e1850,1
13134,c57aaa95-b30b-4c51-ba70-59c7c7277142,0
13135,c57bab7a-c091-48c9-aac8-8d3cc3558d77,1
13136,c57cd307-00cd-43aa-a5c9-ddea0a8a5f86,1
13137,c57e1c02-d1cc-4568-a7ad-22bd184d53ba,1
13138,c5847150-752a-4374-8dc9-ffee3e1add63,1
13139,c5897db9-246a-45ef-a58c-19e4f431fb67,1
13140,c591bb2f-26bb-4cb2-9995-0c32699b1002,1
13141,c5945c72-f2e8-4186-9162-3c3f643c2b34,1
13142,c59563c1-5d95-4b65-b254-f757d85bdb8c,1
13143,c5a24d24-e7a4-4270-a2d1-b6aff4ac9bed,0
13144,c5a81348-7073-4900-ab9b-94cdad279dce,0
13145,c5b2b8be-b907-4aeb-a8c2-ae9bfd9cb397,0
13146,c5b36816-e3ef-4a84-9a29-c8ce7652fb3c,1
13147,c5b6631d-af8b-47c7-9d12-cb9d2fafdaed,1
13148,c5b77b54-1ad0-4267-8160-ddf7c0162b70,1
13149,c5bc9dce-ee09-40ff-9085-e5a92fb13fbf,1
13150,c5bea036-b28a-4011-b729-40977862382f,1
13151,c5c1fc2e-5c26-4f9c-8d75-55344e2c6380,0
13152,c5c43d29-d693-4ce4-8eec-0f668c3d39be,1
13153,c5c4b8e2-fd62-443a-9f60-d740390663e3,1
13154,c5c63da0-a57f-4d02-8773-dde31503379f,1
13155,c5cfa47e-3a16-436f-b0aa-d5e3b8b45368,1
13156,c5d3a6d4-ac0e-4b98-bd34-3b10e29819fb,0
13157,c5d4025f-60cd-4372-bff5-50f666c0fba1,1
13158,c5da7324-64e4-4c94-8577-05f965ef08e2,1
13159,c5e1a014-bdac-4d81-a21a-f429b4a0026c,0
13160,c5e63f8e-359f-4b2d-978d-cf626cec09b5,1
13161,c5e6f4f2-2de3-403f-9495-ca5eac76842d,1
13162,c5e8aae5-27ee-4f4a-a407-78bbde19ff30,0
13163,c5eb10ca-a529-4e98-a99e-2e91d326ec03,0
13164,c5ec2a99-08eb-4e8a-beba-d0b6ce4cec60,1
13165,c5efc001-769b-4aee-b32d-8ff004ac4d95,1
13166,c5f61928-be09-4642-be44-132953b9f220,1
13167,c5f781a3-51ee-4293-8453-acc57d9cb4d1,1
13168,c5f88d95-5c4b-4172-9d1b-593f21a6b50e,1
13169,c5fa3812-33dc-4ff3-b665-45b8095cff68,1
13170,c5fc4a6c-7f99-4460-8c9d-7c71799f6764,1
13171,c603cc17-2ac8-491b-b125-c31df77cb358,0
13172,c607f1b7-c3d8-472f-84bb-42603c2f833a,1
13173,c60f8320-b168-465b-9ee3-04f380715142,1
13174,c613459b-258a-4ded-8094-db3de6f56b97,0
13175,c6160836-4af2-46dc-9dbe-1e8ef9ce3164,1
13176,c6209cb1-bf1c-4801-94fc-6979e13f8203,1
13177,c62117ea-dfff-4eab-a9a7-4e446843bfa2,1
13178,c625e89f-5374-4407-8f29-c848edec5728,0
13179,c62bfb8f-fd3a-49dd-a5ff-ce0ea611b488,1
13180,c62c76c6-79e4-4938-b61b-7d4f9c9f6ba6,1
13181,c62d91ee-d7ea-4a5c-b0a0-5fe7e9178005,1
13182,c631e114-b67e-476b-b399-4a1c4ad2b910,1
13183,c6322269-913c-4a7c-8906-018e162e6e34,1
13184,c6334ea1-a75e-4a67-b33c-dd8333e82f59,1
13185,c63e90e6-e5a2-4788-81ea-d72bf3d9d1fb,1
13186,c63f21cc-b1a0-4eef-b018-35f5087cfe4d,1
13187,c6445c85-37c1-4855-af39-acef1ce54853,1
13188,c64a037c-7204-41d9-bbef-b93d666b7f3a,1
13189,c64e3f4f-188b-413a-918f-55b0f17ef70f,1
13190,c661203e-b6e6-498b-b2ea-de12a72fe192,1
13191,c6612874-7ca9-4355-8caf-82adba98091c,1
13192,c6669883-d34b-43fa-87ba-0ea383c3e5b0,1
13193,c66b33b6-2748-4138-af45-5b7c55e6cdf6,0
13194,c671591c-0328-4708-8d88-07360c656acd,0
13195,c6719cf1-905f-49e7-8d27-4321cc05badb,1
13196,c67bbea6-8a48-471a-938a-00808dab1629,0
13197,c67c8ed8-e9d3-4625-b6c7-13f4b920938e,1
13198,c680a817-7ed9-434e-aae9-43243a9e9362,1
13199,c682109d-83ce-4671-aea9-e25cfeb2c6dd,0
13200,c682732e-f261-4f57-ab57-83d1b10493c8,0
13201,c682d238-e08e-45be-8d80-4e0ed20d3527,0
13202,c6898cc9-4d81-4df5-876e-9d65946b61ec,1
13203,c68cb9e1-2bc1-4511-a341-51d15914eb33,1
13204,c692b125-ce91-4941-bcb2-942755b442ca,1
13205,c6941e07-c29d-496a-8a49-b03c68324e9b,1
13206,c697f890-b954-4206-8720-a66f6dddf2dc,1
13207,c6997520-24be-4a0b-9911-e50e844e4584,1
13208,c69f181e-d30f-4e1e-a67e-a8f4618aeed4,1
13209,c69f70d8-6aed-4c1e-b935-ef83d3e7f366,1
13210,c69ffa4e-8b86-43e9-8ab3-04ecdfe7091c,0
13211,c6a22563-b1b5-4916-8774-e948644ac765,1
13212,c6a379c1-f046-403b-b4c8-50815f6d486d,0
13213,c6a4ea97-2015-40ff-a3b4-23b49b1b759c,1
13214,c6aa4298-372f-49b2-84d8-49a4f3c812bc,1
13215,c6b3c920-87f1-40af-8bfc-66c4aea259f7,1
13216,c6b4a91c-4556-42ed-b619-989e1999fbfd,1
13217,c6b890a1-9a71-4180-94be-07a976848462,1
13218,c6b8aa2b-186f-4b56-b98d-6af6117bab20,0
13219,c6b9bc38-cddf-4f3b-9b14-f0663874c420,1
13220,c6d2f383-786e-464e-ad3e-6156e3980039,1
13221,c6de29b1-edc9-4a0f-84f1-a802e15890c9,1
13222,c6def602-be98-4a5c-94ad-98e201c62774,1
13223,c6e04580-c80c-483c-a33e-5b2a5b3f2a88,1
13224,c6e0de8c-389f-42ee-9cc4-4fd9fd13883a,0
13225,c6e3c8b6-4393-4c47-9f30-152dcf6386ea,1
13226,c6ecc9f8-8b7a-45aa-9736-20536fdcac50,0
13227,c6efdb68-a0cb-4090-bb08-2bc3aaef3c87,1
13228,c6f13c2b-04c0-4953-9b77-e95bb249a9a0,1
13229,c6fac79d-5d4e-4ceb-9c45-de6e7a539489,1
13230,c6fad0e9-594f-431b-97d9-d90964809ee7,1
13231,c6fb5b0f-28ee-4e7c-a521-4312bc02676c,0
13232,c6fd3516-9f00-488d-99e7-f4e8ca0f8b00,1
13233,c70000f3-89c4-4eb1-85e4-2e942736057f,0
13234,c7015fd5-b1bc-4edb-b837-2eb0ad8e8793,1
13235,c7095216-5446-4e8b-b462-94a2ce02a9a1,1
13236,c70bbdd3-671e-46d9-b117-4352e9c4edea,1
13237,c70c802a-34bd-4520-bbdf-df7e86f4a56f,1
13238,c70fc770-218c-45a1-960d-1acc18d8e760,1
13239,c711e272-cbb3-4e28-b1a5-fd5a2dae5dc5,1
13240,c716620b-3622-4dcc-856c-90171c2da0dd,1
13241,c717f9a3-ce9a-44a1-9308-868fc630a653,0
13242,c721e3b6-d7ea-4b1b-868f-f0466b6dd331,0
13243,c7259543-f86b-451e-9586-0ade22450573,1
13244,c727bacd-2821-4b66-b442-dd2d867bf616,0
13245,c7342767-14ac-487e-88db-5143444ee138,1
13246,c735fcb2-86d3-4c42-b69e-5c8b17b72739,1
13247,c73adfb9-4b24-4913-aab9-9897a067ba52,1
13248,c7453d16-c586-4744-ae2a-fc1937242d0b,0
13249,c745c897-e579-4d86-bc27-69de5a714f34,1
13250,c74a2dcf-bd5c-48da-ae14-5c654a4dd6a1,0
13251,c74a9221-b3d9-4b02-bb79-ac79d7df6c60,1
13252,c74b00ed-a477-4e18-a80e-141056fcec2f,1
13253,c75172cb-abfb-4aa4-ab16-6641c91e9b11,1
13254,c75634e0-fad4-4b49-9a64-84fd4b1913b9,0
13255,c76087e1-49c7-4455-9e53-ab020384390e,0
13256,c76250ae-c94b-4711-b6df-ec9c1203f105,1
13257,c7652c36-bbcd-4579-b8d0-699fe74e80a6,1
13258,c766dd71-9a04-4e3a-ad52-e65a14c958bd,1
13259,c76b4af2-7b64-46bb-9ab3-a393f94de933,1
13260,c76cf568-ed78-4b4f-a3bf-a70fb6dcaf4b,1
13261,c76ecf89-4e81-4aa5-a867-e6bcc4677b99,1
13262,c770eb07-ac14-4392-a64f-9cb496510d44,0
13263,c7714eff-1c18-4010-b2c5-a5104aa1f6d8,1
13264,c7784cb5-f0de-4650-a17d-068a4464fdb9,1
13265,c77acbde-f4d9-4846-a5c7-6194ae85e5f2,1
13266,c77ae837-1134-4968-8e2c-f3e67bb1eb94,1
13267,c77e379f-2538-4097-99f9-6a234a5ebe1f,0
13268,c77e88ce-cef9-44bf-aab8-eb87bb4f94cb,1
13269,c77f84b4-92fe-4093-a87c-549b7eeaf384,1
13270,c78a495c-7444-4db1-bd2d-8a076d83b0e8,1
13271,c78f4fe7-bcd2-4b31-8cab-200d4f955c81,1
13272,c7910592-e915-4744-a2d1-10dd88b6473d,1
13273,c796018d-d0ec-4a8c-b02e-653f0f4dcfbc,1
13274,c79ee57c-1a2c-41b3-a958-05ddba3a6ae2,0
13275,c7a332fb-fcfb-4f24-875c-b19bc3eaf4d3,1
13276,c7a732d6-876a-419b-aa6e-525fd6297a83,0
13277,c7a9448d-5662-4391-a6da-bf404680d5d9,1
13278,c7ac3dbd-0242-4ccc-b1c6-a7f9b9e5a5ed,0
13279,c7b11a35-20b4-4e1e-a96f-3995e23db16d,0
13280,c7b4061f-d5c0-4b3a-9d66-ae538b82efae,0
13281,c7b45bba-1517-40a4-96cf-11e406b57164,1
13282,c7b82d52-80b2-4ef5-8e0f-dec6df2e1a69,1
13283,c7b8cfc7-20f6-4f6a-9004-609428ef57fc,1
13284,c7ba9214-5498-44b9-8e4b-861aae6c4d56,1
13285,c7c0d246-65f5-44a2-ac67-746a3124fa86,1
13286,c7c3b23f-6069-4a85-ace8-426599524c7d,1
13287,c7ca2414-7a4a-4d7f-8a5c-68c1fa2b950c,1
13288,c7ca8a29-9d03-463e-b902-c9c2a8f80b9b,1
13289,c7ceda2e-027c-44cb-8ef4-668126648b43,1
13290,c7d2efb9-35c9-4c7f-91ca-6b821a3b6902,1
13291,c7d6f347-84df-4c8d-9e36-9b0aadbe105c,1
13292,c7d9f1b9-4e50-4489-9378-55ec65b171ed,1
13293,c7e69179-5d8a-44ca-9a13-e1572124507a,1
13294,c7e832a5-71a7-4c0f-96d1-ee69eb8976e4,1
13295,c7ea818c-36e7-4da6-b817-f00b4dd0b7b1,1
13296,c7eb89e4-a984-4f94-9047-3ecc9b76786c,0
13297,c7ee4383-5aaf-436d-a5ec-7158e1e129ef,1
13298,c802c3bb-dfb0-4f02-bd8c-9785c5d57c86,0
13299,c812cd2a-bc89-4382-9a27-16ca85daa92e,1
13300,c81451d8-976c-4371-a41b-0f1a2c4ae500,1
13301,c816e5fb-aed9-4b65-bfe4-9120fdcd5533,1
13302,c81faa42-96b5-45a7-b067-6735be7a32c5,0
13303,c822b81d-bf6d-42d9-bc42-ff440d47e051,1
13304,c8265a4f-9d35-49de-8e9c-80876611a723,1
13305,c8372423-2157-4bbd-bc2f-09c8e02ae816,1
13306,c841bda7-f419-4602-9e90-9b409d0a8ada,1
13307,c846337f-82ff-418d-bc76-dad89b10744f,1
13308,c848b953-a47e-47b0-9d3d-1c0eb4751199,1
13309,c84cd014-ec76-453b-9523-5433df526ec5,1
13310,c84dd3ff-baec-43e4-8d13-ad062eaf94fc,1
13311,c8512b36-a5d7-414b-8350-c1938c7524db,1
13312,c856e7bf-276c-446b-949a-cd3dce9d26d2,1
13313,c85c5dd8-c62c-4af9-bbf3-a9895cffd684,1
13314,c85ea17b-1cb4-4e7d-a541-97a88b0d5391,0
13315,c85f2848-b364-4cac-b105-89d4d9b993ef,1
13316,c85fcd1d-a5bd-4208-b49c-e565e0f3df03,1
13317,c8609751-5506-44f7-8849-c2f3c30a810f,1
13318,c86145b2-3c4c-4dfa-a586-26699e8ea4c9,0
13319,c8648378-0099-48ae-932a-63dbcbffb1eb,0
13320,c86f584a-f99a-47c9-aeb3-51f0683283ea,1
13321,c875a5ca-e865-4116-aac9-7ed35a80cb7c,1
13322,c882f2b6-2080-41ce-960b-da6ca7bfb968,0
13323,c886798b-878f-49d5-8d64-85c113537d67,1
13324,c88d18c1-6dbf-43ee-ade6-906605f6a2f5,1
13325,c8902cba-d99d-4768-b53e-ea59737c8710,0
13326,c8946b7b-deb3-4071-8443-157a5a5e1d97,1
13327,c8952733-b4a8-4acd-86c8-baae11583cfc,1
13328,c8a08f37-cd3f-4ae4-a79e-94fcb70c5de3,1
13329,c8a092a6-94f6-49e7-80ba-1951d7427bb0,0
13330,c8a48d8f-2746-4a6a-b691-97a08e8cbdfd,1
13331,c8af9467-06c5-4994-ac7f-4006680c55fa,1
13332,c8b0ff10-7ac2-4e91-adf4-0f9fe6ce7cf8,1
13333,c8b27579-cadf-429c-b0ad-ff24c747314b,0
13334,c8b89dbd-685d-45e3-8843-f554c8e3610a,1
13335,c8bc2d06-e54f-4aa3-aae7-d5b144516070,1
13336,c8c40ed6-8e8f-47cb-9c1e-e462cfa83e5e,1
13337,c8c422c1-9cf4-4690-af9d-628990226d36,1
13338,c8c5d3d6-380c-4f94-8119-0b23b530d2b1,0
13339,c8c607c2-d0d6-42a4-b1fc-069786430f37,1
13340,c8c665d0-7d03-4e99-919d-02095b6ea3a6,1
13341,c8cd7e3d-0d83-44fd-b635-88e36b567b27,0
13342,c8ce781a-69b1-4029-8045-084bbed4d114,1
13343,c8cf1738-b2fe-4ace-9cd1-14435d293177,0
13344,c8d3deb0-08da-406f-bead-d7131667018c,0
13345,c8e08c16-abc6-472a-81b9-51b4f87f5a29,1
13346,c8e11cfe-cbfe-4bc0-b8d0-dc7564ffe50d,1
13347,c8e2adfc-116b-456a-8831-9a9ef5953115,1
13348,c8e4c08a-b59e-4ab7-a20f-5ba564e12917,0
13349,c8ed15bc-ffe0-46c3-b8fe-4f1027989bfb,1
13350,c8ee8006-2083-4a7b-9953-2f6f23d799e8,1
13351,c8ef451c-5abd-4311-89cd-3550551af9a4,0
13352,c8f4999d-9426-4aa8-b1ce-a6a6a43b7f37,1
13353,c8f791ef-d391-447f-8554-b4c62d8a89a4,1
13354,c8f9c9ac-58d6-4193-91b3-f51285c89a5a,1
13355,c8fec579-09b3-4a7d-ba84-168972bd0757,1
13356,c8ff02d0-62be-4486-b0f0-fef6215a562b,1
13357,c9008eae-adc0-47c8-9544-91211b97af13,0
13358,c9029a4f-88c7-4246-bf6a-075acbeeb310,1
13359,c903f788-b8bb-4ffc-93e5-c5505fbdee31,1
13360,c904fd4e-0280-4cbf-bd7b-c1979c1e622d,1
13361,c90c0d0f-ef41-422c-b01e-fb2e67ecf92a,1
13362,c90f0b14-0a28-4843-bd5e-6d719044da6f,1
13363,c910cba6-d0e4-4236-8713-b24d01628e39,1
13364,c912311f-ee18-40eb-83b0-a4e43ccfa9f7,1
13365,c91664ab-7379-498e-b8c0-3cc35cae51a9,1
13366,c91e2d84-840f-414e-b649-ab2e529afe58,1
13367,c9246555-a789-4b73-8bcd-784d06b0339a,0
13368,c927ad20-0c1c-46d8-be1f-aaf4b66dc7be,1
13369,c92a6f04-d5c0-4fc8-b9bd-d1354f18229f,0
13370,c92bdc42-d91f-47ad-b302-1ae8581ff8d3,1
13371,c92c6fce-be59-4b7d-97d9-7be275c6af49,1
13372,c92ccb35-ca98-4a0f-83d7-80f272b9a93d,1
13373,c92da6b2-a16b-42c3-90ca-4b8c14b4e92f,1
13374,c9391c9f-ec15-4ea3-80c1-ba7eef8c95ac,1
13375,c93acaaa-5c03-45a2-833a-87b610acbe37,1
13376,c945ce9f-7232-4552-8674-0fcd9606764e,1
13377,c94f24d3-4c87-4012-976c-425c0013d66c,0
13378,c955bbe8-d1dd-45fd-b2c5-4d8b1c7e554b,1
13379,c957d0ac-30e5-4fcc-b4c9-43175c3a1879,0
13380,c958e8d5-560a-445c-8d61-eb759ec7fc90,1
13381,c95a925b-71f2-4430-aa97-314e6593b81c,1
13382,c95c5e8b-0680-461c-8b47-38fba0a2c526,1
13383,c95c685e-ec72-4877-b5c5-7861534acf97,1
13384,c95e61e0-2855-42f4-bae5-001432e460c1,0
13385,c961f125-1346-424c-98c4-1c646fbea5e5,1
13386,c9635d47-1d48-4ec4-abc2-967f140e2a26,0
13387,c965e064-a967-4ac8-aa90-8aa9ebf9dc37,1
13388,c96de478-3d1a-4f2f-93bd-eb22bcb811be,1
13389,c970527f-fd24-41c5-8c8d-703de5a64fbd,1
13390,c974f8cb-06b2-4df0-9a4b-b3af453d5235,1
13391,c9807799-96a5-4425-a43e-f68b2a751b2e,1
13392,c985e54d-4d2f-4619-a3da-959ab82b38a1,1
13393,c98de681-f0cd-41df-a3be-95022118a026,0
13394,c9916c41-c394-4a1e-8219-e5e3617f94c3,0
13395,c9999cda-9c9d-420e-8384-85b1983b3076,1
13396,c99c2fe8-67fb-4477-abb5-1191efbf8f69,1
13397,c9ad79a9-baa6-402e-b16a-cff84c6822b2,0
13398,c9b2ac72-3ad0-48c1-a18f-a23239c0f32d,1
13399,c9b3de73-94b3-473b-b5bc-a237aecc0402,1
13400,c9b7f22b-468c-4289-8e75-ace7c7a8dd16,1
13401,c9baba75-7d86-41d7-addf-44531db99799,1
13402,c9c3f3c1-4e53-4203-b09c-e2488d933896,1
13403,c9c6e276-c18d-44a1-afdd-0814d3681045,1
13404,c9cac30f-0d57-496b-9010-6ca581662a57,0
13405,c9ccf501-df14-4d56-a8e4-444f3c2ca549,1
13406,c9d61ae4-3ce9-439a-830c-e0613ec78b2b,1
13407,c9d64e13-ece8-41a3-8625-bb91a4a40afd,1
13408,c9e52424-dc25-4117-8ca6-5b4074733b0b,0
13409,c9e861b1-5e20-491f-9c46-aaff0ff65e93,1
13410,c9e963e3-4a2f-45f9-81d0-01b95d598249,0
13411,c9ebf768-82bb-400f-b031-d4bc3f58e24e,1
13412,c9f350e8-4c0c-47d2-8aa8-e31446f7801e,1
13413,c9f3c1ea-1732-4a71-813d-c0b7cdf5d54d,0
13414,c9fc8377-c69c-48c4-b8fc-4f3e76713fd2,1
13415,ca06d6b6-4327-40a6-a363-606f363ebadc,0
13416,ca06e7b1-a19c-4faa-b278-551e9087024c,1
13417,ca09d94b-3d65-4e6b-9de6-b78cc6760174,1
13418,ca0c0421-3a29-415a-b9ce-474c7873812f,1
13419,ca123e12-d1da-45ac-a8b1-d4777682a34b,1
13420,ca137714-b6bb-4c88-9d51-fa9c6ea4ed77,0
13421,ca148ff0-b366-40b7-b184-a798fac63504,1
13422,ca1de866-f7d9-4ca0-b68c-cfc9441a4161,1
13423,ca25f283-adbf-4cbf-811b-008b234668d4,1
13424,ca274de6-4d5a-45c1-9b7f-8a8ecb138cec,1
13425,ca2bf4fe-47de-4444-95a1-8f8200dc60fd,1
13426,ca2e7036-1bc1-4aa6-a95a-011895030076,1
13427,ca372f94-2002-4411-b3aa-7772e0d61bfd,1
13428,ca3a60e7-e5ef-45c0-a478-50399b834c4a,0
13429,ca3ae15b-5e5f-4052-a41a-ea8cedd6af31,0
13430,ca427d3a-231f-4a9c-8150-b202cc424a85,1
13431,ca43d0ef-154c-49ee-b507-04ab02a3edb6,1
13432,ca46cc77-e66e-4faa-a870-297cad20ad64,1
13433,ca4ce029-0a11-40ff-b62c-3f17990a3dac,0
13434,ca4e9b68-0f45-4173-aab3-ea993d7b7496,1
13435,ca51394e-80f6-4094-a9d9-4c5e6d56c3e4,1
13436,ca523142-2751-4ccb-9f04-993b8b4883f3,0
13437,ca5371b2-a86b-414f-9a58-ec95182bcfc8,1
13438,ca56619b-39d8-4d7c-a337-4a1a0b1bf0d3,1
13439,ca570bf8-01da-4f47-a7b6-107626013a5d,1
13440,ca57ff21-5b2c-43ff-a56b-4e67285d4872,1
13441,ca583113-3e6e-45fc-831f-b7254a16be98,1
13442,ca5922a9-3695-4a94-9d22-3c1e2e43fa9a,1
13443,ca5cea10-f2dc-4e3e-8c08-b14e067b9206,1
13444,ca5fa13c-d38b-4280-b7f0-b4a5e486b12c,1
13445,ca6034ab-69ba-4523-b080-ead86fdf5790,0
13446,ca60aca3-390f-4cdb-97c2-27711fca63fa,0
13447,ca63fee7-12ce-4e18-bd99-ea2306f72445,1
13448,ca645b85-d998-4bea-8f6e-3b361e62588d,0
13449,ca6fc8ad-530a-4453-a97d-eaec6724222d,0
13450,ca830191-d3bf-4c89-9b73-9bb119671e3b,1
13451,ca83eccd-d9b7-493e-bf80-649f325e6f91,1
13452,ca86eaf5-f53c-4401-ae83-90c083d605a0,1
13453,ca8a9f3d-833b-439c-a9d7-8d35177bbb44,1
13454,ca8af2de-4989-452f-9b07-96d683e0f10e,0
13455,ca8de4ff-4f6b-4559-9c39-d5e2cb2202fa,0
13456,ca8f5966-442b-4910-a86c-06cff984b665,1
13457,ca90f6f4-452d-4a16-8592-c0babebe70c9,1
13458,ca93d330-5449-4c65-bca3-d10141aaa832,1
13459,ca942831-379f-4698-aa90-c55351592b9b,1
13460,ca97177d-eab4-41cf-8365-7484f575f124,1
13461,ca997177-e909-426b-9e89-f8f730f30f24,1
13462,ca9cea45-9c3e-4c0d-8800-f5616698abb1,1
13463,ca9f55e5-f476-41b5-afbf-23bd20c4621d,1
13464,caa0666e-124a-4253-8569-e591ca17b08b,0
13465,caa09ae3-0f99-4a73-8ca7-f4e614982422,1
13466,caa2400b-c7cd-4eb1-9ec2-bf49e042bd00,0
13467,caa39748-3643-4b33-9c01-019d7138a576,0
13468,caa75fcd-359a-4514-9116-f23c0027b07f,1
13469,caa81b2c-3ca5-4f70-a816-de73f6d8ff1a,0
13470,cab87ae9-886a-4a0b-b6c0-9730f1430617,1
13471,cabd06a5-5cfd-47d9-bb8a-0cc67ba17028,1
13472,cac16236-a85d-4e8f-8f24-8d1fca687be6,1
13473,cac32cef-9659-4ded-ac72-4a4a8acbd245,1
13474,cac36f94-2be8-464a-bebd-61f1860e9961,1
13475,cac60ddb-c587-4f49-9c64-d642111d4902,1
13476,cad129e4-97b6-499e-80e7-437e8c8c495e,1
13477,cada9651-7ddb-4203-8527-8ba6fbc0e8b3,1
13478,cadae7f3-f44c-4fbf-a1b5-535a1b5fe777,0
13479,cadc6816-eb51-4d7a-8aea-4b44ac708dc1,1
13480,cae4f265-6e45-4de4-9035-9f1e62a469b4,0
13481,cae8c53c-2518-4390-bd3e-88f97c245fec,0
13482,cae92df8-d06c-4e8a-87f6-d5b0800ad3f6,1
13483,caec2e81-1fac-4daf-9c74-1c1c3cc7adeb,1
13484,caf2c306-4dad-4b88-9b46-4d466df6539d,1
13485,caf4394e-f28d-430a-8963-19d2bbcd50fe,1
13486,caf4e9c5-a3ec-4d8c-9633-726b9017e13d,0
13487,cafbe339-599f-4ebe-aed4-7503b3aff218,1
13488,caffd639-f607-4c4e-a396-e3ba50525055,1
13489,cb04c13d-1442-4dd3-84fe-f259c3a3318b,1
13490,cb04f96b-860d-40db-8407-f8ad901f17e5,1
13491,cb09a18f-16bc-4aa2-9338-52e8e6c024fc,1
13492,cb0c3f19-64bd-419a-8146-2bd65a8cdd1f,1
13493,cb0d7ee4-70bf-4561-8593-d049f7aec7e4,0
13494,cb13a0a6-4492-4420-b0b2-1ed2727a4a67,1
13495,cb13fbe0-c620-420e-9901-776fc15cbafb,1
13496,cb1538a1-dc78-411d-8ec2-1aa555cd93af,0
13497,cb1547c8-8dbc-4a4e-8c73-321ada53ba8f,1
13498,cb17237b-7fd7-4eaa-b14e-b7648fe47bd1,1
13499,cb1b60c0-4f33-4ae3-bbf3-81d5c479d91f,1
13500,cb1d1d45-d676-497d-a186-7d8e4f921beb,1
13501,cb250640-31ef-418a-8d52-6b58cf20ac96,0
13502,cb27812e-9b93-4c62-8c0e-9cd6bbdcd070,0
13503,cb29fbdc-c87d-4a81-82bc-80d2be97e13d,0
13504,cb2c8874-4f75-4f8d-a95c-c206b3a8143d,1
13505,cb2e0371-d941-48b1-bd82-c514ee79aaf1,1
13506,cb2f959c-1899-4a4d-9f7a-7f57c529fb04,1
13507,cb33a44a-6d62-42ec-8ea7-39295e7d0ca6,0
13508,cb348d29-a44d-4563-b65a-e30fcb72779a,1
13509,cb37c32a-9064-4301-a4c9-5a5091493c4e,0
13510,cb3b47af-fa64-44ee-90e4-6c1126533449,1
13511,cb486b1a-b516-45b7-ba68-9aae18173704,1
13512,cb5138f1-4194-49c2-9b86-465b0a7aedd8,1
13513,cb5ab8e4-64bf-488b-b898-14fcb4102251,1
13514,cb5b2fe6-783d-47de-bf4d-afa751fea6d5,0
13515,cb5e0b72-45c9-455d-94a3-69168a6499a4,1
13516,cb5fa495-3309-44fe-806a-aec02101fd1a,1
13517,cb5fcfe3-643e-40fb-b5e1-b749a75c8667,1
13518,cb63e36a-4e1a-4751-869e-742a9bf1b198,1
13519,cb692bd9-1cde-44be-9c5c-42ef805d2fe5,1
13520,cb6c251a-bb36-4657-9b9e-fb5417353063,0
13521,cb6e0b21-d129-4d58-9106-d1ae13c21e31,1
13522,cb6f9d6a-142a-4868-82c1-6fd5bd063e4c,1
13523,cb72b303-fba0-4b0a-b122-e93c629060e4,1
13524,cb743977-3874-4cee-b81d-f9e569818c1b,1
13525,cb74a6a6-bc70-4cbe-b726-9ed79b818b83,1
13526,cb764179-bd03-4ee6-91da-2d51a8264987,1
13527,cb77c1e1-da15-4829-a631-d6b0a2ea92c4,1
13528,cb79bd85-aa43-4996-82fb-3364d2eb0dba,1
13529,cb7fc648-f2b4-4130-9579-ae791ae782f0,1
13530,cb805ea5-d267-4c70-be04-45aa4027c79f,1
13531,cb818b5f-2ad8-4766-861a-48e07e68d3a7,1
13532,cb9e8513-8b66-439c-bd52-60a4cd9b831f,1
13533,cba30fd5-cdf4-4e8b-bd17-d57f440a41a0,1
13534,cba4c349-69c3-42e5-be65-c97af693c779,1
13535,cba9c30c-4588-4027-8d49-31679a5e3596,0
13536,cbad973d-c039-472b-9811-2b99d5a3b431,1
13537,cbb415ab-1db6-4bbd-9dd4-9f4e35691145,1
13538,cbb4bca7-7643-4b79-bc22-1296fd9e458e,0
13539,cbbd2895-034d-4822-98b9-10c3193e9f05,1
13540,cbc5baae-6087-4ec9-90e8-87ccc5536465,1
13541,cbca6483-da76-405a-b27b-750cb7b918ff,1
13542,cbd33c95-9e9a-4ad9-b80f-9bf7b236300f,0
13543,cbd4b795-5104-440c-8218-8752c470a908,0
13544,cbd7cb9a-e271-4e56-a4bb-7f0abc090b15,1
13545,cbde7f48-c35a-4f6e-8bc4-e1024169b002,0
13546,cbe4e992-035a-4b77-bcdb-ef906ed1e8d3,0
13547,cbea9965-607b-4d35-b14c-767c48c1eea4,1
13548,cbeba31e-0e92-4b3c-8dac-7a1bef013098,1
13549,cbee76b0-6bb3-4911-a8eb-46649b135aa7,1
13550,cbf304fe-c2b0-4037-9034-8c1cba6e1082,1
13551,cbf361cb-19c5-4e83-b566-f776c355e4b5,1
13552,cbf6d769-390b-45b4-8c81-8fc34e2d849b,1
13553,cbff00c0-734a-42c2-9fe8-74ae6025ed84,1
13554,cc0e6516-f25a-4ec6-805f-29c319097ef9,0
13555,cc14d9e1-e74c-424c-bf80-6f224c5d83c3,0
13556,cc14e2d1-a954-4d81-b17e-a4e7f5067408,1
13557,cc1b0694-a8bb-44ee-be9c-155962d74133,0
13558,cc1c7c26-e587-415a-89dd-7f7c0a1c7f9f,1
13559,cc1d32c8-618d-4f16-ae69-03d6d8eaf51c,0
13560,cc20ff52-48cf-4107-98c9-3731dc9d88b1,0
13561,cc27a2fe-3e4c-4cf9-8abe-37ebbaeacf05,1
13562,cc2d0152-e511-463d-bf9a-df46968760bb,1
13563,cc2e623e-9ce0-43e9-80db-7db1f3c5026a,1
13564,cc309061-42d6-48b7-afc0-e6ae98589212,1
13565,cc3242db-c076-42a9-af23-ee7827cd6031,0
13566,cc35b556-228e-4b19-a160-fa8f6b38c0a9,1
13567,cc37d300-3e59-4800-84e6-b1b47334f152,1
13568,cc3a7055-397c-4c81-895a-0c4365e091b8,1
13569,cc455f98-9b27-47e6-bab1-db37278bacfa,1
13570,cc47593f-24a7-45e7-92ce-680fa590e366,1
13571,cc4edb25-1542-4c22-b01b-2623f440023f,0
13572,cc534d12-c859-4d0b-a9db-d302f2fb8677,0
13573,cc5444ad-dfb5-43fb-a782-ac10f1a1fecb,0
13574,cc63f5cf-5419-43a8-8cf8-a89621481b48,1
13575,cc67fa9f-3948-4f51-b63f-d19f46b53c64,0
13576,cc686331-68b1-4f81-ad8f-a4cef1b9e730,1
13577,cc693f9e-3fdd-4c9b-9f11-4e26ce9b7dd4,1
13578,cc6f84e6-95ee-4df0-bf63-54aa7ab78e80,1
13579,cc704431-689e-4754-a12d-38feb52c08db,1
13580,cc719388-1116-4cf2-b162-f2c490f13883,1
13581,cc77785e-a3d0-44d9-9e57-2e73a9ee8140,1
13582,cc802d1d-283c-4ab6-96df-25fa953d7166,0
13583,cc824b0b-a80e-4589-ae3b-aa83a6097de6,1
13584,cc891301-8ed5-4705-8480-d0dafd156fed,1
13585,cc8c589c-528b-4d78-9b53-8a29a957f1af,1
13586,cc8d82ce-5db0-4a48-902c-5be7f4a2d7db,1
13587,cc8debd6-d0a9-4329-9540-62a842281953,1
13588,cc9013fd-ff75-4794-b600-4239a78720c9,1
13589,cc9308ab-9aad-4846-a5fe-a49be998063e,1
13590,cc94fb21-6f9b-470d-b764-921315e36bde,1
13591,cc9afbdc-72ad-455e-b3cb-0b755d324858,1
13592,cca4baab-a31a-40d1-92d4-d290b59b272d,1
13593,cca9446b-45ca-4caa-8c29-038c41c4f4a6,1
13594,cca9abb6-af6b-476f-817e-6514aef1fffe,1
13595,ccae2220-83d1-4815-8456-959c67fbd6bc,1
13596,ccb081c0-4e7c-430e-9da7-e3d406be2854,1
13597,ccb36613-843f-480f-8ac9-5cd347b78c6d,1
13598,ccb4388e-387d-4d0a-8e53-00c17d9a5c25,0
13599,ccbb7a33-551d-4e2f-b57c-04fb1ecaffc4,1
13600,ccbc6cf9-814b-4edc-8a30-8c5fb68ac6ed,1
13601,ccc4c4f5-2982-4499-be4d-34027abdae2b,1
13602,ccc90911-b3b8-4e7e-9f67-6cdd85c325ee,1
13603,ccd0e7e0-791b-4844-8b2b-174847d7efe5,0
13604,ccd32448-009b-4ef8-8959-9813bbc7c9d1,1
13605,ccd8b295-5f9f-4d1f-9bc4-500a25f932dc,0
13606,ccdf8e75-aaa8-4c84-a15b-25142d686d8d,0
13607,cce0b97e-1e01-472e-9d0e-5d03661a24a6,1
13608,cce15dea-f09e-4b8f-b347-0e9a703a1ca2,0
13609,cce33722-013a-48dc-b93f-a9484af6329b,0
13610,cce39d32-bd84-409d-ac32-69efbc69cf6e,1
13611,cce50d2f-d3cf-405c-ba59-0286f1d80b76,0
13612,cce79b36-08ba-4586-be97-3aaeda2df8fb,1
13613,cce866d0-a96c-4289-8f1f-ec4b6cab24bd,1
13614,ccebf5eb-ec68-41c9-a5ab-ea23c1f7a9dc,1
13615,cceef4d0-df7a-467f-aa74-4dc3573d038f,1
13616,ccf79dd2-0124-4830-aec7-063173f9c428,0
13617,ccfa1e5f-245c-43e5-8217-6dc4d86c08ac,0
13618,ccfccea7-b5da-4508-b521-d21fa084edbd,1
13619,ccfde7bb-6078-4913-9f54-66f37c4cd001,1
13620,cd00682e-076a-4345-8c34-efe239c51394,0
13621,cd0771a8-2eda-4595-9abb-4423bfe428a6,0
13622,cd07d315-ff6d-4dd7-bd59-8f8db9662cf8,1
13623,cd0ccd50-357a-4094-962b-285d6d276320,0
13624,cd1de5e0-884e-4987-b813-2487bde0dc9b,1
13625,cd1dfd76-7c1c-4835-ac4b-b1533cf96574,1
13626,cd1f8fe7-e73c-4212-903d-88ad8a25a436,1
13627,cd2112e1-c554-4ac4-9b21-cabd71fb1019,1
13628,cd211fb6-be0c-45c1-8aa1-fa3ab4f1b18b,0
13629,cd22c808-e0dd-4c72-be08-082b6fa8e36d,1
13630,cd292ffc-2061-4db3-b944-8e0b23085fc5,1
13631,cd2f385d-af43-4804-bd07-00335c1815f6,1
13632,cd3c0501-d769-4b1a-be80-4fd56856c154,1
13633,cd3d3677-0aa1-461a-b1b5-77addc10b604,0
13634,cd407d40-ace0-4b5b-9130-fbc8a9e76104,0
13635,cd4a33be-18f8-4842-bafe-f9c81ecbace3,1
13636,cd4e0910-aea5-49ef-a99c-0cbc4cde04f4,1
13637,cd515362-6205-4224-9d12-2af17865b9f2,1
13638,cd594777-d95c-4895-86c2-68c2e5e8337a,0
13639,cd5c91fd-eab4-4357-a312-f7bce62ccf50,1
13640,cd5f5716-f7a3-43b8-a25d-23df7460bd02,1
13641,cd6210b6-8a00-4afe-ab32-cedcbddc496b,0
13642,cd62be1c-6cf5-4f4c-b525-85f68a290842,1
13643,cd6ef3d9-0e3a-4f6a-baf0-a9c55694c67b,1
13644,cd79f47a-c1ef-4f39-bd79-30cc1ae3fe7d,1
13645,cd8d18f6-2a86-4de0-98bf-4463c5af7b3c,1
13646,cd968b0b-0b65-43ce-83e8-e333d79ecfb9,1
13647,cd9c7f36-35ed-443f-8742-9a9b48b54ff0,1
13648,cda2ba25-c51c-4d27-96fa-b5b577d8444c,0
13649,cda3c0e1-98da-486f-b7f8-ae4c4c0230f6,0
13650,cda4e4ce-0273-4fdf-93df-fb34cc3854c9,1
13651,cdab9f79-ab27-446e-a3b7-4c52b668fa61,1
13652,cdace79a-f17e-4f85-bc29-8533e957b779,1
13653,cdb11b57-ef65-4586-a320-1049272c9bf9,1
13654,cdb35fd8-1e7b-495a-b92c-109f5e49e66e,1
13655,cdb725eb-1a79-4c16-b423-32b3a341818d,1
13656,cdb76472-7ce2-4f1f-ae65-d499ca15edd4,0
13657,cdb9058d-e08d-46e2-b7ba-f04ca829b409,1
13658,cdb9652c-aa16-4733-869c-0852fedaae81,0
13659,cdbb2f6d-f36d-410b-824e-a26a64a0f658,1
13660,cdbc27b8-18a4-4419-b5ec-bfb6108ba505,1
13661,cdbff764-3d2b-462d-bb55-a90b679b523b,1
13662,cdc235f9-af6c-4c60-9cc8-8317c712c354,1
13663,cdc2f8d7-df88-4cee-b116-94cfce5a4a4b,1
13664,cdced8a1-7399-4dd9-b663-3967fc997402,1
13665,cdcf4f6c-89f8-4134-ac16-e3979e723251,0
13666,cdcf89a1-05f8-4017-9d57-4fd9db1c0f8b,1
13667,cdd299f9-10c8-4d89-af1d-dcc3379db510,1
13668,cdd41016-1cac-41ad-b04d-79f8c579f8fa,1
13669,cdd4c04f-19d8-4779-bca5-9b85251d3eb0,1
13670,cdd90666-559f-405c-a2ac-647f6c991cce,1
13671,cdde3ee4-2e4f-4d64-b160-a46e00314282,1
13672,cde3186b-675f-45dc-9984-60057fe51aad,1
13673,cdef6f36-ee0d-4c54-a319-815f471d8ac5,0
13674,cdf2ddde-5cdc-4b8e-af7e-ac914ad7f2c2,1
13675,cdfa4804-d5ff-401d-b76e-2167032127b6,1
13676,cdfa50fd-016f-47d3-98b3-a21fb8397578,1
13677,cdfd0453-8bc3-47b9-a23c-6542aff18795,0
13678,ce050fee-ec56-4845-be5b-7676cebcc133,1
13679,ce071b21-b81b-4ce4-ad1f-6ed0362815ae,0
13680,ce07f807-0d41-4968-9afa-b873d3dfce0a,1
13681,ce08d258-8c2d-4cad-82b3-7c15849f181a,1
13682,ce1aec67-c738-4c09-8494-a1acda5f4810,1
13683,ce1b2a7c-00a2-4ecd-ba7c-331b988dd0e1,1
13684,ce1dd9fc-a278-41c1-ae09-32af034ccfc6,1
13685,ce235904-f4c9-4c1c-9baa-1701dc69e1fe,1
13686,ce2686f8-de85-4253-b61a-d8d585ab64f7,0
13687,ce36ded4-7431-4d19-8ef3-1a70ad737b4c,1
13688,ce3ca947-634d-4fd2-ba91-8f5ee7d11ef7,1
13689,ce3db7b9-d654-49f9-87da-d55705f64714,0
13690,ce407c4c-c57e-4464-9140-4a7bd532faa1,0
13691,ce48a716-ec2d-4d8c-9ad3-08fbafff2e05,1
13692,ce49da10-6412-46d5-95a5-5ccece8fbe26,1
13693,ce4fa8f2-9427-4175-8b01-8ae1bbe9e467,1
13694,ce523156-df85-4764-904b-2d89cfef65fb,1
13695,ce55b1a8-320e-47b3-9a2e-5eb7717b8a1e,1
13696,ce56dfda-8e3d-437a-ab29-733502d31aae,1
13697,ce63e107-f7d3-4c39-a652-c421ddc3e58d,1
13698,ce64ed18-d08e-4f20-85d8-520527a34030,0
13699,ce6528ce-c806-41e6-b02e-d6b6b8574bd9,0
13700,ce6d92dd-c15d-41ca-8e2c-dbfd1c91faf4,1
13701,ce73ce95-abc6-43b2-aa84-e39d8df5db3d,1
13702,ce76d5ee-db9d-4db5-aa3d-4afe8d03ce7c,0
13703,ce7c0efd-1a07-4b43-8c54-cfbab2ddaa43,1
13704,ce7c59c5-c1b0-4929-b975-aacb4ff3c2ed,1
13705,ce7cf2ae-810b-4fd5-89e8-1f1a96068a0f,1
13706,ce7dd4cf-fcfb-4621-ae18-11d942594de0,0
13707,ce83b9d8-718c-41f2-8094-054fed429648,1
13708,ce8c45f6-612f-4c03-b367-f139d5bec722,0
13709,ce8c6270-1e0d-447c-a6ea-54106a992227,1
13710,ce8edcd4-7903-4615-b482-6183e2e880f0,1
13711,ce9312ff-f91a-4085-8f77-37502159115c,1
13712,ce9d3d1c-01e0-45f7-abe5-d9ca29af914a,0
13713,cea15a76-5f53-4dec-beb8-c7a64be2ddd4,0
13714,cea47c98-58c0-4681-8ab7-0b59b83d9c1c,0
13715,cea70218-c131-4ea8-9106-63ff767a83d4,1
13716,ceac5f78-61b5-4ae1-bd48-f6e9013799be,1
13717,ceacaa07-1704-499a-b846-4723c93ad233,0
13718,ceb9162d-4e5f-4b58-8d85-2a55615f4202,1
13719,cec3eea7-0582-47db-aa1b-517f8f388b7b,1
13720,cec8b47b-f0cf-4b1c-9c27-6080f1261338,1
13721,cec922c3-1d22-414b-b6b3-9352d1abf872,1
13722,cecc5b24-dda4-490e-84f2-9a9aa2637974,0
13723,cecfa0a4-d075-440c-959e-5133b9ae280d,1
13724,ced173b3-571b-47e0-b773-431872891950,1
13725,ced263e9-86e3-4baa-b495-6f72d08977b8,1
13726,ced34734-6013-4cef-b40e-6131e8807c01,1
13727,ced41d6a-9520-4cb4-9164-8477cb04bef2,0
13728,ced4393e-a93d-4733-8f65-5cdf53f155da,1
13729,ced4ff75-4abc-4289-b3e5-d9216fd3ec19,1
13730,cedb5a04-6c9d-4246-8b6f-25d5f9f42ae4,1
13731,cedc431b-bfd4-4225-b050-6d0296650d5b,1
13732,cee38df4-a8d1-45cd-844c-00747dad7982,1
13733,cee77ac9-8cce-477b-b504-782e0ab646fa,1
13734,cee969ff-d517-43ff-8a31-9aba20d0492b,1
13735,cee9fb01-0ce3-4347-9d90-d0bc25ac8c86,0
13736,ceeaa8b5-1bbd-4401-afe3-98e9ebb3393b,1
13737,ceec55dc-4888-4ee9-8b1e-971311a4ce54,1
13738,ceec7015-0ac2-485e-92e8-8c8eeefa8806,1
13739,cef23838-3051-4c5a-93df-7138a4995cef,1
13740,cefa8a0d-e188-47eb-87e9-ffcb7d66202c,1
13741,cf038b3c-e838-474a-912d-594e98ab67e7,1
13742,cf070611-0773-4e5c-9e76-e1ebd1f15721,1
13743,cf07c6e8-cb63-4c89-88a5-66139a5cfcaf,0
13744,cf09c2f1-ecce-49d0-8f75-3d24182ec6b5,1
13745,cf0a79e8-0005-45ae-9fa4-0536560a0807,0
13746,cf0e6657-9356-4620-9b18-aab50f1713cc,1
13747,cf104add-d1c5-499b-829a-bed5288a7da5,1
13748,cf1245dd-9f79-46b1-9067-13ec3bdbf833,1
13749,cf1261ce-5417-4eef-a33a-8fb15971912f,0
13750,cf1440b5-f476-43b2-9026-dab2c33637c9,1
13751,cf1a9ddf-6eb0-44b1-af32-5f44ae4e6e2f,1
13752,cf204654-16bb-42c1-a6bf-e5a990200ec3,0
13753,cf255aec-f057-4cbc-9a40-4e0001040d4f,1
13754,cf2f9c30-b223-45f2-80e6-85106f74cc4a,1
13755,cf314e58-98a6-44cb-a6d4-40f6636721c8,1
13756,cf324a95-721c-411a-8d95-f31b6c18dbb3,0
13757,cf3652c5-cfb5-435e-a901-557061a59bd8,1
13758,cf37b651-321b-4492-b903-5b23943eb530,1
13759,cf4264a6-7b63-4221-a215-d933aebfd60b,1
13760,cf434c82-38db-4003-a2c2-e1dd16433e85,1
13761,cf482170-5e08-4e92-97c5-64ff13518bc0,1
13762,cf4e98c0-9ec7-468a-ac7e-c7cdd74e9848,1
13763,cf5451ed-748e-44a8-8d17-c7c833894072,1
13764,cf55772a-4948-427a-ae45-7b7e937a34a5,1
13765,cf606df0-36ce-4305-a3aa-151088462d4c,1
13766,cf64c80c-4ed7-4a78-b0dd-1a75dc32d03a,0
13767,cf64f76f-285e-4da5-a901-a61564b2d168,0
13768,cf662a9c-34ba-469d-92dd-bfa63b0b04d2,1
13769,cf66be90-b14d-41f9-9c98-4665ee280d0b,1
13770,cf6d93d9-64dc-437a-92a7-866d2b622ef8,1
13771,cf6dbae8-4fbc-4544-b02a-c3c88aadee1a,1
13772,cf717ba1-6e76-428f-9fe9-e6c90c91586b,1
13773,cf74f285-bdbe-465a-9209-e1e3161011e5,0
13774,cf760ba7-745b-4869-a9af-0009603589c3,1
13775,cf762f39-f240-4585-a313-148879f2f301,1
13776,cf76c07f-8c3c-4569-9a6e-04e639132fca,1
13777,cf7a0a33-6896-42ce-8bde-ac4debde3c87,0
13778,cf7cf24a-a9a1-475d-8745-7fd228ad06a0,1
13779,cf7d511a-575c-455a-82c3-2c555169ede0,0
13780,cf7d9d73-4cb1-43d2-97f6-298e2b1f8dd0,0
13781,cf8243c7-5d55-47a1-8016-50d5d2691f26,1
13782,cf83a7f4-3fa0-4e05-a7ec-c76fea08486e,1
13783,cf8cc28f-4590-4877-8e30-ba109a74bb45,1
13784,cf985c18-49e5-48b8-9021-26129d48bd1e,0
13785,cf9b9210-5837-4ed3-83be-9ddd3ca6e8e9,1
13786,cf9c38be-40f8-4e0d-ac5a-3e77f81f4ea6,1
13787,cf9c5615-8e24-41d6-b7f5-c9a7ff0653ae,0
13788,cfa79905-f634-4da6-8d04-ba2e3488c0c8,0
13789,cfb0b392-1bc7-4b10-a2f9-b3d340b89748,1
13790,cfb37a14-0ee5-4bcb-b803-008414fbe29b,1
13791,cfb37fbb-6290-46f0-a2bb-a617f3591ee8,1
13792,cfbd3157-79dc-4a2e-be18-055437dace17,1
13793,cfc236e5-308d-48c5-ae8d-cf1e8da0e688,1
13794,cfca4722-670c-4edf-9b75-3949c3e16ec4,1
13795,cfcbbd6a-474d-4493-93cf-19bc517c5506,0
13796,cfcc5d6f-26fe-43ba-8ece-917c1dcd5c4a,1
13797,cfd3efb5-b9c2-4738-bf59-3a5e8d4fe9f8,1
13798,cfdad5c0-e711-4b18-ba9c-c03f1d8affa5,0
13799,cfdf5a32-03dd-47e2-b53d-a2276d6a5297,1
13800,cfe1159c-fff8-43e3-8cf2-3bc761250ebd,1
13801,cfea416d-88f1-4ed6-83d7-ae9922b8d641,1
13802,cfedef6b-ad2e-4d0d-b8b3-08498db4142e,1
13803,cff895ba-3a8e-4b42-abec-3be7ebe5cc30,1
13804,cffa8eaa-64ad-4166-abb2-6fa03e999e34,1
13805,d006eb74-440b-4951-aac7-0be7f4d13a88,1
13806,d00bacc2-9c2d-4ce6-9f30-73d577e4590f,1
13807,d00eb9b0-1219-4b37-94e7-11eff24c75dd,1
13808,d01312e8-6b1b-4efa-b6c7-2305e30c20bf,1
13809,d01dbd2d-2fa1-4665-8bde-b2db22a9a92b,1
13810,d01ebc67-22dc-4595-bd1c-b0c472a0b559,1
13811,d0250591-a8dc-466a-8240-2dd9c1ad390b,1
13812,d0269976-81a4-48a8-84e6-5ebe40dc68d6,0
13813,d02a6dbe-8ced-4f6b-9c1a-4116bd4b4439,1
13814,d02e0a04-c1f7-4b7d-954c-e0373bd89101,0
13815,d031be3d-d833-4572-b8c1-d83e67ee666d,1
13816,d033ebce-a58b-408b-ad9c-fe9702a9b02b,1
13817,d0342701-1da7-4ca5-9b19-d9c37fa215b1,0
13818,d03588ac-2146-4df8-b0cf-be7e4b7438af,1
13819,d03ec125-0bb2-41f4-a670-d13e64fe76c1,1
13820,d0465081-dce9-49d7-8847-2d2cc7c17a54,1
13821,d046a7df-7981-48d9-9879-45925f13265c,1
13822,d04b38d3-c5bb-4dcc-8e5b-128d51c59cf4,0
13823,d04d38d1-e61f-42ab-8a7d-a14d903c527a,1
13824,d051a2f1-e4cf-40b1-8f19-cabddb1f2026,1
13825,d053d8ab-cad2-41f5-92f2-0b450ed058f8,0
13826,d0552b5c-8c46-44f6-b2df-da9bf4fe4ef1,1
13827,d0554319-71f8-477c-8026-8301e8534739,1
13828,d05601ac-dd90-48d6-80d5-8e5076ea302c,1
13829,d0578fec-c18d-4b24-bbc3-9f7a3b5cf5c5,1
13830,d06136c0-eff9-447f-b66d-ce04529775eb,1
13831,d067f530-98db-4211-82dc-02e054a5603c,1
13832,d06d3d98-7d84-4413-a325-64e4103eb40c,0
13833,d07018f8-9615-4a07-af71-79d4b5d16a11,1
13834,d0743d9f-4c8e-49ac-afc6-d81f6c1aa9e2,0
13835,d076a748-fd43-44cb-89a1-deccdc002fc5,0
13836,d07dfe9a-fb08-4bfb-8611-3e645a940ac0,1
13837,d087317e-cedd-4138-972b-491915126c08,1
13838,d099ba88-e473-497e-b370-1f0dd7a20d07,1
13839,d09a2ca6-2f1a-413c-ab15-7203a9fd54a1,0
13840,d09ad2a1-f214-48b1-acc3-1d7b0810a3d2,1
13841,d0a5168e-9392-43ea-a08f-249712c5ac53,0
13842,d0ace7fd-328d-45ac-aa90-7636f73e327f,1
13843,d0ad70c4-0da1-41ac-8bc7-5abf64f5f226,0
13844,d0b13495-a463-475b-a0eb-b347b3bf4571,1
13845,d0b2633e-25b3-4da0-bf52-8040bc6049e2,1
13846,d0b4dbeb-bc77-4a7c-94f6-84a71d4a119d,0
13847,d0b4f90d-35d7-40a5-a3bf-41d0e3e8647e,1
13848,d0b73df7-4e2a-4f75-b470-430b74eddb00,1
13849,d0b95f21-5e38-4dc1-a6ee-9d594cb2e901,1
13850,d0c030ac-8e0a-42d0-8d8e-9fd22f95b5ae,1
13851,d0c6756e-62c2-4074-844a-577edaf61f82,1
13852,d0c85980-e148-438e-80a0-34e3f595c2bb,0
13853,d0c96d9e-44b9-42b6-a559-2770ba8298f0,0
13854,d0c9b213-a95c-4ec1-bdc0-b97f65f21dd5,1
13855,d0ce8025-1d02-4c46-8783-2b066b68ac1f,1
13856,d0d2b43e-fd47-4a4a-8ee6-3b572bb7a4be,1
13857,d0d4d2fe-9b84-4de0-837b-c02abae98ebc,0
13858,d0d673a8-b3c9-437a-b528-1cdc5c86426d,0
13859,d0ddaf53-2c54-4a72-921c-dc66b702ecb8,1
13860,d0e8faca-1efa-4202-b36a-5002f79e05db,1
13861,d0e9e8d7-5a30-4248-91f8-26d3a763ed4a,1
13862,d0ead886-1335-43f4-9c65-adffc3424e83,1
13863,d0f1f1ef-f90c-4f6a-ae86-11f39eb9babd,1
13864,d0f2ab23-ebd3-4a8f-9c9f-c7ef08a8860d,1
13865,d0fbf51e-475d-45ec-9cab-aa9cb4a97490,1
13866,d1003793-2d37-4baa-b546-218a5a0ae9ff,1
13867,d100df0a-25d4-4594-94a9-f6479532f8c8,1
13868,d1015a02-72db-40b3-a22e-6c304e1ac13e,0
13869,d106729e-8c9b-46eb-ac59-5b3f6ff9f838,1
13870,d1069617-c43b-445d-be8f-22a20a0185c8,1
13871,d10a287a-e767-4ccc-965b-ae54281997c2,1
13872,d10bff5e-3916-4934-8868-dca9ebaec2d4,0
13873,d110a1f8-4bd3-4fc3-80c5-a4df693befbd,0
13874,d116bdc6-1f24-4a5f-b90e-1c8eb308d211,1
13875,d1179d0d-41ec-437b-ad4e-4b3d945c50da,1
13876,d11968b0-b8d2-456c-9527-5a84e0896cdc,1
13877,d11b08c3-ab6f-4e38-a39f-6921083863d5,1
13878,d12587a7-aece-407f-83db-3b53fd193b94,1
13879,d12fa498-6322-4d91-a0f9-f17b40853a21,1
13880,d1310992-7741-497a-bfc8-82219f75c695,1
13881,d1311838-cb2a-4bac-b15c-79782c66f547,1
13882,d1318d86-9a53-4cb6-9dc5-7a32920f2c6c,1
13883,d137f4c9-2b4c-41bb-aad2-76f3ad000d1d,1
13884,d1382134-af26-4273-871b-3645f5b36068,1
13885,d1435f19-de73-4adf-91bd-04654f05778b,1
13886,d143e584-b353-4e72-b40a-e7c73bd974af,1
13887,d14ac7bd-a208-47c9-9858-c3ea6099f0d7,1
13888,d14dcd1f-e2f1-4187-b300-0f8c0401ed4d,1
13889,d1545604-0129-4ac9-9d6e-5d79a88e3e76,1
13890,d154d5c7-4a5c-4b04-95c3-9d3c8357d6b4,1
13891,d1560b81-0beb-40a7-aaf1-c3f7ab2263ab,1
13892,d159b195-bbc1-4592-9af9-08a946692514,1
13893,d1647930-193f-4b43-9784-482b90a3d171,1
13894,d16bb3e1-8feb-4114-ac06-cb76b2eeae23,1
13895,d16bba28-dadc-4564-9fae-4d7381d47fd6,1
13896,d16f9136-a03a-4c9c-84fc-c014d20232fd,0
13897,d1723501-ee29-4619-8eae-e79a910a7a24,1
13898,d17ebe88-f168-41af-a81c-0b9d8fd00337,1
13899,d1859e8b-95fa-4650-90e5-80ff94048f0b,1
13900,d18da426-a395-48ce-a137-73909fc1c6c8,1
13901,d18ea756-9b3d-4503-b31a-ba89fffd0929,1
13902,d194c110-2e7a-4940-a670-ab34775d7b77,1
13903,d19ab50f-d13d-4454-8f63-ec0485860f48,1
13904,d19f942c-140d-4c70-998e-4549bcd98c53,0
13905,d1a5d76b-69b2-4c88-be32-4269517a2501,1
13906,d1a5d7c4-7de4-45f3-a374-4553341303b1,1
13907,d1a81698-0dfb-4e45-86da-6878a9a6b046,1
13908,d1b0c8d7-1eab-4227-8cab-9cc1c72f5f56,0
13909,d1b1f577-4323-4a6f-8337-821145495f94,1
13910,d1b970e3-a0a4-47de-8229-39a7d36a98ff,1
13911,d1b9b154-4785-46bf-8bd9-df9c03d5e06b,0
13912,d1ba3533-e2f0-4630-8d5f-9719bade0bac,1
13913,d1bad49b-2a34-4ae9-9bc7-f79c373431f8,0
13914,d1bd3a00-e99d-4aba-86f1-46753d6c9bdb,1
13915,d1c4bd8e-02be-4477-98b9-e53154f3c2c6,1
13916,d1c63b7a-481c-441b-bffb-ed84d165c8b1,1
13917,d1c7fe82-765f-4e79-aadd-67d490a04d7a,1
13918,d1d0c153-eedf-424b-9c50-881877868ed8,1
13919,d1da5b22-89f1-472c-ab84-456c06987283,1
13920,d1db99c1-b12a-4934-83c3-49cf2c966d40,1
13921,d1e58c75-220a-45de-9b62-5f8c3b6b25f0,1
13922,d1e5e7c9-712e-43e5-9fdd-809e714885b3,1
13923,d1e989ff-1a70-46ab-90d8-8f27b381f349,1
13924,d1fd5396-abe9-4871-af9a-68efad317ca0,1
13925,d20047d7-e3c9-464a-bbb4-197cc394c42c,1
13926,d202b6f6-20eb-4eb9-964a-6cd65e90ab32,1
13927,d2061679-f270-40f3-86da-48fc9cec484c,1
13928,d2074842-10c5-45ac-9d1a-84edd46e676f,1
13929,d20f4a95-717c-4813-a879-a29aa644a0d4,1
13930,d2164f13-a708-4c14-8156-41d80934a160,1
13931,d21a937f-fdb0-411d-badf-3968af9f43a6,1
13932,d21bf2e6-f90b-4c7b-8844-d43d13d3baf9,1
13933,d21d89a7-09a0-4fa3-9da5-76b4a4936f7e,0
13934,d21f5b81-7b61-4b4a-a159-7e3f779c7c55,1
13935,d2221b95-9cf9-4b65-8e6a-ea34f8b29030,1
13936,d2230d3b-7bae-4e39-8873-070d1bb10e2c,1
13937,d223a5bc-5cc9-4505-93ed-e5f56bb0317f,1
13938,d223ee2a-f9dc-4ea2-95e2-b7700c3d18f0,0
13939,d22a16dd-79a5-46f1-99da-5d90410b4401,0
13940,d22e49e8-d4c3-45f6-bbd6-a6fbb65281e9,1
13941,d23536d4-b945-4b41-85c6-1c9ffbe153ba,0
13942,d235bf7c-9903-484f-98b6-af8b4cfeb970,1
13943,d236388d-6f0d-4c8c-badd-187d59fa3c25,1
13944,d236fab1-66ef-4fb1-9be8-fb84c211b97d,0
13945,d23e4d70-e079-4dfb-84de-6d52b5791245,0
13946,d23f0cd5-b60c-4212-a3f9-a67de37d9a15,1
13947,d247a4ff-0b3a-4c0c-9c92-a452a2cb9140,1
13948,d24cd8bc-2f10-47c4-88b6-f12191f390de,1
13949,d251ecbc-fc5b-41ff-b250-ffdffcaceeff,0
13950,d257b1b4-8eb8-45f6-9fc7-438cf2bf3496,0
13951,d25a2c58-2708-4700-bc84-82fb183111c7,1
13952,d25b5647-bbcb-4e27-a3b0-7cbf3284bdbb,0
13953,d25b7a4d-3fd9-4d47-920b-8162200f4b74,1
13954,d25e9ff3-4619-4587-9312-bcd23cda5ebe,1
13955,d268a962-561b-4ed4-a8c8-e6f210dff1f9,0
13956,d26d0dad-7ccd-4e84-88d6-563a77839334,0
13957,d2738fd7-03e2-4875-92eb-baf906bde8c2,1
13958,d276905e-9482-4d31-97b8-ae48af73571f,1
13959,d2781401-0d9d-4d62-ba46-4302ad437cf9,1
13960,d27a39af-245e-44a0-8d16-637001b05a22,1
13961,d28a6e3c-afb3-4463-8f91-24b89cc9fc51,1
13962,d28c09d3-7a5b-4c5d-ab6d-3bbb499fdd60,1
13963,d28c7aa1-4e15-4f97-8909-27111afc63b7,1
13964,d28cefaa-e79d-4b55-a941-72806ac9c0a8,1
13965,d2911e56-164d-45dc-ab0b-612783174d03,1
13966,d2970eb2-37fe-4078-a6a0-72149b655d42,1
13967,d29ad7a2-08f7-4563-ad03-d73efc3270ca,1
13968,d29d9b63-2141-4bed-8db4-09a57c4442d8,1
13969,d2a3b64a-ca88-4ee1-9f99-f36e4f8212f3,0
13970,d2a9171b-864f-4cbf-ab7f-de4a64d63169,0
13971,d2acce0e-a8ac-4ea5-9db1-4e92cc217cd4,1
13972,d2affaa7-4ab6-4246-9e8b-db65af72adc2,0
13973,d2b10c47-2e28-464e-ad3b-4e34f28738bd,1
13974,d2b30f48-3bc2-4889-b70e-f48a06945471,1
13975,d2b33dc4-4dca-4599-b224-f4f7f90128a8,1
13976,d2bb346a-0769-43d9-9cfd-887eaaf9cabc,1
13977,d2c49b0f-7b10-4f66-bb1f-8e0af280d47d,0
13978,d2c81568-8ff5-46ed-8a26-85a16b890037,0
13979,d2c8bff3-cf61-4066-9fa5-a149d22cd990,1
13980,d2cf3a23-f2b8-4645-8559-5e578dc95c78,1
13981,d2d20f0d-aee3-4008-ba75-9621ca9f6973,1
13982,d2d4c685-1c7c-4059-b7ac-868b5aff5752,1
13983,d2d51ef9-9e53-431e-9934-08853ee29c92,1
13984,d2e2384c-be8a-47f1-b8ef-538b63abde60,1
13985,d2e3dd06-1d5f-4abb-86b5-0430c3fc4a9c,1
13986,d2e6a0f1-8af4-4665-9b0c-b8583d526227,0
13987,d2e9059b-d6bf-44ec-8f88-f34f2d061116,1
13988,d2eac77d-8cc6-4802-8bb7-1027227f4ce6,0
13989,d2f48bcf-5205-4ee1-b18e-16998216ae68,0
13990,d2f5c478-bf4b-4566-9292-59ed3735e43c,0
13991,d2f69a0f-2470-40f9-a06c-55e9e00c748d,0
13992,d2fa505e-0480-4662-af94-0c74a97b1e9f,1
13993,d2fc41e1-c2a6-4563-9c2a-df9727d11f09,1
13994,d305254f-624c-40ab-8ac6-a2cbbc9ba29e,1
13995,d305b73f-114d-4282-8524-ee51791b9b60,1
13996,d30845cc-fe76-4b06-872a-6601307b3d52,0
13997,d3108ed6-0ad1-49e7-973a-f909e0d1d912,1
13998,d316ec0a-981d-4cbf-904d-937b7f3d0d93,1
13999,d317560a-a120-45f6-bdfd-bac95907e2af,1
14000,d31d61a2-7eed-4ff6-a46d-385ed617e8df,1
14001,d31e1c69-0dd5-431a-8dd3-d82ddab229b7,1
14002,d31e66a6-de49-4a0f-9ecc-ac2f3a87a764,1
14003,d32115e5-4d28-40a2-974a-f42ecd22cc96,1
14004,d3226596-b931-4546-8f8d-14f6a7ea7020,1
14005,d32a85b6-a725-4328-9ea4-17fbf24f8001,0
14006,d32dab8c-0b37-4404-a815-ac23785bf8bc,1
14007,d32f2e9f-5d4a-406d-b78d-49b99afd0bff,0
14008,d3330fd1-b81a-4b66-8660-1e4d8066c099,1
14009,d3344744-8b1d-4dc9-b3f9-4b211a46b31a,1
14010,d33d799d-e518-443a-bed6-8d08eab7c518,0
14011,d33e8a2c-aba4-460d-b394-1a347998dc2e,1
14012,d33fa6cd-a707-4e66-b645-a231012f7b53,1
14013,d34a1cf5-bbbe-4c86-85ed-8c2848214fb7,1
14014,d34b9b4e-60ef-4803-a6ad-b445992b809d,1
14015,d34dc9ee-e2c1-482f-afb1-922e680b3d8c,1
14016,d34f43b5-6866-41ae-95fa-1711efe117aa,1
14017,d34ffa9b-ada8-4eea-9788-7e6bbbdf70f7,1
14018,d350c64c-5786-4bba-9208-15dff15ee1bf,1
14019,d3540a6f-8fcb-4ee9-9753-f9247bbccf6b,1
14020,d3541304-bd11-4d10-ab48-c9d5ba95e5a2,1
14021,d354bc4e-de56-41d3-8f59-bbd9c90f3325,0
14022,d35823f1-09c8-4314-98e3-87c08c771e8e,1
14023,d35a49cf-6223-46af-8d38-f6ba2eb8aeb7,1
14024,d35e8f01-dc66-4582-a219-d378d079c8c6,1
14025,d3626dff-dc05-4467-82c2-2c56928f2d66,0
14026,d363b904-d1b2-44ce-a70b-e4f3f507f5d3,1
14027,d36520e3-d83b-4b66-b8dc-c8688ea8b614,1
14028,d3652a32-fd48-4c05-9efc-ac244ee8c662,0
14029,d36591c6-370c-43d8-986c-74c3f6f4a3fb,1
14030,d3690996-e8db-4ca2-a97a-3efbb2bb9663,0
14031,d3695145-3ff9-4d96-9371-12d9ecc85b3f,1
14032,d36a1f65-1dd5-4538-9f5d-e90fbcd42e71,1
14033,d36dbd14-a15c-4a02-93f2-881b2ca46fbd,1
14034,d3752dc2-c052-40f0-a97d-904d7962da93,1
14035,d375e749-d03f-4b18-ba29-e742a0fc1300,0
14036,d379668d-9533-4cd5-a585-868a7db9dde8,1
14037,d37c6d54-ee92-4c71-a52e-21a69d2aa036,0
14038,d37f8734-470c-4733-ba29-dafcca68f89e,0
14039,d3819ec6-8a14-4a82-8df4-91b23d0f099f,0
14040,d3823044-359c-4567-9c97-87948ae6d2c0,1
14041,d38853d3-e9e0-4e1c-a4c9-35ae970ca270,1
14042,d38cd4d9-7ca0-4222-b1c2-9e8bb54d3968,1
14043,d38d5f4c-a984-4aa8-b36b-4044d7786845,1
14044,d38daa1a-41d7-4759-8277-16828bec7690,1
14045,d391167e-bb2b-4d44-9646-e0be0f58fbce,1
14046,d396cf3e-0ab5-4d5e-94ec-d379a9fc8224,1
14047,d3984577-e0c3-45f2-9319-ab92d4fe5d2f,1
14048,d3987f46-b662-4368-aeba-453e1161a552,0
14049,d398bcad-2ef0-46d8-9687-2eb64e14b3b8,0
14050,d39bf29b-6625-493f-806d-00476f3e0971,1
14051,d39d03c1-ceae-4b83-bd47-08f0934ffab8,1
14052,d3a61d49-0feb-4830-ae9d-6b221376cb00,1
14053,d3a8cf6f-de94-4927-8f22-d40818e906ed,1
14054,d3b28d51-a392-4c23-8907-c463bcbe74d8,1
14055,d3b70ba1-27be-4b8b-8adf-ef7619fc1308,1
14056,d3bd1565-376a-4753-ab6f-f8a861f1f227,1
14057,d3bfc255-da94-44d0-8232-36fa78bb69ff,1
14058,d3c241ac-9a7a-4d4e-b6bc-52efc286b88e,0
14059,d3c9b17b-f1ce-4d23-805f-616e7a5b7b0d,1
14060,d3cda948-4403-42ec-8a6a-dc731fb9a0ee,0
14061,d3d83f44-cefa-47fb-b168-4420cb8fcc1f,1
14062,d3da1534-66df-426b-b060-1c1e47e03154,1
14063,d3da3adb-1359-464c-87d6-d19960d1f9de,1
14064,d3da5ac6-bef0-4303-83a4-62c1573876cc,1
14065,d3dff21a-6f53-4e6e-a226-6ed2a45740ef,1
14066,d3e027f7-374c-422a-9c15-381557e1be57,1
14067,d3e28bd3-6e83-488f-98fe-64cda6fa49ea,0
14068,d3ec109d-c511-4d09-81ab-5eb41faf5b43,1
14069,d3f07f44-2c23-4f73-ba95-80db2948c325,1
14070,d3f2368f-6e3f-4f06-82d0-019f4f792bde,0
14071,d3f3460c-f975-4456-aef2-b0b842ee7900,1
14072,d3fa0a7a-d07e-4f97-9e0a-d566693e6350,1
14073,d3fc40cc-1582-45b0-9ff0-da93079d5bd4,0
14074,d4024709-a7c7-4870-b2ff-dab73547781a,1
14075,d402bc04-ad4b-483e-9887-357ee9b866fc,1
14076,d40cf573-e389-42cd-97dc-457be587357a,1
14077,d40f7776-bf62-4178-8d79-3d069baf5454,1
14078,d411da20-dba1-4267-9435-3271bd278f06,1
14079,d413d7dd-7f75-45a1-9917-f630936b3602,1
14080,d419dfa7-e320-40e3-ad83-22d61a5887d4,1
14081,d4246194-8285-4c43-9ffa-eb7987a8f319,1
14082,d427348f-69f1-4649-9436-d99956fbcb46,1
14083,d42a1556-efc0-47c3-a636-bd031ef83031,1
14084,d42d501a-b7be-4554-91b7-0428573a26f8,1
14085,d432414d-e7fe-418a-9d37-ed656fd07cd7,0
14086,d43914bd-ff6f-4180-b98e-316cbb0dd183,0
14087,d43a1fb9-ab7b-4353-aec1-e10c96d365c8,1
14088,d43f1983-4331-4f65-9fff-fa85249fcffb,0
14089,d43faa8d-f7d6-46a7-9777-4e460fc7e04f,1
14090,d445779d-5ff1-40c9-b209-9a8a4d5b7aae,1
14091,d44eb53e-cb7d-4a50-86f4-39a63c5bf7f9,0
14092,d44eb618-e324-409f-804d-b10f8830b4da,1
14093,d4509632-cd6f-4bec-b6d4-c08000f35007,1
14094,d458245e-07e0-44b2-8319-f27ef2901808,1
14095,d45f112a-251e-4b4c-b64b-7efaf0c8425a,1
14096,d460fac7-07bf-400b-9aa4-5eff1fbe922b,1
14097,d46b14ac-9f62-4a7c-98bf-2bf5acf4f8df,1
14098,d475bb2d-9163-4f7b-be06-9377275a30a2,1
14099,d47b760a-3886-4d69-bd0a-016a258eb4bc,1
14100,d4835d3f-3e4e-4072-b7eb-bb2c4434c58a,0
14101,d4868097-e7c8-49a7-9b02-5674d5629256,1
14102,d48f29cb-a6f8-4bc8-80b6-508d5717eb33,0
14103,d4943dbf-dca5-4eca-a35b-7b7c862ebe8a,1
14104,d49a7aa3-33b4-4140-bc9c-d60bbdfa159d,0
14105,d49e0d42-0cc6-487b-ae6c-884cbbfd7a6b,1
14106,d4a6c9ee-6ed6-47e5-805c-10e16e9f1fb5,1
14107,d4a7ad29-ef74-45c4-8fe7-e4a9581f0af4,0
14108,d4afa67f-77f5-4130-908f-a5b435700800,1
14109,d4bb78fe-4db0-4c47-8663-d28063c5249e,1
14110,d4c31952-454e-48b2-a5de-2f50c3a31035,1
14111,d4c38a35-d41e-41b7-b71a-13adc4643635,0
14112,d4c5d0ab-7a85-4c48-a59a-28b6ea4da500,1
14113,d4c887bd-9dae-4523-a485-0f324aaa9e1b,0
14114,d4cb0eeb-8b98-4547-a532-9e00ec5649b6,1
14115,d4cc0bcf-f63d-4ced-94d7-d708f3155d3c,1
14116,d4cedf15-8589-4532-9bbd-b6dcb3919a5a,1
14117,d4d15c02-6990-4bd5-b5d8-e4c9127ccf9f,1
14118,d4d69148-9f1e-4f1c-8a45-4ed14407b774,1
14119,d4dafeab-c9d9-4148-8d1a-f3ab74336937,1
14120,d4ddd642-be01-42b4-bacb-026a4de1b8de,1
14121,d4e3aad8-11d1-49f7-8e16-ce8a707dd4f3,1
14122,d4e45276-43c6-4314-b2d4-29a37f666de7,1
14123,d4e702cc-567d-4e29-acd0-734ce8701ea4,1
14124,d4e7e890-fe86-4ed1-b501-8884d6f801e5,0
14125,d4ed1b81-3f0c-4cde-bf0b-439f8048c2f1,1
14126,d4ed4eed-d0a3-4264-ab92-7d3628152667,1
14127,d4efab1b-fc87-48af-b3bd-74f48d7bd1f1,0
14128,d4f0d1a6-2774-43dd-8334-03aedc347735,1
14129,d4f17ab5-f546-4e2c-8d0a-93733b0125dc,1
14130,d4f3b5e0-c719-419f-b173-6bb81ad071dc,1
14131,d4fc6724-a8d2-419a-8605-994b238ae014,0
14132,d502ea74-af43-419e-8198-1f6f3ae42b9d,0
14133,d5062fab-b54f-480c-9edd-d1b3fc0bdcad,0
14134,d5078d77-a6d2-443f-a91a-fc22d425a925,0
14135,d517baf1-c4cf-436e-8f5d-81e863962080,1
14136,d51a79de-4c76-4b93-8088-349f83f55c34,1
14137,d51fc5d1-0e7b-416e-91bf-2713e8dfcb5d,1
14138,d5215840-6af1-4d05-9232-e8172d6f38cf,1
14139,d5241f47-78b4-47b2-aa5c-2ea929fefba7,1
14140,d5247625-e709-4f68-93cf-012cb8ecb071,1
14141,d5364437-435a-4f52-b818-cd269761cc8a,1
14142,d53a24d4-8e70-461d-932e-1a63baae9ba4,1
14143,d53f2a46-29b7-4f9c-a268-09283998d0b4,1
14144,d540e5cc-00e4-492b-9116-8ff88f538814,1
14145,d5423ecc-8892-4278-aa7f-4161f058be5e,1
14146,d542f871-ecf6-426f-94fc-dcfd897c5872,0
14147,d5463c02-9ea7-45f8-a508-7888a3574591,1
14148,d548d3af-fa64-46e9-846f-e188438a964c,1
14149,d54acf0a-89f0-4f38-a0f7-8a7c4b1433c8,1
14150,d54c2ef4-af4b-4a9b-9e88-5993bb4a6511,0
14151,d54cfaa7-c3b2-48ef-8681-2b13204cedaf,0
14152,d54cfe30-104b-4feb-bfb1-b964a6509f49,1
14153,d551fc78-fae5-431b-9f28-ebab65956223,1
14154,d5583947-11fb-4b15-8d90-ae390ee8c040,1
14155,d55b8a91-cceb-4a91-b771-0a7337cb5f8e,1
14156,d566a001-821a-4463-8b08-5cf1c593c241,1
14157,d567d45b-760f-4b36-a7da-2412f5ad7b95,1
14158,d568b8d7-f81c-4e45-88e3-340945c969ba,1
14159,d572ac71-3928-4b98-b859-b5aece3d0b51,1
14160,d57a2bd6-2e3d-44b2-a24d-686d80bb042b,1
14161,d57db621-e879-41f6-9c19-ab5f089fd671,1
14162,d580bf9e-cb7a-49c0-8c36-4056eba4c742,0
14163,d584aaa3-1b59-4a35-aab6-b950b25901a9,1
14164,d58697f8-65b7-499f-83af-6015e0593e37,1
14165,d587fffa-010d-41a0-a9bc-2a83552363d2,1
14166,d5893d38-9047-4a0b-b752-da9d5f668262,1
14167,d58c2eab-5a62-4451-a49f-953bd78e50f8,1
14168,d58e8a09-1a2a-4906-bbfe-ab68fbaf6a2c,1
14169,d5984e83-a214-4697-8d73-10e038442e97,1
14170,d59aeec5-dd58-487e-88ae-c0788f292a4e,1
14171,d59d5f8d-5363-49d5-8e9c-83e919d23acf,1
14172,d5a9b772-1f24-42db-9a07-b5ddba4b3742,1
14173,d5ab3312-ab5e-4997-9cb5-821964a9ea39,1
14174,d5ad663b-7fea-43f3-ad77-571d33db0f5f,1
14175,d5af01a0-244c-4e47-859f-383bd179d099,0
14176,d5b00bc8-c572-4f7e-9e26-8f519672c146,1
14177,d5b20948-5d16-45c9-a351-7434c2557d8c,1
14178,d5b2ecd4-4c03-453d-bbcb-ec9786f9f86f,1
14179,d5b726aa-c628-4578-9c4d-b4299f63fd73,0
14180,d5b8735a-3274-434b-87f7-69d70a4f2f71,1
14181,d5b99782-897a-477a-ae91-213dd4003e7f,1
14182,d5bb3d5b-0f77-4807-a386-bfcaa2158b2d,1
14183,d5bb40e7-ea34-4c5e-9782-312aad63335b,0
14184,d5c1f8c8-83df-4efb-88b3-05592e74d50f,1
14185,d5c8a0b5-65bd-4bfd-9ae5-addce729a3db,1
14186,d5c9d4f3-5288-4b29-ab86-75e2f119c2b6,0
14187,d5cd48c0-e5ef-4da3-bd36-53db2015be08,1
14188,d5d0a3fb-1a37-4c24-8243-d30f2b844f4f,0
14189,d5d6cbd0-5b41-4d10-8093-ef75833cc22b,1
14190,d5dd653e-b67d-4be0-b4e2-6b29cc3e8066,1
14191,d5e4a841-62b4-4388-ac59-7dd396008201,1
14192,d5e883c9-32e5-42ef-9025-3c715b5a58f8,1
14193,d5e8d24e-ac90-4c6c-a4ba-8b797d2ab0ac,1
14194,d5efa84a-a266-4230-90c1-80bd7350c06f,0
14195,d5f78a8e-37e8-4623-854a-b962545d3f44,1
14196,d5f9f60a-8a2a-4dc6-8027-d807f00b96bb,1
14197,d5fa8233-ec16-4771-b0cb-b0ae76784ccd,1
14198,d5fab5d2-ccb6-4700-a1fd-2d0b2151d9c2,1
14199,d6026134-1b47-4f96-8e5e-f8e854521e6b,0
14200,d603bdd8-f039-46f8-9031-af07bf480667,0
14201,d606923f-794e-4843-bd8f-9f780b89e85a,0
14202,d60744da-85ea-4a90-91c3-25d998577ea9,1
14203,d607e031-98cb-4b40-b9f1-93ce6abaacaf,0
14204,d60a7038-d400-4124-a614-513123c7b4fa,1
14205,d60e400a-9541-4643-9cbc-a7a95a961cad,1
14206,d60e9dcf-9126-476b-952a-ebc8e160c59a,0
14207,d6100a0f-0676-42b0-a55c-dfa7d081a6f1,0
14208,d612577f-12e8-4567-92f7-0b5eb606d23e,1
14209,d613bd70-5865-44c9-8ce1-81709fa284cb,0
14210,d619da9e-ceb0-442d-af5b-c0c2128cb0c1,1
14211,d61d5453-5750-4e34-a13c-46dfb0c9eb9f,1
14212,d61de99c-71f1-47bc-9324-5a0a725df3de,1
14213,d62904f5-71a0-440b-a419-4050527dc543,0
14214,d62ea76f-12b1-485f-8103-caf033ff56fd,1
14215,d62f69a0-ea3f-40a7-8e4d-c01d1c0bdd88,1
14216,d6378671-495f-4b91-b0a4-182bda8d6b1c,1
14217,d639dbd8-a411-4011-ae92-f9ee68e16e41,0
14218,d63a9965-6710-44d6-b5c4-57b1de607f76,1
14219,d63bdd34-9aea-44c1-9381-63349c144d44,1
14220,d63d4967-552d-47e2-a957-c4b06f38cb9e,1
14221,d641f63e-1b4f-4cc6-b83f-56496b165a5c,1
14222,d64d0787-34ed-4a9b-9729-6a1e5397e784,1
14223,d64eaa98-2d16-4ca8-acb4-9e15de91146c,0
14224,d64f2b4a-20c7-44a6-a242-399053bed17c,0
14225,d64f4fbb-2b03-4647-9175-80c7536c12b3,1
14226,d651eb74-fbbb-4ab8-963a-3f5a3e816377,0
14227,d6520c88-0393-48ee-86f1-3475719ae50a,0
14228,d65282b3-4bc5-4f35-bf21-ed42781a72e6,1
14229,d6545ab4-3b93-4d60-9a5f-d4fed58f9806,1
14230,d65a2a6e-52b0-4f9b-a764-e3507fdc0884,1
14231,d65c568b-6678-411f-94be-db75e5b2a40b,0
14232,d6612055-d3d9-4f12-93b7-2e02b1b1351a,1
14233,d66152d9-8b36-49c0-b1c0-ca8b55effd67,0
14234,d6642b87-6ffe-4c4d-bd3c-248a7d87c156,1
14235,d667a3bd-1ddc-4ea8-b96c-f1e4b2a2546f,0
14236,d66c77e8-ba54-442f-a4da-73464e1af6dd,1
14237,d66d1de1-5c97-43a4-b8e4-5bfd8036366a,1
14238,d67214c3-44b3-44c7-89c9-a8af5b0920d8,0
14239,d6765e9e-57e3-4d74-90c8-cab9a856f12e,1
14240,d677ac35-be1c-4737-993e-274dd29f9ca8,1
14241,d678a919-95ae-4a0b-a1aa-e4681c9282c7,1
14242,d688d9ba-8747-4a1f-b3c6-f2fe1ff37bfb,1
14243,d68ed8df-03cb-4756-83a5-4ed47e4d5aa7,0
14244,d69013a9-2b09-419a-8ef3-0ccc09460ccd,1
14245,d695c07a-0255-4582-a870-48f22b06690c,0
14246,d696daa3-aaa9-44fa-a8f6-37aeef460665,1
14247,d698af8d-2584-4d03-84a9-e889fda7b986,1
14248,d698c6c6-9872-47e5-89e3-c38effcb8122,0
14249,d69cd9fb-afd4-4380-ba37-1b9b4e8d6707,0
14250,d69f033c-6b7a-48a7-83ca-57096c1dcef8,1
14251,d6a8d88c-cf44-4ed8-9fa3-751bb3905eb2,0
14252,d6abd38d-762e-4371-8b86-b5657d0634df,1
14253,d6ae01ee-6bbe-489d-9dc9-75b26c659bee,1
14254,d6ae133c-bcfc-4bae-bb0f-4d0a4a506378,0
14255,d6ae91a3-57a5-4cd5-a675-e0c7e142d8b6,0
14256,d6b27c89-e280-49a3-a563-5827d5271118,1
14257,d6b33d40-4662-424f-8c83-0aeee914264a,1
14258,d6b57505-356d-4847-ae58-e16765af5e10,1
14259,d6b866c2-cf29-43bc-a0ae-12254eea029a,1
14260,d6cbbb27-0387-43cc-8d36-37e9a3896983,0
14261,d6cc4773-ab23-4879-b8e9-1edd2cc7af59,1
14262,d6cd2eb4-d2ea-480c-ba7c-9bafa4c2a8ab,1
14263,d6cf28d7-eb5d-463e-9ac3-dc82ff8abc53,1
14264,d6d2d7d0-0293-4a8e-a757-3fc9f50ca776,1
14265,d6d76aeb-8e81-456f-b932-53e1a79e2395,1
14266,d6d8a403-54a0-43a9-ae75-ff158e9626ef,1
14267,d6df7cad-599b-429d-8bac-d5e7029133fa,0
14268,d6e23a55-f189-4bfd-aacb-9243240e0a3c,0
14269,d6e71880-2697-4e16-a87c-43ba0b9b1a7b,0
14270,d6eb0ecb-c8f5-4ff6-8cab-989d0c7edd6d,0
14271,d6eb45c7-236b-4b89-8fbc-972cc94b95e3,1
14272,d6eba714-cec2-457d-933d-cf67d8e6eebe,1
14273,d6ebae16-4f19-47fe-ab4e-d9281fef3797,1
14274,d6edff6f-6323-46c2-850f-4fc59ffd6ffb,0
14275,d6f198b4-273d-4747-98ee-c25194645a6f,1
14276,d6f66812-36ff-4bc3-afc7-4c7e2e8b7d5d,1
14277,d6f87956-4c50-4c6d-9d88-830b02980617,1
14278,d6fba64b-f472-4d74-86f7-a8f6e3485e40,1
14279,d6fc8398-2bee-46f7-9746-a98815b5944f,1
14280,d6fc923e-2ef2-4400-b5c5-5a59fd741346,1
14281,d6fe1506-93b0-4e6e-bc89-0402a8a4f55d,1
14282,d702903e-8e17-430e-b547-4ed4ab7fc3e2,1
14283,d706f550-0303-4c0d-a2a9-e757df532ab9,1
14284,d70f86bb-32d9-45f9-9582-a491a3c51e6e,0
14285,d7206e2c-534d-44a7-83f9-1da0a66fe66d,1
14286,d720760d-c352-4783-9d95-39e2d4ac9d7f,0
14287,d72664e4-4a14-4379-be3f-e617c11f14fa,0
14288,d72aad74-0ff9-474b-9f65-f9dfd2ca0139,1
14289,d72c5804-545d-4cf5-be7e-e7ba1f2f7c4f,1
14290,d733ad79-60b0-4301-933c-0dd0a36bf0e3,1
14291,d737f751-0620-455a-aece-0d1d9f096b64,1
14292,d73a3ba7-7883-4530-8f3a-663a39904075,1
14293,d73a7cda-3284-4224-bd0b-9d2f912ba2a2,1
14294,d73c3252-62a0-4cb9-bed4-2cc745746e4d,1
14295,d73cc938-8945-4bb9-a9f8-ad190a196846,0
14296,d73f4127-4586-4f43-9922-cca4f009583c,1
14297,d742a7ad-0650-43b2-a0a1-9bde83c6189b,0
14298,d7464d4a-7791-4cb4-a25f-a119840de0b0,1
14299,d74a3452-3924-4de2-b52a-18730600ca0a,1
14300,d74e5a3b-2efc-4482-949b-93da82d374c4,1
14301,d756c863-d10d-4697-afdb-2c060e4d3019,1
14302,d757565d-1f9b-4af4-8a32-2f9f334e5813,0
14303,d75806d1-50a4-495c-a177-56907062b3c6,1
14304,d7583df8-7a39-43c7-b17f-c440b86bec5d,1
14305,d761d6e4-b652-46e3-8e95-56babbd881b4,0
14306,d76539ce-eea0-42a4-990d-afe1ff3f5b2a,1
14307,d768a243-edd2-414c-a169-e0593d40d75e,1
14308,d76d6429-4dd3-4143-8c61-742e455b7906,1
14309,d76de16e-cc39-4bd7-b5b9-9416bee32eff,0
14310,d7705f20-3acb-42a9-b53c-674b9a0bf0e2,1
14311,d77652eb-0c63-4544-873a-b0e84a01f720,0
14312,d778915c-6a1c-40f6-8637-bd303744462e,0
14313,d77accd3-002c-4675-9f5c-1b71b5e79470,0
14314,d78260df-4e44-49c9-9a0a-428a68678c66,1
14315,d7832783-e6f4-475e-8159-f61590098592,1
14316,d7833731-9b6c-4df6-b837-e39560d32126,1
14317,d7847e38-531a-4a59-bc79-96e7177a2991,1
14318,d7850d6a-8382-43f7-bddf-752eba4969bc,1
14319,d78d7562-15c7-47e5-96ae-f3d43f45f814,1
14320,d7904571-18e1-409a-997f-9703effa25d7,1
14321,d7908e60-1cf4-4837-a537-3d38ea9e85dc,1
14322,d791c28c-2431-4d58-b260-fed9452c3540,1
14323,d7929934-8dea-48ae-bd8a-0d10ee287820,1
14324,d796d4d4-72c2-4c7b-8488-6d31b8d9d013,1
14325,d79ad6c7-777b-42fa-80da-ddc0146287f0,0
14326,d79de66c-f5c8-4254-8fc3-85f2e8019158,1
14327,d7a246de-e339-4f5c-90e6-1dca8c102daa,1
14328,d7a29923-f239-4d8f-ae8b-144ec3b6d1c8,1
14329,d7ace8df-5eac-4fcc-9648-61de966f94dc,1
14330,d7ae060f-3c91-4d2b-98ab-413fd924b0f3,1
14331,d7ae44eb-8484-4b5e-ab92-289f0a5fe0ee,1
14332,d7ae965c-8fe8-4a98-8197-31a3201d380a,0
14333,d7b2c1c6-41a6-44ec-8f60-f256d9ac6e42,0
14334,d7c2bc92-a35d-4dfe-a821-215fce859fed,1
14335,d7c4e6f6-39fc-4b0e-af25-0ae1512be26a,1
14336,d7c5da9d-f9b8-42f1-89fc-a1c742bdbd33,0
14337,d7ca63e2-9396-47f2-8bcd-49ddbbc09881,0
14338,d7cb7e52-d96c-487c-a8c0-6326f5489a8b,1
14339,d7d7bf03-5f8a-4b1a-9ce3-c3c5eea2a410,0
14340,d7d7e61e-dd40-46f7-893d-7233f2c4fba0,1
14341,d7d83657-23ee-4589-86ef-e82a1082d544,1
14342,d7db8450-e400-4b7e-a800-679337f9fd76,1
14343,d7de1361-12b8-4949-bdad-ef5923d2f072,1
14344,d7df4cbe-820c-41a4-bb22-e8f093e1729b,0
14345,d7e33a92-de01-44a8-86bb-d5a90dd0a5d3,1
14346,d7e40673-494f-4813-a0e7-4aa592820a12,1
14347,d7e5eac9-5a81-4c35-a3a8-40f08423b23f,1
14348,d7e641ed-0a4b-47d7-917c-139486f9364a,1
14349,d7ecf812-ca29-4264-8257-3a8959982811,1
14350,d7f2eab1-9702-44f6-b666-ed6226223276,1
14351,d7fcc4f1-cb91-4a73-9b43-42f741ccd154,1
14352,d7ff1782-d51c-4b3b-8842-0355016749c8,1
14353,d7ff9ac5-30e6-45ec-8524-1d1c24769484,1
14354,d80004fd-e029-4a91-a9d0-90c5727e8f42,0
14355,d8037bd4-aae9-4b03-bd5a-284d127a3c63,1
14356,d80cf45d-29a9-4115-b30e-a21373327a91,0
14357,d80d5599-713f-46b4-b70c-7b5368d49abd,1
14358,d80d943a-99e9-45ee-bde0-e835e61aa4d0,1
14359,d80f53c8-235c-4476-9a27-eef06e485f89,0
14360,d8177044-fcfe-4c99-a58a-14cb041d4849,1
14361,d81c8cfc-3718-46b1-a142-f18d0589038d,1
14362,d82d0f04-3fc2-4567-8ae6-b2cb9c4a964e,1
14363,d8318021-2796-4624-8704-62d7a64c6306,1
14364,d8369c4d-22f6-44ea-addc-e2687c364fc3,0
14365,d83a270a-ec12-4b1c-b12d-84b6fe2958b5,1
14366,d83bd08a-4471-499b-b9a3-09aa19e1accc,1
14367,d844d0c5-9b31-4e4e-8e36-1ef84b15dab2,0
14368,d84f9cad-404d-4271-a705-2c6ed1038e2e,1
14369,d85209f8-f902-4143-a3b3-e0b5020ae6e0,1
14370,d852d0f6-510f-4572-a718-1559fd0b5803,0
14371,d8560864-a1b1-49cd-83e1-731cbb7d5b41,0
14372,d859deb7-f7aa-49d3-b6ea-62873db992ac,1
14373,d85f8524-24b5-41ef-aef2-8867997b7849,1
14374,d862b9c3-1b42-4902-9e30-3b01015128bb,0
14375,d869926d-887a-4284-9f3e-e0a0c9cd2a50,1
14376,d86b43e9-99c6-4c76-8159-77a46609f597,1
14377,d86de2e3-51af-4449-838f-f20dc718a9c7,1
14378,d871af30-e87e-470c-8b59-4da83ae80332,1
14379,d8728303-52ff-4990-8c34-a2bf9b04c966,1
14380,d8788e00-590b-4041-8db7-4492d0e0b0ae,1
14381,d8794cca-f4a6-4393-adb1-2526ed6c2eac,1
14382,d87a9602-5c01-4ad6-878f-7c0b0ae232d5,0
14383,d88389c6-b2fa-4931-b794-de406f76a1cb,0
14384,d887cc9f-8d20-484e-96c9-ffa045cb8276,1
14385,d88a96b0-d9f9-4bab-ac2a-4d4b57d0cc1f,1
14386,d89218d4-5e7d-433b-a05b-326d20dc17ae,1
14387,d899d8dc-a1cf-4780-a976-9f1853ff2f29,1
14388,d8a24e24-7b59-46d6-a511-4ae595069154,1
14389,d8a76f98-c3cb-4123-bf7f-ed2f93c9a224,0
14390,d8a83f29-88aa-4989-8966-e56c24d0f342,1
14391,d8a89734-9991-4ce6-a028-be864e6d6fef,1
14392,d8a8d02b-3c2f-412e-8f3b-93405bfce6e6,1
14393,d8ae010a-38eb-4b8d-9478-673eeae22d53,1
14394,d8b08f5c-2d9e-4560-9381-69e9b6bd33be,1
14395,d8b1a94c-4c98-4dd8-876a-02d8cacb0acf,1
14396,d8bcd39a-d25a-4ae3-a9f1-c889841e57b7,1
14397,d8bf5c6f-0a1f-4863-bdc5-66b0a1e536b6,1
14398,d8cd8b0d-1355-40f2-9848-2ac9674640c4,1
14399,d8d3f9c6-ca17-4d43-8803-8152421d7437,1
14400,d8d6e56d-47ce-4705-8932-f6b905882114,0
14401,d8db3796-28d9-495e-94cf-4309f3c360cb,1
14402,d8e2dc41-22a0-490c-bd2a-af961e46a1f2,1
14403,d8e5a34b-7b95-47ce-b046-cfbf756ff80d,1
14404,d8e62248-552d-45a7-acf7-67496f338696,1
14405,d8e7e213-3b40-46cd-a29e-5ed3e0f631df,1
14406,d8eda853-d2ba-4ed4-8153-083b76d9f76a,0
14407,d8f6d18d-b1f9-4fa3-8a4a-1f6cf1d619cf,1
14408,d90047bd-07f7-41f1-88bf-ac7b4f224d6d,1
14409,d90405b2-ad04-46cb-9f14-4425f823a7a9,1
14410,d909de73-e515-43d3-92b3-c5174057b2a3,0
14411,d90b4226-4d14-4958-ad7a-70456ec31f69,1
14412,d911bc86-4793-4586-9c00-813d85309e2c,1
14413,d911cc5a-4719-41f2-b339-034d0350f3cf,0
14414,d911e48b-7687-4a5f-bc7c-d6d45c1f824c,1
14415,d915c2f5-2fef-4669-aa2e-d01a15cf73e1,0
14416,d9165227-324a-4227-a3ea-450f987ccfbf,1
14417,d916a722-4935-4875-826b-f2be3bd399a1,1
14418,d9185b12-4b1e-4f07-8211-47f1fa0357ad,0
14419,d91c993a-4dc0-4e77-b840-caf6f7652879,0
14420,d91fb6e5-1555-413e-81e1-1c1ca577475e,1
14421,d9230d73-3a2f-43a4-b54d-ca27c9fb8cef,1
14422,d925529a-6d5f-48d9-8993-a042121f9e9c,1
14423,d92a7a04-fe46-4a8c-b908-1b079126b9a6,1
14424,d92e1005-77fb-4880-ac25-c833f0db80f5,1
14425,d934cddf-d9ad-4486-9913-03c0e7cad482,0
14426,d938525f-bab7-4793-a372-4d34e60dd0e4,0
14427,d9387805-7352-4188-90c2-68f7bbca2b40,1
14428,d93a8107-8605-4b62-8b8f-033d0d1211a6,1
14429,d93ec460-2705-4a2e-92a0-390d812fd159,1
14430,d9465fa4-86e1-48b0-ae6c-454d857384a8,1
14431,d94a68ed-24d4-4d81-a10f-2e3283c6bf04,1
14432,d94b836f-bcf6-4db7-99a9-23cef41d01b7,1
14433,d94d2071-8111-480f-b115-2780340109bb,1
14434,d951a79f-62a5-4cba-887a-21bb9ebfbdc5,1
14435,d9542cc8-15b6-411f-b4e4-0aa35b2c66d6,0
14436,d955efc1-4ba4-4934-871e-2d2023f7c6e2,1
14437,d962c878-aeec-4dee-ac1a-beac2b444af1,1
14438,d969c397-cf15-4c36-afd2-ddc836390809,1
14439,d96d81e1-7069-4ee0-b0d1-3e9f454b3349,1
14440,d96ec330-8745-4b9a-ab94-50d16f045378,1
14441,d96eeb62-d900-4416-a910-e3151b8af5cd,1
14442,d97a78c2-e65f-405e-9b01-785823ed2284,0
14443,d97b8edf-b555-41b9-8cfd-73399c6b86f3,1
14444,d97dd87c-e381-48c0-a53a-34387c8f15b9,0
14445,d97f15da-0fb4-4e68-93f4-95962fb06175,1
14446,d983e6ce-9811-4311-abaf-213ebe9d5765,1
14447,d988f64a-6e44-4ce7-afdc-7e96f1c1b642,1
14448,d98dc1ec-19ea-4e82-95c9-82a91ee9a3ef,0
14449,d98ec111-c591-4cf5-a14b-7ce801dd6f20,1
14450,d98ed83f-8805-430b-a5d5-32d83bf42d1d,1
14451,d993d92d-6cdc-4b6c-88d9-0e1f591b6def,1
14452,d9984b4b-f2f3-4753-877c-251332b5fb5b,1
14453,d9a13c21-1364-4257-8d9a-ac3fee4be6a0,1
14454,d9a1a20f-b33c-49df-a4b8-da98a308fb8b,1
14455,d9a71e40-608a-425c-8b7a-b885af9c83ec,1
14456,d9a82dcf-919b-4115-af33-3495a4cce448,1
14457,d9a8604b-a9c9-432b-a5d7-c38bbf2b6dd6,1
14458,d9acf9c8-3f98-4b1a-bd61-1502b3780663,1
14459,d9adc6d9-49ae-425b-8a08-6a7f382e3490,1
14460,d9b41dda-5346-4f5f-bdc4-c25e2e9b77c2,1
14461,d9ba30ef-c718-41d7-bc66-4f29ac8b2986,0
14462,d9bec768-b634-4d58-8b33-820676d47ec9,1
14463,d9c56acd-a80f-461a-ad98-e140952c4bc8,1
14464,d9d08bf2-0f1f-4d6f-8928-c0e400ac7cee,1
14465,d9d3fc30-5710-4773-b74e-4dc8e81d9065,0
14466,d9d708b0-fe26-4f12-83bf-b4f24ee7e441,1
14467,d9dd2473-dcd9-4ae7-bf44-fdff874d7251,1
14468,d9df9139-a7c0-4988-a6d0-5471e66fa839,0
14469,d9eb979e-8aa2-42af-9e58-2672d381db0b,1
14470,d9ee2991-d6ac-43a6-af3d-af462fd1dd88,1
14471,d9efda4b-adcb-4542-b6b7-f360a32634cc,1
14472,d9efe00d-7248-4171-9e10-5e2795c7432d,1
14473,d9f26ed0-8ec6-4512-83f6-064d9fafa4fc,1
14474,d9f40fd3-b0eb-4cd1-ad1a-bd4f75a7d156,1
14475,d9f75610-eb89-4fa1-a300-31922894abb7,1
14476,da03a52f-d094-4a01-9839-63c2ab0bbc52,1
14477,da06fc40-7773-449a-8436-1e24c100a23d,1
14478,da0790f3-bded-4210-af83-07ade5cac2d0,1
14479,da1abc90-58b3-4dc7-b936-bb1f13b13731,1
14480,da1ee631-2bb0-494d-ae15-cb91e9007db8,1
14481,da26d9e2-0811-470d-8a95-2de1cad10dff,0
14482,da2e6823-50c4-46c6-8e35-9aafbd2136bb,0
14483,da30417f-5769-4fdf-81c5-94d3f1847369,1
14484,da3bb3a2-70f9-45ab-b071-e10f54ef7729,1
14485,da47ca21-8056-4a33-b03b-7554f69429ba,1
14486,da4a25b2-0bd4-4c9e-ac3c-76acdaa0402a,1
14487,da4a881c-35ac-4be1-8a65-713b257c1875,1
14488,da5215bd-850e-4462-9159-e4deca124333,1
14489,da582c2f-4114-4427-96ba-5c8e12f53aa4,1
14490,da5ad19a-31cf-4ae7-9c00-28c320bfc393,0
14491,da5de4b0-e96b-4e7e-9ba7-2ce2dce13320,1
14492,da5eb2dd-015f-4875-a7ad-cfd2b88ce6b4,1
14493,da5ed1ee-11ce-4658-9ced-bbad7c2f44f3,1
14494,da610373-ea2f-490f-ac0d-eab017473589,1
14495,da6beb3b-5295-4180-b6a9-84922b3a3456,1
14496,da6d1679-fc92-4b6b-9cce-b9da0ece937e,1
14497,da74e224-96c3-4b2e-bac6-1d08a4f40b71,1
14498,da756a30-12e3-42ca-b9cf-c3bbe68409f7,0
14499,da759709-e5bf-4f64-bc08-1c1e98489fc2,0
14500,da774d3f-ac6f-4e3d-bac6-72903d394435,1
14501,da79293d-fae7-4334-9ca9-70633683814c,0
14502,da7c310b-a29a-4b16-8df3-dc77180fc187,1
14503,da7fcadd-6eb3-4cd3-b8b0-384614e76cc3,0
14504,da8749d9-1e5c-4bc5-8fd8-e6c1297d7b6e,1
14505,da88e18a-7f10-4e31-b52e-2842d31c3192,1
14506,da8c538b-b5dc-4f8a-b96a-430686b279f5,0
14507,da8d5264-9cbb-48d0-b58b-28d9df8e9272,1
14508,da8e27b7-0e31-43c1-aabf-96f9bc59e4bd,1
14509,da8f0d55-9657-4a58-8a0d-c54acd3f4d0d,0
14510,da934012-49a6-4c8a-a0f3-360011399c51,0
14511,da9a8153-142a-4b10-a4de-af56ec43bb1a,1
14512,daa356c0-a284-41ac-a117-89473f627495,1
14513,daa429ec-75a6-4339-8b40-9525efd0ff52,0
14514,daa473c4-829e-4aef-9aaf-873c0b71331e,1
14515,daa68037-86c3-4b1e-892f-962bfab71997,1
14516,dab1ac58-657c-49a2-baa6-adba4ce3562b,1
14517,dab61d3a-1645-45d9-9169-8dba7dfa2e5d,1
14518,dabb31b0-bdf8-4a7b-916f-7d2bb5f43242,0
14519,dabefb34-2765-47c1-a336-488530904053,0
14520,dac5dda4-3642-47af-8cdb-90a1e0001e8b,1
14521,dacfa7db-77ff-4334-99c3-a2977b8b0048,1
14522,dad2281f-4134-4599-af3a-a41dc6c40967,0
14523,daeb0cd3-f757-45f2-a539-0ba51d0e1ff7,0
14524,daee4a38-e189-4385-9dc8-b59677eb856a,0
14525,daef77f1-ff08-4e9c-8168-cb225882c806,1
14526,daf09717-6e4e-4196-95a2-1a27cacbfe2b,0
14527,daf3ca3b-7f66-4859-b57e-50d4e54af945,1
14528,daf781a2-d1ad-4528-9d12-e3dad8f0698a,0
14529,daf8781e-8a63-4368-9df9-b6f00d6bc1d6,0
14530,daf9d587-469d-4cdd-bd69-05c4e92570ed,1
14531,dafe94ba-49bb-4355-83c6-315adb810f61,0
14532,db02dc85-d222-49b6-b21c-8574bcd25d14,1
14533,db06cfea-65ff-415c-bd33-a7c4c3517d68,1
14534,db0bc19e-870f-423b-b8ee-b40d34240d46,1
14535,db0c90c3-e309-4bdf-87ee-a1d1e35a8ce4,1
14536,db138ef6-4457-4775-b0b4-80d686284ca9,1
14537,db13ced3-109c-4fd8-b67a-da6838388537,1
14538,db1537d8-ab04-427d-bda9-34dd3b7436ca,1
14539,db1a465e-b956-41c1-90d5-7430fc22c9a5,0
14540,db1e5ba4-732f-4ab8-ac1d-2ca263730c56,0
14541,db355e3a-be53-431d-9bab-37ad750a66e9,0
14542,db3a6d42-0c5b-4b66-bd9d-56ca8fbbeb62,1
14543,db3f0fbd-bf96-4647-8666-0048628d6175,1
14544,db414eb5-666c-4013-97f4-f7b34426103c,1
14545,db43adea-1d5a-48e1-a69b-70d299334e8e,1
14546,db43e0b8-c4e8-4533-b06b-e080c6b475e2,1
14547,db448a45-d79c-4059-bbe5-29101767e337,1
14548,db47ef5c-2756-4b7d-8519-687aaa410fd7,1
14549,db47ff60-1569-439b-b5e5-79904a8f37af,1
14550,db484128-9893-4709-8ce2-2d9620e766ab,0
14551,db496c07-047c-48a3-a394-edc91fe76547,1
14552,db54058f-b04b-4dfb-8126-a3c641db1796,1
14553,db57ca8c-cba0-4bab-8230-6014dbc7fbbf,1
14554,db5b569b-c4de-4a2f-974d-27ceb24c3b11,0
14555,db5ca00c-b3dc-4876-9fd7-1206bb898fe8,0
14556,db5d45cb-f7f3-42b0-bfa9-1700c7973a6d,1
14557,db6117b0-70a8-4ea5-a578-d0acb680fa85,1
14558,db697c6f-b99d-48bf-bb3f-cb67e885a0e1,1
14559,db6fcec4-ef0a-4800-a685-e9014375777f,1
14560,db7167b8-0860-425c-8862-ac07820ea994,1
14561,db73c90b-538c-460e-87d9-ff747a102df7,0
14562,db84e543-b84c-4645-8155-0906c7fd5c7f,0
14563,db8935d5-8725-4656-97c0-daad5f97de20,1
14564,db89e493-0089-4d52-9f3f-2772a30c88e3,0
14565,db9a03fa-2dd3-4288-a438-2055fe83891b,1
14566,db9ddf70-6083-4db6-8b07-30526e5cc3be,1
14567,dba104f5-d4a1-40d1-87c4-449b5a519fae,1
14568,dba59250-013b-4380-a095-76f2dcfa76b0,1
14569,dba91245-15d6-47d6-ae03-a081a512d119,0
14570,dbb19573-f8c4-483c-a9ef-57b4ca3cfc5f,1
14571,dbb256e4-19d9-410a-ab0a-782bb63fa411,1
14572,dbb64ca8-a7f7-457f-90e2-cab821644d39,1
14573,dbb9c83a-00fb-4006-9432-fc7608f9457b,1
14574,dbbb5fbe-2ec4-4e4d-a436-ef53d50f94b1,0
14575,dbbea09c-af94-404c-94e1-fab859032ed5,0
14576,dbbfacaa-c1d5-46bf-bcf9-52285c989edb,1
14577,dbc0ed7a-cc5b-48ef-b662-9c0f8c726160,1
14578,dbc2dce5-c42a-4232-93ef-67d94fe61b0f,1
14579,dbca8ea6-6954-4d90-ba42-8d974d4b6c5d,0
14580,dbcdbfdc-78d9-405a-b941-f7488ca3e696,1
14581,dbcf3bd8-40f5-48c5-8c69-6837dbe01a10,0
14582,dbd31ddc-c47a-42b3-9f79-2e3c751a7989,1
14583,dbd549d8-6870-4492-b955-ae30b612901d,1
14584,dbd854ce-f310-4667-afd4-20ca1f6e2383,1
14585,dbd85cd3-ae6c-496a-85db-a86eb0009fc4,1
14586,dbda470e-9bbe-499f-8885-d1216c42f5bd,1
14587,dbdb9d75-c95a-4fac-9eb0-3383fcb8e229,1
14588,dbdf2920-8573-4360-8ad4-36cbb30b0172,1
14589,dbe31b7f-b0ac-4231-b5c2-e113796bc48e,1
14590,dbe42097-2f4c-44f5-baa7-c74190a46517,1
14591,dbe4d175-0a42-4a1e-bdac-ba103d23f58c,1
14592,dbe616c2-5bf1-4f13-9ec6-8be57f3be243,1
14593,dbf27aba-4d70-4f2b-ac8a-8fb9a49de2e1,1
14594,dbf6ba4b-718a-4609-a603-5d6abfa983d2,0
14595,dbf94513-3288-4241-9774-4a0169758388,1
14596,dbf9a368-d26c-48d5-8662-0f43b86f34fd,1
14597,dc069955-522b-4a97-ba1f-ed7a89b5b03d,1
14598,dc073191-c0db-4f55-9052-fa78d325eeb5,1
14599,dc096014-f24f-43cc-88c5-d588d0c832d6,1
14600,dc0b3674-c3ff-4bf3-b2a0-012d06c63d1f,1
14601,dc0c83b9-21d8-427c-872e-fcbd341349f2,1
14602,dc11489b-0856-4ab0-b8b7-5e7c741ee50e,1
14603,dc145a46-31fc-4719-b20b-5e382476c399,1
14604,dc17d896-cdc2-4b13-b32b-1252e63f03e5,1
14605,dc193a3f-2f41-4a3c-8fe1-6b7b228d4781,1
14606,dc1a0f5b-dfa3-4e21-a5d8-7306c0f20f9e,1
14607,dc1a7c61-0665-44fe-b8aa-e646c92fb906,1
14608,dc1c8b9a-db2f-4c36-969f-2f26b2f5d139,0
14609,dc22ea3a-00cf-4d79-8edb-ef5d7694671b,1
14610,dc233eae-ae9f-4c84-a4d9-268d52df4426,1
14611,dc2658ac-882e-4d25-ba48-87c03c1df25c,0
14612,dc36f3be-a96a-4626-8221-07a9413540e9,1
14613,dc40588c-4c21-4f06-9fac-47c7f59a5a07,1
14614,dc4b4906-e7b1-443f-87c0-d2521a470282,1
14615,dc4c5ca2-de4e-4cf7-a93c-c4d938edf5c1,1
14616,dc51b19e-f7a7-4bb4-8b7c-ac4f948ad879,1
14617,dc520877-e02a-4410-aac1-1e0cd9f5869b,0
14618,dc699797-3599-4a0c-a545-05ec91866b99,0
14619,dc6e20b9-fea2-4d35-a43a-79b9a319cb83,1
14620,dc744762-6a37-4f40-8bc4-5b368dbe74b2,1
14621,dc744ab9-297e-4bdd-8429-a66c371496a2,0
14622,dc74ed59-5eb1-44b0-9952-b43c14458f3d,1
14623,dc776df4-5e44-4ce0-beb5-d2ab91e81e53,1
14624,dc7b8a45-c37f-4c3f-9366-59af2d6aa4a3,1
14625,dc7cf7e2-8da0-44cc-abc7-60200d304539,1
14626,dc83eb82-e981-4b2d-94d5-d725e695d716,1
14627,dc8a0d1d-0ee5-45e7-994b-a0f6d1d8d9c9,1
14628,dc8e9454-48f2-4ffb-acc7-30d3782a47e5,1
14629,dc8fb01e-e221-493b-90d4-f526d56d6fae,1
14630,dc90e4b5-81c2-4f14-b276-d3a1f8f8be1a,1
14631,dc97bd02-5f8e-4e27-bab6-05e3fc0f498b,0
14632,dc982c9c-8ed8-49b9-9131-e47573bb3485,1
14633,dc9b4128-7efb-4148-b195-07773403c3e4,1
14634,dc9e11af-629b-45d1-88d4-e7f8a40b272e,1
14635,dc9ef849-0d5d-4f42-80e6-1128d594bb60,1
14636,dca392ee-deab-45b5-afa4-0b21a8071b08,1
14637,dca564d3-95d5-4a3f-9569-0771d29f2522,1
14638,dca9d715-a782-4450-ba5e-a639291d0ff7,1
14639,dcac8677-aa65-4a86-96cb-39c77fb39cc6,0
14640,dcb03478-91f7-4a23-9e6f-ee558cbfab26,1
14641,dcb6fd79-9cdd-4c42-a8cb-36806b5ef979,1
14642,dcbbec9e-3263-4f18-ac2f-7e3ea96aa2c7,1
14643,dcbfedd9-480d-445e-a04b-9ddf23ade941,0
14644,dcc172af-0a5a-4d34-8a58-375f189f80ec,1
14645,dcc1cc5b-d78b-4327-8728-a995961a957e,0
14646,dcc37f7a-fc4c-4c50-989b-071087f5268d,1
14647,dcc4a03e-5b0f-42fb-93cb-210f98590dc2,1
14648,dcc619a4-bcbf-4590-873e-2df92cbdfb82,1
14649,dcc6dc6c-eaa0-45a9-9e42-498a215760d3,1
14650,dcc89caa-8501-4793-ae74-3ab12600665c,0
14651,dcce7f5a-e19f-45a6-bee1-305a8989a192,0
14652,dcd22dbc-4342-4fb2-b11a-4486a51d8314,1
14653,dcd8b400-fc12-4d55-8faa-37cc0901f093,1
14654,dcdce3c7-9e4f-4557-a9de-bd3ea26eb699,1
14655,dce45d63-7d1e-4bb8-8022-dbff3b6b7a2e,0
14656,dce6c4fa-3c94-41ac-ba7d-01685f84eda9,0
14657,dce8514f-c399-43b5-9a2f-8678aae1fc6c,1
14658,dce8d9f6-ddad-475c-bbf5-9b2d42138beb,1
14659,dce9071f-b3d3-459d-9d57-2e0c90206276,1
14660,dced29e6-2ab5-4293-b829-520da61656fa,0
14661,dcef36ae-20e6-4350-bf5b-4bad35ec0bcd,1
14662,dcf52620-cbc4-4ab7-b310-c1203689bf3a,1
14663,dcf72b40-6dc5-485c-a0a9-05b1d84f20e2,1
14664,dcfa1188-fe26-4ac0-8d3e-5854093e0496,1
14665,dcfb1f7b-bd5f-475c-aa0b-92814630262b,1
14666,dcfce03a-b4db-4ef6-9c38-782e14318abc,1
14667,dcff56d3-e159-4c24-9335-c0e1af967785,0
14668,dd05e37e-895c-45a3-83dd-97e63942f056,1
14669,dd0ac708-09f4-4bfb-9651-fbd1f64306dd,1
14670,dd0c2911-3efa-4639-972e-52abe04c3992,1
14671,dd101a9b-7ba9-44fb-b19f-47404ec0ddee,1
14672,dd108e52-b3b9-4a39-acd9-7cf4dc170d7f,1
14673,dd156044-f931-40cc-9b47-973254cb4076,0
14674,dd16fa90-ef38-4c4f-a253-fa45a31cafd2,1
14675,dd176e1b-9792-486b-9298-5e2e4eeea7bf,0
14676,dd18fc38-ef7c-45d8-9ada-5f7e3f0d4a18,1
14677,dd1a69c7-5c72-4dc8-b7f2-6da43505c63c,1
14678,dd22e4e3-35c1-4457-81f6-e218a2ab3dbb,0
14679,dd23fa7b-a640-4386-b0f3-ddac0e202200,1
14680,dd24e2cf-00f6-4b2c-9ddc-8cefcb40d1d4,1
14681,dd26e516-5af3-4b71-aff4-1f3827e6d59c,1
14682,dd2ea6f7-dfc8-4e72-83ca-de926e576b9e,0
14683,dd310c2c-bfcd-4c40-9148-0770fb36f4ed,1
14684,dd337eda-4da6-40bf-84e9-f0598351bd79,1
14685,dd3db3e3-cbdf-4bd3-bdc4-3132cf7c58f3,1
14686,dd3e719a-88bf-4462-b7b1-14bfbde035a0,0
14687,dd3eb4b9-4bcb-4e1e-b807-1a8af406a323,1
14688,dd3f614b-a92b-44e0-ad27-3281ffd8cace,1
14689,dd41be9d-001f-465d-80d9-52bd1e54f653,1
14690,dd42b60e-81ba-4dde-93b3-74ccb7e3c1f8,0
14691,dd45b8b0-64fa-4b2e-af81-e4a01a834367,1
14692,dd47c87e-04d2-4bb2-bc9c-16a96e000cd5,1
14693,dd48289b-c888-4d81-ad1a-e3b1ba76945c,1
14694,dd497e32-f4ab-454b-a8e6-e4bdcc4b468b,1
14695,dd53c6af-b05d-4895-a1fb-5b0df2b10e5b,1
14696,dd554450-aa11-4f9f-873f-95945bbc8f2a,1
14697,dd586c92-9e54-41c9-8c13-87ad6b0fce4c,0
14698,dd588e4c-ffd1-4176-bd9f-b55ff5c1db05,1
14699,dd5a3c37-c0e1-4874-8258-5b33daf89718,1
14700,dd5caa7b-2ca7-49ae-b6c1-533bda20a30f,1
14701,dd5cf88c-50e0-4a11-b337-299789620dd4,0
14702,dd5eb55e-dcc9-4fa6-9c55-ae3f36d50e39,1
14703,dd6b215f-3482-4bfe-b369-312625279372,1
14704,dd6c96c6-abcf-409e-a3e3-2afaa1882ca2,1
14705,dd7544b0-8cf8-4e04-aad7-72dd519133dd,0
14706,dd75526b-8531-4883-a98c-9c536d6feb4d,1
14707,dd7b24ba-46b0-455f-9578-23da32adb111,1
14708,dd7d8b19-a67a-478f-9f65-a454325d9744,0
14709,dd7f267e-381d-4656-b493-98cef811c899,1
14710,dd82b5fd-e303-4320-8a51-1831d889e558,1
14711,dd83dc09-5b1f-4188-99e1-c70b5e5058e1,1
14712,dd864739-f99d-49c5-8478-af4002f60dfc,0
14713,dd8b1c98-d46f-4c88-9ab6-5e6260ef4c56,0
14714,dd8ce13b-427a-4431-82b2-0b7fe0772e78,0
14715,dd91b238-0c28-43ec-880c-9cc86e065340,0
14716,dd921471-b27f-4538-8a71-138202446e55,1
14717,dd93d11d-28cc-4281-82ab-5b2708d2450e,1
14718,dd989134-ca9d-4cc7-84da-6e81592225b2,1
14719,dd98b499-9bd5-4f68-bd52-75541b6b2e70,0
14720,dd9dc426-fc33-4efe-a6fd-e44a2f0e672e,0
14721,dd9fddcc-c90c-4edc-90da-235811213121,1
14722,dda1c82c-13c0-4e9a-87b8-276958ad6b83,1
14723,dda1fbbc-6270-496d-8f83-4175ccb988e1,1
14724,dda73821-c0f2-43e9-8693-dd9ad9547b2e,0
14725,ddab7bbf-b594-4407-8588-b9d3e71e7fa7,1
14726,ddae2e9f-0e9a-4d3e-b8c3-0b7a4200d86d,0
14727,ddb2a594-cae9-48a8-b5f7-11621b13d024,1
14728,ddb31a7f-5582-495d-bcd6-bfca3354fbbe,1
14729,ddb6d946-fc42-4754-b107-cf8b0a96db19,1
14730,ddb75ec2-544d-45d5-aec1-d506693c1ea0,1
14731,ddbaba74-edb1-46fe-8678-c753ccaa5405,1
14732,ddbcef39-ff95-4ed8-bbaf-9cc8a0d81562,1
14733,ddbcf183-1a8d-4a4b-b94d-2f3560e921d6,1
14734,ddc23e60-2d42-4032-a6df-3f08ff7ecdd9,1
14735,ddc8c6ba-26ad-4330-9de5-635225cf7ac5,1
14736,ddc8e3da-d6ee-435f-b0e7-d6eec0f19c35,1
14737,ddcc7444-2223-4524-8f7b-5da0b95ca136,0
14738,ddce2ba0-db2d-48b0-ae95-9d05561d01fb,1
14739,ddd0097c-4d70-4b48-903b-e2fc3190d0dc,0
14740,ddd32d52-9deb-4820-8cc6-8e597997a029,1
14741,ddd461fa-b15e-4fdc-95b8-4da7f6834357,0
14742,ddd91858-1c34-4db7-956e-8a0775d35cd1,1
14743,dddf16de-7aee-4c16-b524-ceefd79ff66e,1
14744,dde0fce5-5411-43ae-89e2-913d0cc91cc1,0
14745,dde284c3-e79d-4e28-b1d1-0bb3e8afa53f,0
14746,dde51d33-e20d-42db-815e-f28c49685fc9,1
14747,dde52933-c0c4-4d76-947c-a2d7fd51d594,1
14748,dde9317a-cd9a-43d6-b439-8d4db4b42e75,0
14749,ddecc3ef-17c1-4897-97ee-85073a4728d3,1
14750,ddf2d68c-8364-43fb-a747-a4379945d11a,1
14751,de027e9d-551d-435e-bb09-b43e388ec1ea,0
14752,de07dff9-04c1-4019-b1f6-2a0397aa2665,1
14753,de099f85-c6a2-4dc5-9283-65c116812da2,1
14754,de0b5433-51da-495d-917e-0d86d287023f,1
14755,de201ce7-bed8-4949-9ca7-8f07f4143f46,1
14756,de22f5eb-cee6-4193-a95b-1368371b34b9,0
14757,de2a674f-4702-400e-891e-b4c4d468f4f6,0
14758,de306d0b-2c48-4775-a233-0536f5c4c6bd,1
14759,de3bc16d-cff5-483a-a2d3-1d04805232fc,1
14760,de3d43e5-c616-434a-8273-6901bf2b8eab,1
14761,de3e8329-872c-4e05-84d7-d7b149cc2872,1
14762,de3ea8ef-dca8-4717-9ab9-8e291d1bf5e4,0
14763,de407090-52f0-4064-a2dc-fb117aebfd2a,0
14764,de453a3e-b2eb-4c8e-a2b4-dd20ed8e72a2,0
14765,de4ad928-d4c1-4109-98dc-f7e5f40abedd,1
14766,de4cbb61-2604-40b6-b583-2d697f49eae7,0
14767,de4ece03-5ee6-4572-b14d-3c57d0296a37,1
14768,de4ed7f6-2f9d-44ef-89ef-ca341ecda7b5,0
14769,de52946e-5a98-4d97-87e2-c7af47812697,1
14770,de548f39-a4ee-4965-8bf5-11ca1557443c,1
14771,de5ed766-6284-4ecb-9e7e-0a7ce6a67c2a,0
14772,de5fd843-ee4b-486e-a279-4eba1bdb9339,1
14773,de602013-571e-4ba6-b710-35c367a1a425,1
14774,de63f6ad-88d6-430d-b85c-4130abe15ed2,0
14775,de646e8d-5ae5-4fff-94b5-621a626d6abc,1
14776,de66a857-36f7-49ca-863e-9c381f582c20,1
14777,de6f91ce-cce9-4ed9-ba68-677cc31497d3,1
14778,de723a3a-f846-47d3-994a-8ac7dba6d6ec,0
14779,de7a0849-f485-4f41-98e1-a319aeebc79c,0
14780,de7d39ed-0074-4914-9175-fb9748617d32,1
14781,de87fa15-7c20-4738-a06f-a865188e5bd9,1
14782,de8aa086-60c0-436e-a215-ea8c03d3dc56,0
14783,de8ffe4e-c679-4de6-b61a-c3ec57e12e7a,1
14784,de95a0c6-d166-4101-a11b-357cb329bed8,1
14785,de968fa0-b4f1-48fc-a2bf-65c25b411bba,1
14786,de9cfa16-8c51-4e49-b66c-87e017935736,1
14787,deb0d0ae-f95a-40ce-a357-7aef15586f13,0
14788,deb35514-9ada-4953-be5b-61bfa149ae8d,1
14789,deb6543f-2cee-4071-bc15-fccb9304a19a,1
14790,deb97be3-0724-4334-8e74-6f2882f29eeb,1
14791,debd7f3f-6495-47e3-977e-71c18fb876f8,1
14792,debe6b6c-d5fd-4ded-8fee-ac37ef047c76,1
14793,dec2d108-625e-43b2-8251-506bbc7125ee,1
14794,dec559c8-dea9-47c2-ad76-abaab8f7387e,1
14795,dec66329-6532-4998-85b9-07c997b861d1,0
14796,deca2913-df60-4290-b14d-c51542f893dc,1
14797,decce545-bba0-441d-80f8-2aeed506dc61,0
14798,ded2d533-7dab-4f1e-ab23-4b57380c87ed,0
14799,ded496fd-3192-4fab-bf79-5f1c2de809cb,1
14800,ded511b4-b86a-4a70-8413-cf55b2c61c0d,1
14801,ded59709-f41a-461b-ac7c-0d3690910bc5,1
14802,deda1a85-c158-4edf-8961-93abdad3d9d6,1
14803,dedcac0c-6c94-42a0-9e66-e54cf0a28f9a,1
14804,dee4c899-bc4d-42de-b556-07c9fd3fb82a,1
14805,dee8eb04-c81a-4f47-87ba-c7a77761778f,1
14806,dee90b9b-6f0b-46d2-9541-3e841343d46f,1
14807,deed4c47-d73f-4255-b91e-fe1bdf04e57b,1
14808,deee0c39-b2b6-43c8-9e44-bcf190ed1842,1
14809,def04db3-afc1-4d08-a138-5fb0260f4839,1
14810,def0ad1b-e37e-42f4-84df-86f8807b3247,1
14811,df07669e-6724-4fa3-8aa8-5afddb6f9188,0
14812,df0c4ebd-d9cc-4e82-b41e-a35294f79f72,1
14813,df0da062-7ae5-4576-a87e-fd17c6ce97df,1
14814,df141b17-1089-4b00-90fc-dcba2530b835,1
14815,df1d6759-e9b1-46bc-8829-13241f2e509c,1
14816,df2570fc-7223-4d5c-97c9-d96e7795c5d5,0
14817,df263a34-8dbd-4c5c-b252-feb98a0a39c0,1
14818,df2b44f4-1427-46ef-8caf-a3e054a257ba,1
14819,df2cbef9-f465-4929-bda1-3d66a2508dbb,1
14820,df2e9d2c-10f3-4588-a43e-724d584734bb,0
14821,df3206d6-b34a-46c5-adbd-d8976330179e,1
14822,df35f276-6cb0-4567-8366-b0abfda08b78,0
14823,df36c269-6ba2-4e7f-b31f-062dab85506f,1
14824,df3b451d-147a-47b9-8006-62a95d4bd26b,1
14825,df3faeb3-1531-4450-9551-0f2939e3e108,1
14826,df3fed4e-0394-4dff-8253-d2c5ce6cbed3,1
14827,df5712b7-eeae-42a9-9855-3df60639f7d9,1
14828,df5984d1-bab0-4cb6-9a32-f2e68d6c69c3,1
14829,df5aedb7-0974-46ed-adeb-135f50313dd4,1
14830,df5fead6-30ae-4776-8f64-683bca725cab,1
14831,df60e257-d59d-4fb7-aaa7-90de2ca44b5d,1
14832,df624d83-61ef-473d-bc63-ceffd3dab8f2,1
14833,df6297a8-a560-40a6-a701-e7f6eaf90812,1
14834,df64f47d-67d6-422e-8ff7-7523a72a2692,1
14835,df67bb0f-13af-46db-b7e9-50d8032c03c7,1
14836,df6c9bc8-47c8-4d96-b28c-f342020d0335,1
14837,df6cbcc0-7cea-4800-8b69-fe22f59d7bd4,1
14838,df6f010a-1c69-40c8-a60b-23ad4a20ce7e,1
14839,df7091f4-c850-4134-bae7-b3a68ccff2d4,1
14840,df7faab9-5601-4eb2-a169-26294bd40e3f,1
14841,df810ea5-08a8-4463-b137-af0dff356e24,0
14842,df83de7a-b8f5-4216-8148-e8e6442cce81,1
14843,df85cee2-4fbc-43c0-b286-07115e7238c4,1
14844,df899f95-5823-4349-8387-95e1bcfccc48,0
14845,df8abb41-8d4f-4dfd-9afa-b6ace511ef6c,1
14846,df8bbc4e-db9c-40ba-ae9e-ebd0df4e2f80,1
14847,df8f7e16-46a7-4f2a-82c1-20005af99a8d,1
14848,df8fddb3-d2d8-4f3f-ba08-50eea268089b,0
14849,df90c494-bcbd-47fd-98b9-6257c6768bfc,1
14850,df963725-456f-4837-b747-9a9cd92125cf,1
14851,df97121e-0e06-43bc-9955-df86bf468544,1
14852,df9dc2a0-df55-4243-9523-6181d85eb4da,1
14853,df9edc6a-629e-467b-af61-3d7fe242734d,1
14854,dfa2949f-9877-445b-8c9b-388ca60d063c,1
14855,dfa609d4-7966-4487-985d-2fc32e733808,0
14856,dfa9bbff-6d46-4975-9011-57477a2abec9,1
14857,dfa9f7a0-ad7f-429f-85c4-aefcf061010e,1
14858,dfac9cf0-a8a1-4258-b805-8609c859180f,0
14859,dfb04c5c-5d90-459a-93fb-1bcd4cf4454d,1
14860,dfb1db5a-3356-40b3-8fad-ecaac5be752b,1
14861,dfb2387e-2cac-4788-8a9d-841d08fa8b94,1
14862,dfb593b4-f634-4344-abc3-b99b077e218a,1
14863,dfc19c26-0056-4345-af50-4ff4ca44dd5e,1
14864,dfc34752-113c-4bf1-b054-20df8027597f,0
14865,dfc7ee72-d8c8-48fb-9cff-4e761aa8d62e,1
14866,dfca3757-d909-4c84-8da9-940d229d57db,1
14867,dfcb7517-be81-420c-965a-bbe0c154dbb5,1
14868,dfcfa2d3-adab-4c33-bcf0-70fdc59be13f,1
14869,dfd1a77e-bfab-4930-9c31-eec22a4ec733,1
14870,dfd4c1f7-50d0-494d-87f2-774082a7439f,1
14871,dfd94db5-a905-4574-80d7-73481083dcdd,1
14872,dfdb434a-0554-4f7c-bf33-f9459b30b2f8,1
14873,dfdcfe17-f5a2-4ea1-9836-f96b36051e7b,0
14874,dfddcd0a-cfee-44d7-b689-153c6195d52e,1
14875,dfde29f2-b26f-4e02-a324-acdfb99dfc18,0
14876,dfe0c677-81cb-43c5-b24c-c6d7fae9457f,1
14877,dfe47bf8-378c-406c-bc8d-4bb24be1a75e,1
14878,dfe90f30-4e0b-4424-a059-14eaecc680a7,0
14879,dfeba532-5273-4429-936b-3fee5ec66809,0
14880,dff50f52-0ace-4c6e-9804-af57986a0663,1
14881,dff52575-b65c-4d7c-a359-7b4213bbab9e,1
14882,dff877fa-f161-44e7-a260-f159b2322a0d,1
14883,dffab842-261c-42c5-90d6-6a30f0c8be3b,1
14884,dffab8ff-9d52-40da-9f9a-d2ac3208a3ce,1
14885,dffbfb23-ac8c-48ab-a300-f87e3d5667fa,1
14886,dffcd40a-03dc-4dcb-a6c5-c5b761031844,1
14887,e000925a-6e99-4d4a-8cc8-240da84d9f6c,1
14888,e0065efd-9f2b-4419-8901-77f9fd4a2c95,0
14889,e0080a23-066d-45aa-9c24-a6dc7babe956,1
14890,e008b84f-0dc2-4f56-8511-c6621dcee78f,0
14891,e008e712-41af-4293-a4fc-92b8a2581f8e,1
14892,e00c2f81-d529-489a-a9e7-eb9f8e0a6f10,0
14893,e00c9512-d51b-42c7-aef3-6657716de9e4,0
14894,e014711c-5f8d-4c08-ac09-0f4e82d143de,0
14895,e015d14f-134d-4320-8fec-0219105cd224,1
14896,e0173416-86d7-42a4-8502-7eb4b18df225,1
14897,e01b001b-1f82-448a-a367-d696b229d02e,1
14898,e01dc555-79cb-43d0-a56b-f6d082b83bb4,1
14899,e01f124d-0849-47c3-8e0e-0ec7f66fba47,1
14900,e0230548-a7fa-4573-8625-35869024af59,1
14901,e02e0e96-b668-4990-9221-75b87d693212,0
14902,e0393fc3-6792-46d6-9efe-27fb673fa945,1
14903,e03ce249-2b38-42f4-a35e-a9b325b7b0ad,0
14904,e03f3a72-4945-43aa-9985-2932d8cc2798,0
14905,e0453688-7809-4509-9e76-6f21a76a6361,0
14906,e0503c46-0b9f-44d0-92cc-1f16727dfcd1,0
14907,e05079b0-7750-4202-a11e-1d255142658b,1
14908,e050998f-2547-4597-8a82-dcc35916e9c6,1
14909,e050ebce-bc39-43e8-babb-3da16fa08694,0
14910,e05282e4-2527-4b28-93ae-7e93f7e6d7c0,1
14911,e0530a0b-c28b-4aa0-a5fa-b6f1fe93801d,1
14912,e0544642-30aa-4ea6-9f82-bf4975dae37a,1
14913,e0549270-c1eb-4ca5-8080-be5026596483,1
14914,e05db8cb-959d-458a-860d-91a3d9aedd5d,0
14915,e06701c6-837e-4994-9988-1d9ae57fb863,1
14916,e06d0623-444f-4fd9-b084-2e7bcb09695d,1
14917,e0725726-4fab-41ea-b86d-5d1485b20c56,1
14918,e07556c6-8713-4e9c-86e6-2be7e1f24c5f,0
14919,e07893a6-7225-4bad-9df1-5921c173076f,1
14920,e0796afb-498f-496c-b378-9137cb68f9d4,1
14921,e0838dee-b21e-43cf-af1e-fca7635d56f9,1
14922,e08bee5d-a746-4deb-87bf-34faf3bae4f2,1
14923,e08c82d4-5ca5-4e0f-8ad3-d13162904403,0
14924,e08fde06-027b-4dfe-88b6-28ceeecde7b4,1
14925,e09545ed-6b58-4420-ae05-acab708ee2cd,1
14926,e0969960-6b7b-4794-b896-3cd87dbc407f,1
14927,e098f67d-722c-42c6-8759-9131af19742f,1
14928,e0a24e3f-abc1-4295-bbf1-30f2a42e1340,1
14929,e0a32ca7-80d2-4804-aff3-88cf65858c4e,1
14930,e0b21cb9-68c2-447e-a8a4-f552379598e5,1
14931,e0b57a02-aba0-46c0-862b-4e5d82175a2d,1
14932,e0bb0a8c-8199-431a-971c-a84303bfabb6,1
14933,e0bb1d24-18c9-466c-bd36-a1156adf3f45,1
14934,e0bc255e-1c56-4a9c-8d18-343ab5ea2315,1
14935,e0c76302-e7c6-40ec-bda3-e47dcbfe5015,1
14936,e0c83b2e-7c2a-4891-bf63-8f4417b0bc7d,1
14937,e0cf4294-b4a2-46e8-a9ab-77230913dbea,1
14938,e0d15a72-dc5c-43b7-98ed-46f3b3ac6004,0
14939,e0d2a911-8436-403f-96ee-88e5b2a71929,1
14940,e0d48d43-ae0b-48ab-a510-5edb13993634,1
14941,e0dc3dd3-cf8e-4838-b2e4-81e681d7dd36,1
14942,e0dd5f9d-3707-4972-afca-164212936d9b,0
14943,e0de703a-89a9-48ad-a8ae-e743725d1e59,1
14944,e0e32bd0-b94a-4fb1-96d5-b2a50f8899d7,1
14945,e0e9b9f9-cc56-4bdf-968d-10b75f570529,0
14946,e0f00684-fa6b-4ca5-a352-0d45de6cdd97,1
14947,e0f3ca49-f994-441f-a412-ce5cb5e65caa,0
14948,e0f5e754-c7b3-4dd5-93d4-624c66483f70,1
14949,e0f6ffd1-9745-4c2d-a52e-b14edb4cc071,1
14950,e0fc1935-857a-4edc-ad2d-d89b6f0b8d45,1
14951,e106c558-fa03-4a36-b062-bc0cdebc4884,1
14952,e1157df2-f9f7-4f77-80af-8f66581ff257,1
14953,e11612ed-359a-4b3a-b5bf-7a4a74122c02,1
14954,e117edda-115c-4906-9209-ddae3fdf5070,1
14955,e11e0536-7fa8-46a2-8482-a1038006ce08,1
14956,e11f2b36-138d-44cb-aff2-9ac577a7e16b,1
14957,e1217d5b-80a0-4d7a-b5b6-1236ce17e887,1
14958,e12779f9-e3a0-4061-836c-a2861ae683c1,1
14959,e12b8d47-67dd-4706-8604-c16687b0222b,1
14960,e130642d-d17c-4e4c-af81-5ccab2c44731,1
14961,e1324a09-0c30-4044-87c4-4babf630cfa0,1
14962,e132c10f-a332-4025-8156-ea45debbdbab,1
14963,e135b83a-f36a-472a-9223-56beb086f7b7,1
14964,e13a6641-420a-45c4-be75-b4a8360a0271,0
14965,e13ada0f-dfad-48cb-902f-eb350d632763,0
14966,e13af5e1-fc5f-4c14-a338-c3eb304de2de,0
14967,e1408811-e79d-4908-8006-10e31f51507a,1
14968,e143a020-49eb-4eb3-915a-34f3cffac113,1
14969,e14ebc6f-53a6-4763-b918-bb9411db2f7a,1
14970,e14f0db3-52cf-4cc5-8d78-34788a766b50,0
14971,e151abe1-c2fd-4c79-8b54-325c78ef6c6d,1
14972,e1530277-2366-4252-905b-806930c62130,1
14973,e155a1d9-9ef8-423f-95cb-1a6b5d19d16c,1
14974,e1677bdd-c7b3-4c30-9857-282cb22fd22b,0
14975,e16a47ee-3c48-4d3e-8037-a374afcd7587,1
14976,e17161a1-2e3b-4d6d-827f-5fe7ae1d9c70,1
14977,e173fb7c-3704-4616-a8f6-ee6be023dfd7,1
14978,e17f158f-cecd-4dd9-b41f-6235a8637b6f,1
14979,e182f0ee-2768-4d11-b116-53ad5eab0f03,1
14980,e18a9c96-9199-485c-96c2-d00d911a5f80,0
14981,e18b2414-a2ae-4eed-9fdb-4708a4e3b6da,0
14982,e18c0ff1-a5c7-4798-a91b-412e5db49ed1,1
14983,e1919089-c4b9-494e-9890-d8e62a4d831f,1
14984,e19ecb2a-ab54-44ca-8b83-f2ce523653ec,1
14985,e19fc2e8-4c4d-45fc-b282-124aea569f24,0
14986,e1a5309c-f493-4e25-9f85-ab5fb65e8f9d,1
14987,e1ab97d9-76ea-4b51-98f0-a09bd6fd87d8,1
14988,e1ad9ca3-49d4-4830-b80e-da777e765f7d,1
14989,e1b04b84-c299-40c7-9382-6d5fa9e58055,1
14990,e1b1756d-e1c7-4da9-95ef-dc4350a8e5df,1
14991,e1b566e2-ef92-4581-8bae-00504fb45140,1
14992,e1b85cc4-3837-4d4a-a5ef-dd62dba2d796,1
14993,e1b9897d-034c-4a91-a5b6-c4291084c855,0
14994,e1ba11a7-b736-4f33-90b9-8a461600e199,1
14995,e1cae722-ace0-47be-8ebd-4ee65b37599a,0
14996,e1caf9f0-bf8a-40d9-9bbb-0da8b092217c,0
14997,e1cc175f-d8da-423f-a023-6f2c46a3345d,0
14998,e1cd090d-ba58-41df-b368-d357343051ca,1
14999,e1d0a513-0bc9-45f3-8ac7-398bea2ad26c,1
15000,e1d22578-5ca8-4906-8783-3d49537a6f07,0
15001,e1d24fae-123b-4382-a09d-97fac06938bf,1
15002,e1d3e171-458e-4df9-ab76-4fb19bbf566d,0
15003,e1d6c088-2eea-4365-b58f-341086e996f4,1
15004,e1dad066-9190-42f0-8c58-e12547dd62db,1
15005,e1db7526-5c65-4306-b183-f12ba5d0c5aa,1
15006,e1dc8922-4069-4baf-8a98-9fc060aaaaff,1
15007,e1de6b09-21b3-42ca-b306-b6164f2d8556,1
15008,e1dee8ad-8411-43c8-910b-8889accfca3b,0
15009,e1dfb17a-eccd-45a2-bc1a-b33eb525ca42,1
15010,e1e15e2d-6f29-4994-9d4b-914503be8466,1
15011,e1e31e85-009c-40e5-940c-339819c0dd5b,1
15012,e1e8fedd-a55b-45c3-b925-10ef0eda8e8c,1
15013,e1eba7e7-70c0-45e3-9966-33534c92b930,0
15014,e1f61667-602a-484d-a53a-67babc4f42bc,1
15015,e1fb0128-366e-4969-880c-d8340137c52c,1
15016,e1fdf53a-373f-4d75-9f7f-1355ed863e24,1
15017,e20f3a84-4de9-4d58-8df7-97a512ea2c31,1
15018,e20fbebc-0f88-48dc-87d0-77462c2d77fb,0
15019,e2182fec-a012-4f2d-8bbe-957ddc2288ea,1
15020,e218b763-974e-489d-b425-869aff5d7ffa,1
15021,e220620b-92a5-4f68-84c1-c04cfeb74f0a,1
15022,e224edc9-6ea4-4a25-a9e1-30f2e0650482,0
15023,e2273021-e309-4f26-b3be-56de42174779,1
15024,e2319e59-c918-4030-a20a-e446bada260c,0
15025,e231ae19-eb7a-4886-bcd8-0561a283ef99,1
15026,e231c107-8b41-44ec-86d1-81af75b4aeca,1
15027,e2323164-d696-4449-afe6-36bfce40a32e,1
15028,e2388593-5290-4f76-9902-3caa651dc796,0
15029,e23e255a-2e9c-43f5-99f5-03f8dcfe8437,1
15030,e23efd26-05fd-4019-a9aa-81ef9f004883,1
15031,e2409f46-805b-455e-9968-7aa1c487725a,1
15032,e2442dac-4429-4e6e-8919-d36e0a6f71ae,1
15033,e24841b4-4774-4319-8c3e-7fc5886683bf,1
15034,e248b0df-c2f9-4f22-9e6a-6286fe561ec2,1
15035,e24dc191-57a0-44da-b4f9-d03d4f162e3f,1
15036,e2505071-dd5c-4f2e-bc08-1a2b7a783f40,1
15037,e251416e-351e-428e-8c53-cbffc6d2537d,1
15038,e2556647-80df-4556-b7b3-a5e7bf973b3b,1
15039,e256d356-e354-40bb-a289-e1e7ce3bc01b,0
15040,e256e54b-2152-465f-b915-7dedc43d20e9,1
15041,e2577060-b1c9-495a-873c-154050bd65fa,1
15042,e25a1e40-842a-4323-936c-fc48af1f1949,0
15043,e25efbf6-1080-426a-8e4b-26feeb598fec,1
15044,e2641ff4-36f2-4bb4-8d6c-44b197c2f6b1,0
15045,e2651d12-924d-4e82-8f54-04f9692ff101,1
15046,e269e142-66a3-4386-97de-49a67633dde4,1
15047,e26b2d7e-08ca-4365-8445-85149be37a07,1
15048,e26c0ef6-3c82-4241-90ff-38d15b761784,1
15049,e2716657-2191-401c-a2d4-de74c86ed785,0
15050,e273bec5-0e13-47f1-afdf-d6db85293ed0,1
15051,e27d4e79-230c-4e50-aaf2-5f6d84bd9185,1
15052,e27ec37d-e4d8-4897-8689-dab767af5beb,1
15053,e299f7f3-4546-42da-99e4-7838607fb530,0
15054,e29a03e9-82dc-4921-9515-8acc3a4416bb,0
15055,e29b4348-3a19-4c53-ad74-19659219ee4a,0
15056,e2a52ac4-ff8a-47e5-b800-f7710daca020,1
15057,e2a743d6-4e35-4265-b5a2-9004b85b24cc,1
15058,e2a78f4c-babf-4367-bdd0-8651432a7d32,1
15059,e2af9b7b-30f7-409f-92f7-b78c9ce935f3,0
15060,e2b109b2-b3cf-4a9c-9de5-d8aa82ce58dc,0
15061,e2b158c6-a35d-49b1-b653-6b8cf38b33ab,1
15062,e2b8f8a5-00e2-4fa8-90e1-5645379920bd,0
15063,e2bfe1ee-03dd-4920-90de-97c9e823b134,1
15064,e2c01fe0-cf3e-4f05-b8cf-8aa18c94f7b6,1
15065,e2c103ee-564d-4cb2-8409-6726577f1798,1
15066,e2c10c44-5755-415a-ba92-016f68692996,1
15067,e2c24c6c-b6c9-4b81-87c2-fe214ec69977,1
15068,e2c3988f-caac-4ccd-ab79-cf13559831c2,0
15069,e2c7e47c-98bf-4ee0-b74e-2c22112dcfe3,1
15070,e2c9db96-d94b-442d-bde6-2506016c2fae,1
15071,e2d54819-26ad-49f1-903c-f0f165ab1dab,1
15072,e2db0816-4125-48af-8103-c29cb3a9ae5a,1
15073,e2dcecc2-054a-43bd-ad3c-8421a723a6f0,1
15074,e2df2a9b-850d-4d4e-90f3-cefe1ee9c9bf,1
15075,e2df361f-a7d2-40e5-b6d1-b494364f90cb,1
15076,e2e51aa9-f872-4160-8c33-16fb38d6e8c3,1
15077,e2e931e8-27bb-4067-b4fe-19c8c615d821,0
15078,e2ec212d-6889-4ef7-b640-dc9f488b2826,1
15079,e2ef8d5a-7d9e-4795-8d5d-ce913e7a8770,1
15080,e2f465a6-eaee-4c09-bd99-1fd5fe40b5ab,1
15081,e2f8e52d-1f23-4118-b1e2-40f0b269b6e7,1
15082,e2fa13fe-7c26-4470-b963-76905743353e,0
15083,e2fa8227-ecf8-4cb4-b56c-22cadae1b3f0,1
15084,e2fc336e-d41b-461c-9d5a-eee65f05f843,1
15085,e2fd3d13-8744-416b-ba89-87bf54bf1fca,1
15086,e300dd69-a355-4fe0-9562-6a5a8d686072,0
15087,e30199b1-a09e-4bb9-b4cf-f5905edbef96,0
15088,e302802a-0faa-489f-bbc3-ea15804bcbea,1
15089,e303e0fc-86c5-4ff6-b8e8-33d246dfb615,0
15090,e309118d-618d-4998-b48a-5142e9330b29,1
15091,e30a6216-7af8-438f-a074-889ff5f49abd,1
15092,e30f08b1-79a4-41f8-ae3d-15a99dd6050a,1
15093,e311cee6-d4fb-4765-b93e-78627690f91d,0
15094,e313dc0a-a6c7-437c-a236-bc8ba864e154,0
15095,e31945be-4cc8-4fbd-8f87-eef355ae5933,1
15096,e3269509-96e6-4715-84a4-380037be18a1,1
15097,e32921e5-ac4d-4c12-ac7e-b803f07329d6,1
15098,e32a0fb6-e5cd-4f6c-81db-baf06aaa42f2,1
15099,e32af3d5-44e8-49f7-9ad1-57a57ac08b45,1
15100,e32ea218-18eb-4e31-8397-3c08e0ad25e0,1
15101,e32fb882-08ce-40d7-930e-3c23f5e2ae36,1
15102,e332d8e0-6f42-42ea-8129-55bca22ffe66,1
15103,e3337bba-d88d-486b-8915-fd1949c2a221,1
15104,e33c3003-07e6-475f-a659-97122c935ee6,1
15105,e33d62a8-3784-4b84-a910-33f811d8d3c6,1
15106,e33e34e5-368a-4c13-a90b-cc65748839bd,1
15107,e347d129-0647-4bf6-a12c-2e6658b28748,1
15108,e34a5023-274b-46c3-bcce-1adc7f09878b,1
15109,e34b5256-23cc-4923-82b9-3fc32e885fb1,1
15110,e34fb963-5aaf-4e75-99ef-b2e1c341b2ba,1
15111,e350d340-6cfa-4839-aa4e-290a75cdb328,1
15112,e3531f0a-43b5-4046-9171-3bbff55bb774,1
15113,e354bf14-3428-4fb5-958c-550b39025f4b,1
15114,e3593343-6a3f-47d6-923c-6e15a65c4a05,1
15115,e36128d3-62ca-4f1a-8fdc-2c2a5ad7a368,1
15116,e3656e32-1097-4494-a64b-b75684f92f06,1
15117,e36803a0-28d2-4252-9145-a442eff5f8ea,1
15118,e3685a08-d9ce-4d82-83d8-e6e1ac1e3711,1
15119,e368dae2-2665-4e24-9dd5-915dd47269cf,1
15120,e36e6a63-2f3d-4a45-8086-ffd7127cd3de,1
15121,e36ee011-67f8-4796-a813-7e2c0664030d,1
15122,e37087e2-e082-433b-83a7-b7da83fc598e,0
15123,e378c4c6-a6da-42f2-a0aa-4e3e70abf8c3,1
15124,e3806adb-7e5c-43ce-9b34-55b1ddcb3bff,0
15125,e3815e01-b9df-4ece-ad39-0a1fd92c4b80,1
15126,e382018a-ac1c-4d75-97f4-d5b8c7d53d5d,1
15127,e384791b-1f49-4bf4-91de-8b695d19f92c,1
15128,e3856842-a281-43f4-8c4f-509d9b0a521a,1
15129,e38af6f5-5794-41a6-8be9-01fb0b1e5298,0
15130,e38b263d-11c1-4649-972f-9ea5a36aa536,0
15131,e392b42d-dfb1-4733-a5a0-5bf00bb25a4e,1
15132,e393f75b-966d-4054-9957-28d13e68f298,0
15133,e398ef32-3571-4311-a9a6-652107114c88,0
15134,e3a32d7a-33bb-4c45-b961-5529ba8e43e8,1
15135,e3a48bda-ee72-4144-92ef-7856698677dc,0
15136,e3a6d9b0-25bc-4f90-a9df-5e5abe78fb70,1
15137,e3aad0a5-5f9a-4bac-8063-f96ac50b77a8,1
15138,e3ab249d-7647-408f-9022-69b57324d758,1
15139,e3ab86dc-544b-448f-ac3d-3252f40890d5,1
15140,e3aedcc5-35eb-4b07-8ac8-8d1f8645a3e9,1
15141,e3b0219f-8cdd-42c1-b94b-cf2e7cf97d4a,1
15142,e3b26792-9099-42aa-a844-59186e1d2c24,1
15143,e3b94e19-199a-4ef1-b136-b61aec641997,1
15144,e3bed70a-1cff-4d18-94d3-8bec4acab827,1
15145,e3bee825-12a7-4acb-aa56-9ec84e864f23,1
15146,e3c1e1de-bf92-40d3-96c7-74fe85554190,0
15147,e3c3b4ac-181a-4c99-999f-81a361a7351b,1
15148,e3c4e60b-474e-4e65-84e2-1f16d70920d0,0
15149,e3c87e4f-4476-4707-a45b-19a8cb6c2b0e,0
15150,e3ccc866-816d-4afc-8c5f-25db22db817a,1
15151,e3d8d7c2-ea1a-4cd9-bb7c-7fc745783bca,1
15152,e3d98350-2cf8-4006-a2ff-e7b07ff94402,1
15153,e3dd2e2f-b2d5-4bbf-bda4-ce8a6be4c924,1
15154,e3de5b10-8175-4735-aa50-bef046493a3b,1
15155,e3df450a-3df0-4777-a8d9-ff3ee949844a,0
15156,e3e02308-3829-46b5-8857-09a8a9975475,0
15157,e3e173f9-eea1-40f5-b6f7-156270254294,1
15158,e3e1b00b-5012-442e-9f61-0499a9315466,1
15159,e3e20132-d4ec-41a0-870d-491c1d12bad4,0
15160,e3ee8f5a-2ce5-4c88-95e4-b90a25d3b102,1
15161,e3efee76-8793-46e2-b9bb-11b94e6d7aa1,1
15162,e3f98529-6771-4abd-b6c3-947ac2f9d69d,1
15163,e3fc47b5-9513-4217-8cad-6dbd90cfba46,0
15164,e403ec43-962f-4740-b863-2000fcb81ed7,1
15165,e404540c-96be-41fa-af72-8cc93e0416c0,1
15166,e40a5d93-066b-43b9-8f50-f1ff6ad0c6e0,0
15167,e40baeb2-063d-4810-a356-2c44573d56a2,0
15168,e40c8c18-5a58-47a6-97b0-f94210fd169c,0
15169,e411810a-730c-416e-a715-8ea143a5c43b,1
15170,e412df02-8c79-44e4-8c2b-9721365cd3a6,1
15171,e4143606-180e-4da1-b29c-2562ea97c2bc,0
15172,e41f7abb-6854-4eb8-b7b0-346df3cff56d,1
15173,e421b82b-53c2-4bde-b838-0c935098b7ae,1
15174,e43a28dd-4274-4c76-8299-a6343d831ced,0
15175,e43a4ba7-d7fc-4409-9905-0fdf48445675,0
15176,e43a9c0c-53f6-460f-b663-2659634e5b3a,0
15177,e43e0795-a550-473b-a274-c7a7fd876ad4,1
15178,e43e8b60-4e29-4200-9aa2-6a155c8bc076,1
15179,e440341e-cdeb-42e4-8152-82b4a0577ab2,1
15180,e4456b1b-0b61-43b8-9fe2-ab69020cdcee,1
15181,e450e99b-0f4a-4ed1-bfd9-b1853131e508,0
15182,e452a1f0-4744-43ed-88bc-cebed241cfd9,1
15183,e45446fb-f3ef-4cd8-b285-f2a1e9e5566e,1
15184,e455d51a-28eb-4801-bafd-4fedceab2599,0
15185,e4574a06-63b4-4d7c-a816-8aeece892f81,0
15186,e4582be5-7b62-4188-924b-a3a1b08a9ada,1
15187,e45f4e96-8855-405c-a699-99ac500ebf29,1
15188,e460d0a7-b6d5-4605-8dc6-dc67849f2f00,1
15189,e46736bf-780d-4d6a-b25a-2302467477ed,0
15190,e46dad36-dc0e-49b0-8833-90213b1785a7,0
15191,e4701a10-b99d-4b47-99ba-b75cd82db687,1
15192,e4709cd3-2793-4027-b3e8-5b6fe00ef9e5,1
15193,e471af25-934e-4851-ad34-c24ef808a89e,1
15194,e4738e20-fa3f-4896-821d-543e9b998c07,1
15195,e477ca50-6d19-4796-acdf-64a0ace6e19d,0
15196,e47b93fa-7199-437d-86b7-eccb3d548456,0
15197,e47f10fa-df56-4846-bc1b-659e9569705a,1
15198,e4807222-7310-47bb-91d8-30eb0b4561cd,1
15199,e4847f68-c0ab-4d61-9bf7-86b07e63eecf,0
15200,e4870f46-3634-4c5b-a5c5-43646c49b557,1
15201,e488c4e5-f3bc-462d-8b25-e158b14f6d9d,1
15202,e48b919b-9690-448d-803e-6863a9d6bb15,1
15203,e48f1a83-2162-464a-8af5-49371941a24b,1
15204,e497b903-f122-497e-aad6-d1d971a9baac,1
15205,e49a17a8-63e5-4197-b7cf-ffdc618b901d,0
15206,e4a322c8-e31e-4ed7-9adb-ebafa2268765,1
15207,e4a8f464-458b-4031-ba57-ebbf4a52d940,1
15208,e4ac0e94-3efa-4ef4-aec2-25b9aa260ee4,1
15209,e4aff551-464f-4fd7-99b0-ab2f7a0b3d57,1
15210,e4b3cf75-0ec5-4dbc-90ce-c7be06021430,1
15211,e4b87d33-a3ca-4bb0-8ae0-d17b0b10b5a5,1
15212,e4bc7c96-f8d1-4c91-8c5c-0a15704feff0,0
15213,e4be32ae-d6e6-4033-aec2-d2d38ac408d3,1
15214,e4c0d0c0-80ab-4791-aef8-6454dd890c38,1
15215,e4c2045f-3f1f-4eef-96a9-585598502169,1
15216,e4c31c7a-2f6d-4e4b-bc0e-f319622d32d7,0
15217,e4c9ca53-fc1f-4499-90bb-5f47834d335c,1
15218,e4cf7670-6816-4b7f-bdcc-69d861a8bdfb,1
15219,e4d23e00-2ad0-4800-a3d6-859ea6746aa7,1
15220,e4d6aeee-c3cd-48ad-845a-f686f7f43bec,1
15221,e4df3220-f093-4a46-87df-efff96414a42,1
15222,e4e725e6-0f3a-40e8-bbfd-70340b8b3926,1
15223,e4eb9b79-71fb-45db-81ca-49e422f5b74d,1
15224,e4ec005b-be9c-41d8-b155-72cf7da9ad1e,1
15225,e4f243aa-0f92-4292-bec8-cabd7c2999a9,1
15226,e4f3899a-f8a6-4c82-a47b-2cecb48bff48,1
15227,e4f52023-8704-4298-bff5-f7cb3d19676f,1
15228,e4f6d665-32e2-4367-8588-9f9b6836b17c,1
15229,e4f81a37-cc1c-4b32-9fa6-95f77640a6bd,0
15230,e4f82939-f675-4f2d-bcc8-b13be42d8a03,1
15231,e4f8d07b-11ce-49ef-b905-27a2307deeb6,1
15232,e4f8f002-35da-429c-ba44-c9dd1a57b5bf,0
15233,e4fd8b0b-8036-414f-84d2-5013c5aee7c5,1
15234,e4fe7de2-810a-43bc-985f-703540dfccf4,1
15235,e4ff0bec-7d3d-459c-9101-636f4c095ad8,1
15236,e5105117-d6cb-43c4-a00f-c4a5dcc2aad0,1
15237,e512738a-878d-4146-afb5-ccfbbc574462,1
15238,e5129acf-2ab5-4ed5-807f-c7f17f31ef3b,1
15239,e5155923-24a2-446a-a0e5-f0ff7a0fa7a7,1
15240,e5174725-7ca7-4f68-a7a0-f3fe379825bc,1
15241,e51928f5-c967-4116-ad8a-a2d7ea20241f,1
15242,e5199467-bed4-463d-8388-5f1ca8321471,1
15243,e51a428d-e673-4bca-ac68-44774ef411c9,1
15244,e51de966-4233-4527-b944-c84a93153b3d,1
15245,e521b877-8b21-4c14-a9ee-2917530de2d1,1
15246,e521d522-1637-4f7a-9073-f854326f2f33,1
15247,e52fb267-2645-44a6-95e9-272b79c3b4c9,1
15248,e535e253-c42c-4e47-9605-2c49ad5481ee,0
15249,e53aa5d4-dd27-4728-80d2-4ac3073ad856,1
15250,e53c7c2c-fddc-42e0-804f-4ee080cf3e76,1
15251,e53caa36-7eb1-4991-8f23-7600f17aa21a,1
15252,e53e06c3-918a-4d93-b694-37e75f23739d,1
15253,e544f00e-9805-4129-801a-d2acd4b00ca5,0
15254,e5474685-c818-430b-8c42-4e3273b9ab71,1
15255,e549fac9-ed40-4321-be23-132b939e59ed,1
15256,e54aea64-e164-4015-b8ea-3f7baa4a2f13,1
15257,e54cc0d1-da64-49f7-af5d-e3517c427e9d,1
15258,e54d079b-9472-4614-aafb-d548f07c19e0,0
15259,e5504d21-f325-4323-96bf-7ed26e574fed,1
15260,e552c0b1-2108-42a3-8579-c891db616b87,0
15261,e55c92e4-4dec-4755-9d64-ed8f3942c055,0
15262,e55e375f-4614-48c7-945e-da85050eeb7a,1
15263,e55f897f-e75f-40a4-9eb6-1f3885c77165,1
15264,e562f07b-f426-42c2-a4ce-91f50469ddc4,1
15265,e5648fd1-9f5f-41c4-89a5-ec2e633370a1,0
15266,e56fb225-5ad6-490c-a375-53a1591d9bf4,1
15267,e57bbf82-20ee-46b7-8ccb-824dc6878be6,0
15268,e5809662-1c71-4049-bf4e-c6eefe48f95a,1
15269,e5809bf2-78d5-4551-8280-62c83e5fce59,1
15270,e581e257-23d9-457e-b6d2-0edae9ed2939,0
15271,e588ba4b-7922-4baa-a172-5f21075b34b2,0
15272,e5913724-43d4-496d-a6b6-a5530421a0e4,1
15273,e591cc8f-3f5f-4d0e-aa6f-71e1e81d64e1,1
15274,e594be3b-b625-44e9-ae40-2f642bb4487e,1
15275,e5953489-d548-46d8-bbf7-ff17eee6bd82,1
15276,e59d6e2d-5ace-46e7-af8f-10dcd8b0dd3d,1
15277,e5a51ffa-dce1-44d1-9804-7553a27a0cb7,1
15278,e5ab75be-33eb-46b5-aa58-e04ec3547e70,1
15279,e5ab78e5-a0d9-42b5-a555-6d006640475c,0
15280,e5ae274e-16b0-4129-a8d9-5f7ee96d7bb3,1
15281,e5b48c0f-c965-41ec-941a-d70ff4e5a330,0
15282,e5b50801-ae1d-4b7b-a92c-8423c6c96a5a,1
15283,e5b5497c-7bb7-46f9-97f8-b3529d16eb95,1
15284,e5b7106c-953e-4454-9946-e1a846103dc4,1
15285,e5b77fbc-d3d4-4c79-9a37-e1ff8224bb1b,0
15286,e5b90590-5ec1-4d1d-a27c-c3e78b518a40,0
15287,e5bbcdc5-afde-4bd8-a9ea-0fde7a1a2cb3,1
15288,e5be4214-4216-43a4-8b47-08af879f07e3,1
15289,e5beec65-dc9e-40d4-aef5-29116702c02c,1
15290,e5c357ba-ea52-46f4-a5c1-3465d4d4bcdc,1
15291,e5c452cb-e027-4d0e-a431-9b7a0aa906a2,0
15292,e5cd2ff7-53f0-4963-847d-5ac60c1a1bef,1
15293,e5d2d17f-b014-41f6-9544-20852bac5d86,1
15294,e5d95387-1c80-423b-8efa-1b8896e48b61,1
15295,e5deb6f8-bd0a-4b39-8e46-5da1593c91b3,1
15296,e5dec2bb-b27c-4324-86fa-2f5653786f44,0
15297,e5e45cfc-a6a1-424b-919e-f8e6cb7e7274,0
15298,e5e73103-648a-41c4-8369-a472cabaec98,1
15299,e5ea4e85-eab2-491a-ae20-28254666ad4f,1
15300,e5ea8425-0c01-475c-bf66-fd43a13ed7e8,1
15301,e5ee76c8-d0e0-4bb0-b823-588ca2083436,1
15302,e5f41780-608c-42c1-aede-2da198955f3d,1
15303,e5f48d4c-638a-47e0-94b9-2b3f657732d5,0
15304,e5f685ac-facd-4f07-aa91-4c746e5bfafa,1
15305,e6004571-b9a7-49e8-9d36-242045d79bc3,1
15306,e6028cc8-1dee-428c-9f7e-efe193d23368,0
15307,e605e91f-10f1-4946-94b3-84746bb66659,1
15308,e60bd936-da0d-4350-91db-142f7b124717,1
15309,e61723e5-023d-4e97-8485-ce4242572494,1
15310,e61cb0f5-d307-42de-a185-2433c0a97b00,1
15311,e621f39f-dd15-4326-a056-55c3b9ef1259,1
15312,e624feee-ab66-47d5-b7f0-2eec5aa4b9e6,1
15313,e62c5665-81af-4f34-9565-82917437d518,1
15314,e62cf540-9b67-43a3-8221-0d0b10e8de75,1
15315,e6396b0a-ce1c-4fc8-a80f-beceabd0d1df,1
15316,e63d1730-3023-4984-b743-99c44577004f,0
15317,e640e632-5fa0-429f-a389-b54959d7f4ce,0
15318,e6428cd3-9d02-4da5-bf0e-e392a3708c50,0
15319,e643b3b7-6e66-4637-b407-5c64581061b3,0
15320,e644d720-aebd-42f5-8f81-e308a67924db,0
15321,e649d7fa-7e83-42df-a057-05a353935b1d,1
15322,e64c7d69-0f14-4399-96ae-b35fc65d8b69,1
15323,e6534ceb-3f7e-448d-9fd4-8812aef70ff0,0
15324,e65ad33d-e8d1-4c87-9bea-7d0b366389ae,0
15325,e6611517-47a4-4352-a88f-08dd20961a7b,0
15326,e662c836-1bb7-49c5-b7e7-25c665359b6c,0
15327,e6670bda-23bb-4cf7-b4d4-93347576f8ac,1
15328,e6684b49-6d46-4a7d-867a-c0efece4cc93,1
15329,e669be1f-2c07-4a22-8ca5-98c568ec43c9,0
15330,e66bccc8-f2b6-44bf-949f-9a0249998585,0
15331,e671ccf2-428e-4020-af4c-21bfe49eb931,1
15332,e675d491-b8d1-4b82-ade3-2508691d8d48,0
15333,e67800aa-cf76-4e7d-8a97-22a166187e72,1
15334,e679560a-b120-4ecc-bfe3-9c142679ae0d,1
15335,e67bc941-2ab4-4331-a673-01aef7d16ea8,1
15336,e67e0369-33fe-429c-83b4-c85371379b7b,0
15337,e67f2839-4dd6-4833-8b99-2ad0c35a1364,1
15338,e6812974-c832-4b0d-a1fa-3bef53d6d138,1
15339,e682b048-3700-4f52-900f-e230b5abd262,0
15340,e682e70b-9018-4e51-89cf-dd5a167afbcd,1
15341,e6840939-7cdb-4613-87fe-a925fd459a06,1
15342,e6866631-20ab-4161-aa59-5e92221fb6a2,1
15343,e690f4a6-c072-489f-ad43-329e8fb46f2a,1
15344,e694318b-dba2-4561-ba48-0a33e589659c,1
15345,e6989cf3-6dd4-4e63-b095-ad4d068b4d7e,0
15346,e69deb65-7db5-4c88-8aae-cebc458ee471,1
15347,e69f2dcb-38ba-432c-adaa-0ab95c2e81c9,1
15348,e6a3be6f-13e1-4c55-93b5-f14e61ccd47a,0
15349,e6ac8808-bcbd-4975-bfa7-0240f0f91022,1
15350,e6af75ce-d74f-41fa-bffc-a48cb9e5e5bc,1
15351,e6ba1971-01cb-4f6d-9285-19616d6cc7c1,1
15352,e6bd30f3-c1cb-4949-a3b0-40b0f67990a1,1
15353,e6c03e98-5b1f-4bae-99c7-d6ea735c5575,1
15354,e6c4090c-0adb-4d08-9871-784eead5bab3,0
15355,e6c55eec-39ab-40d2-9f94-7cef1be973e5,1
15356,e6c7f131-5f70-45e4-937c-6c3d53289aa3,1
15357,e6cc1f14-7227-4d9f-b5d3-6ac799b5238e,1
15358,e6d207ce-2259-4745-9877-1bb6830f94b6,1
15359,e6d210e7-9cd1-4b00-b955-38d8f8d24ac5,0
15360,e6d9be07-c425-494c-8bf3-7fbd9900475d,0
15361,e6e291fc-7c3d-4571-ae74-09afa2694756,1
15362,e6e5908a-c664-4178-ac1c-e859ea6cd6b4,1
15363,e6ebd55c-a10d-4e22-b3e0-43faa278c21f,1
15364,e6f20189-d164-4fa4-9fd6-7c1c796d98ec,1
15365,e6f22814-7d66-4934-af89-3d4aa3f200da,0
15366,e6f2f9c3-81d5-42aa-8b53-709ac65cc5b5,1
15367,e6f529db-fa55-48c9-959b-0767b0da3954,0
15368,e6f7baff-afee-41b7-a541-33548a577fba,0
15369,e6fcbed0-0172-4915-bf98-f98a7b50dbfb,0
15370,e6ffa3e6-f1eb-4695-a9e8-7304f327d460,1
15371,e7034b5d-af91-4741-9301-1eba8a1b61a8,1
15372,e70c11e1-79e9-4e90-b75f-7d68b0ac5152,1
15373,e7179248-27d4-438f-ace5-6415a81ac67a,1
15374,e717b332-7ceb-4790-bfec-754b98bab886,0
15375,e71b20f3-c668-4deb-b015-8f2998a76d84,0
15376,e71f03fd-07b9-4d4c-bb7c-5c7887eb7d64,0
15377,e72156af-822b-4e5f-bb7e-c06913aebf3b,1
15378,e72a8c27-8fc0-4279-b2cc-c898e6e4e399,1
15379,e72e023e-ce67-4c16-9bd2-b5d692f8eda4,1
15380,e7307f2b-f90b-4957-8617-d78a26498010,1
15381,e734156e-9356-4f4b-9a02-97596086e73c,1
15382,e73825e3-6ed6-44d9-b088-dc45f6fde23e,1
15383,e739c69a-7509-40aa-ae85-482c2d4a0dbf,1
15384,e73e7743-087b-4642-8c9e-cd58743ba50d,0
15385,e7450490-37ea-414b-85a0-96972838cbce,1
15386,e748c2f3-cdf1-49d0-a078-0b97d7c0329f,1
15387,e749a535-92fb-4e23-8af3-594308a96825,1
15388,e74b7316-7ab3-4bf4-aeb5-784ec416890e,1
15389,e7516275-cf01-463e-a9ba-f2a22c285230,1
15390,e7539be6-dd8f-4f4c-a4f7-a479ba540814,1
15391,e758658c-c7ff-460a-a078-1d3c30a5a305,1
15392,e75a1997-fd0d-4178-abe7-5ff2e7eda5cd,1
15393,e75cdde5-b7df-4cf3-a6f5-dfa17111d6e2,1
15394,e767ffd3-4356-4ec0-9148-8d1a3a52d021,1
15395,e76b1354-5274-4cbb-be25-df342e0ef776,0
15396,e76ef0ed-f058-4f3a-8ab3-27c8718f229b,1
15397,e77b34b0-3009-4470-89c3-129fe893531f,1
15398,e77d1baa-69bc-4752-9802-af09772c8313,1
15399,e7810496-4c97-4f51-9e98-24c1232ebc86,1
15400,e7818107-a071-48fe-9ee7-20b8f5608c9f,1
15401,e78379bd-b6a9-493e-bd9b-6ee968b8caf1,1
15402,e7848013-6ad1-4612-bfb0-ed3a366b0685,1
15403,e79a7e9c-c617-47f4-a5a9-746adc949033,0
15404,e79cef38-4a30-48c0-9525-00c8dffa586e,0
15405,e79d7e11-da4a-4e4d-8bf4-f5f40260907e,1
15406,e7a1b2af-4220-470c-883c-6bd663ea6828,1
15407,e7a9969e-fc6d-4444-87f1-c29e5daf9700,0
15408,e7aac821-b294-48fb-bfa4-afbcc8bc9f84,1
15409,e7aaccf1-1fbb-497f-9d77-62393cf7b85d,1
15410,e7ab92af-f6a4-40b2-84f4-90b14a30ac8c,1
15411,e7ad6fff-0ee0-4c41-8082-bc028b6cca0f,1
15412,e7b708f5-1479-450b-90b2-5dd9a61a7292,1
15413,e7bc813a-c5c9-462b-8f5d-9578870931b0,0
15414,e7c513f6-eed6-4a4e-a34e-432af8d3f32b,1
15415,e7c65632-f058-4b8f-8d77-30dd07e3be5e,0
15416,e7c6f6e2-6437-4134-9da9-51f7398681f9,1
15417,e7cad7dc-5f81-4055-9596-0944dcab149c,0
15418,e7cda27d-d5d3-4d38-9e79-9051ef2bd48c,1
15419,e7ced7e7-8bd5-4f38-a5a9-f165741bcb63,1
15420,e7dc45d7-26fd-4d28-aeb1-edcccca6625c,1
15421,e7e07fc9-fb30-42da-ba79-8d4bfada7c68,1
15422,e7e40ef7-b27b-4859-8740-7845b4bd97ee,0
15423,e7ed6cf0-07f2-4762-a88a-2079b7efff5b,0
15424,e7f00d91-9a5d-4a0d-ab5e-7bbeba10af84,1
15425,e7f21f70-901d-4cee-a2ac-f1a9f7bd7ba0,0
15426,e7f34d56-7a9f-476f-9f93-0783ccff3b77,0
15427,e7f3752d-fa0d-4af4-a5a9-a327d71d2dab,0
15428,e7fb2542-0f0e-473a-aaf4-50c0234de0d3,1
15429,e7fdf7ae-c197-42a9-be03-a698c78bf2e7,1
15430,e7fe4ee5-f48c-4cc5-beba-119506c0c4f8,1
15431,e7ff13d7-e8d2-4885-8d27-e55f4b55831f,1
15432,e7ff5982-fa4f-4e84-8643-7ddab7a7ca5e,1
15433,e801517b-ec47-43bf-a2d6-20f1bb573eb6,0
15434,e80440b6-04d7-40a3-9033-b1c31af542cb,1
15435,e813e8bb-4595-431d-9b2e-001f3c7d80fd,0
15436,e8140db0-80b8-48e6-b465-ae77a54ad2a0,1
15437,e8147f98-89a2-44f4-a7b4-f164a49668f5,1
15438,e81a1794-a2b1-426e-b23c-bac633671011,0
15439,e81fb0ce-6823-4c2d-a0b8-84a27f653e61,1
15440,e827d312-663e-499f-ac72-e23957154331,1
15441,e82ca4bb-9f21-4cd6-b255-16712a9ebe7f,0
15442,e82cd742-7f7a-40ca-8650-6ef1a3add138,1
15443,e830a938-b3b1-4119-a0b5-126b4f913b39,0
15444,e830e521-59ba-4da9-b45e-b9bd5b9be47a,1
15445,e8369333-c4e9-4b2c-a648-6163c16e1a3b,0
15446,e8377c82-a6db-4c6f-b958-4501c03a413a,1
15447,e84213c5-21f8-4e69-9bc7-c0bda529a195,0
15448,e8492635-e2b6-48d2-a7b5-50b76a968328,1
15449,e84e7988-dcd4-43fe-9a48-3fe6c9a3fbd2,1
15450,e854c1ea-b0be-4c66-81b1-e3c14e809955,1
15451,e855374c-10a7-4779-899b-275cd1ac1434,1
15452,e8562468-a39d-4282-b211-a9a4ab8e8a0f,1
15453,e860830e-cc7f-43a9-be67-780ede187faf,1
15454,e86ce0af-544e-4983-b1f4-9307febf0e89,1
15455,e86f6bab-a6ab-47be-8332-f02d7f05f318,1
15456,e874516f-2fad-4478-a3aa-8eab51a875f5,0
15457,e88485b3-4b73-4bce-92ae-26cd5f091c42,1
15458,e88c2819-7818-474b-8062-239820ad9ef6,0
15459,e8917a1d-3d4c-4b14-929c-fcd5052aea0c,1
15460,e892fd47-7e21-48aa-8441-155d21c653aa,0
15461,e8a051b0-648d-43d3-9ff6-b9bffe84eff3,1
15462,e8a248cf-4c5d-4cb3-a0a6-607d48b0e6cf,1
15463,e8b1682c-c645-4ff9-bb8f-6abd38e7bb83,1
15464,e8bef148-7ae4-4c06-aa93-fdfc94a7bf5f,1
15465,e8c20e06-b44c-4bd5-a2db-db2256293be5,0
15466,e8c7507b-f1a5-48b5-aa9d-1392042f957e,1
15467,e8cb2f58-4196-410c-b3e5-639e19789675,0
15468,e8cc6bd2-dab8-4354-a742-3bc676686262,0
15469,e8cda09a-997e-4bb0-bf28-58f769e15bc0,1
15470,e8ce4819-2742-40f5-a048-1dfc3672ee08,1
15471,e8d0553d-d182-4fbe-972d-f36a3be0a216,1
15472,e8d23ab1-6dc7-4211-a377-ab68af8f64ff,1
15473,e8d2c68b-6440-484c-a00b-dc68fc9e17df,0
15474,e8d523da-9921-430e-a5fc-aeda9248a717,0
15475,e8d6ca56-5826-4642-b1f0-00e3d542c796,1
15476,e8dcb11f-5082-47aa-8d70-2cee989d5d6a,1
15477,e8e10950-af3d-4ea3-bcd4-0b9f492b42b2,1
15478,e8e46169-8335-4b1a-9bc5-1787b186798d,1
15479,e8e4b55d-308f-494b-ba6e-7472dab7e079,1
15480,e8e7635c-dc15-4a75-9340-627a7404fc5e,1
15481,e8eb7b06-2a8a-4a3b-9889-de699ed7bd94,1
15482,e8f99d6e-f660-41fc-b67e-ed30d36e2b59,1
15483,e90a5765-3500-455b-8501-2a16a795555e,0
15484,e90b5954-63c8-44e6-8df0-38f8996fd3e4,1
15485,e90c8a13-81af-4d97-ba43-558a7249aacd,1
15486,e91b8609-382b-4257-9462-1eabdacb98aa,0
15487,e91f72dd-3214-493d-bb43-e7999b9629b5,1
15488,e9213ce5-48c1-468a-bb6d-89d4f21cd4c4,1
15489,e9219faa-61eb-413d-9e59-114813b7735c,1
15490,e923c303-2b77-4bb2-b977-20bb095bae90,1
15491,e92484cc-9826-4dd6-ace5-ab7d69a42c53,1
15492,e9327487-ac7d-420c-8bf1-7ff99b0631a1,1
15493,e9342cd7-d685-4683-b6b7-257d529e6037,1
15494,e936ae8a-1ae7-4592-8543-250006104917,1
15495,e93bc7dc-b32e-4f86-adfc-c2f9f871cd1d,0
15496,e942ba65-8ddb-4ab8-afb9-d446fc3c5da0,1
15497,e9457ebb-af5f-4fe8-9d4c-4c43840005a2,1
15498,e94a886b-84ae-43ad-8de0-ec7c01ff3bc1,1
15499,e94c52cb-0cc4-41b8-ad2c-a7bcfc548126,1
15500,e9501150-8147-4c52-80f9-e2cd7e0d0e74,1
15501,e951713a-6323-48e7-ac33-f991a427add1,1
15502,e9522791-a43b-4140-bac8-726ef9ef30fc,1
15503,e95b2823-77a0-43d1-a0a9-7d9305b776bc,1
15504,e95d4c3d-10e0-41dc-b859-8a123ca9b0c4,1
15505,e95d5f6e-43bf-4fe2-857d-7587b7865dcd,1
15506,e95dc7f4-8065-4b97-bf4f-af7b035a3115,1
15507,e95fa73f-c9ca-4720-ae2f-3105d8e8ddff,1
15508,e95fc59b-8064-440c-aad0-2714c02d1c7e,1
15509,e96564f1-dbd0-493b-8930-f0e5f650dc70,1
15510,e96958c6-041b-46e7-8c87-64715ca7e914,1
15511,e9695a23-0077-4cd7-8a98-26517d5d86cb,1
15512,e96ad154-b67c-4de2-ba11-787e578c4f06,0
15513,e96d7e98-701d-45f9-86da-44b636e219a2,1
15514,e96f00c7-c5bf-4711-b64e-824173c1883a,1
15515,e973cf46-47de-4cde-94d5-64198e80f363,1
15516,e9784a84-cfbc-431e-ac90-659c9d28a5b9,1
15517,e97aed2c-9a7a-4c23-9087-87ff9eb892aa,1
15518,e9833c3b-7d60-4365-b614-286f6bdbffec,1
15519,e9847f5a-bf23-4415-b66a-f2d1e81b9fce,0
15520,e988c045-35c2-47c6-92ee-47bc2ce29f3f,0
15521,e98a2838-8bd6-4072-b606-2c2c376fc495,1
15522,e98ce783-2ec9-41cb-83a1-4a82c71208af,0
15523,e9974da9-dae3-497c-a1a8-6a8a36efed2d,1
15524,e9a12bae-0f6e-4489-a6f8-615d4df4faf4,1
15525,e9a52a57-d1e4-4a5e-ba3c-cab2238ad092,1
15526,e9a9ce92-30ee-41d6-8cb4-7aaa2ed5d393,1
15527,e9b0bc9b-5bd6-46d5-b809-d0fc7a6809a8,1
15528,e9cd09f8-6c62-49a9-997f-37777aa88d2f,1
15529,e9da3413-5f68-4f0e-8b11-0438b0a9afe4,1
15530,e9e02b72-f214-4b61-905d-7bea1f95af31,1
15531,e9e2846a-7e67-4678-95d9-848aef393df6,1
15532,e9e4d99c-9d26-4a61-8f83-beabf26ad246,1
15533,e9eed804-63e2-44bd-86e2-547e0b11e790,1
15534,e9f1e599-e321-4ba7-9d8f-22367faee1ea,1
15535,e9f28a49-7592-4965-9dea-224a6bc7963d,1
15536,e9f2f070-a997-4d57-b534-cd3038991753,0
15537,e9f6cb14-9181-4d61-b79f-545a5c250d16,0
15538,e9f9f6a1-672f-493d-bf48-49c055d35ea6,1
15539,e9fe1dfc-73b6-4f76-bc73-7f84128f2a21,1
15540,ea0677e4-b12b-48d0-915c-97399a476d64,0
15541,ea0cdd9b-abf0-46b0-afdf-9128a9e5e658,1
15542,ea0f5de1-bf1f-4dae-8938-d5be9622332e,1
15543,ea1aab32-a45b-4ee4-88f7-89eff38d745f,1
15544,ea2171b0-dcfa-4961-9f40-1fceed747a10,1
15545,ea282059-55cf-4d22-b846-8cae15e5221c,0
15546,ea2d849f-940c-46be-b680-47513a6ac02e,1
15547,ea2f6500-2339-4d16-99ce-e0344ff14631,0
15548,ea32b6a5-5914-4f6c-821f-bf818019e9e8,1
15549,ea330105-4819-46eb-a406-9297d340ac52,1
15550,ea338316-6d24-439f-be73-9f6c69bd7cce,0
15551,ea38920b-3711-4615-bf00-21b384175066,1
15552,ea3e4b73-36b3-4600-8fa2-0bd27dde0442,0
15553,ea3ef8ed-e6c6-4f87-9d42-37eb1ea0b6f6,1
15554,ea403562-2bb6-48ff-b734-2ba6d5098f5b,0
15555,ea433037-fb38-44b5-8864-056cdcdd64f4,1
15556,ea4897c7-12c4-41b7-aa63-982c5f175f57,1
15557,ea4a2aa7-ed63-4a94-95f3-ca37ec129a6b,1
15558,ea4d2902-9deb-4e34-9824-9d9396e7f52e,1
15559,ea50f6cf-4298-40db-a7a3-c615a4f1d5ca,0
15560,ea54c1ea-249d-4b51-b4ab-6058d70e84d8,0
15561,ea55e3bf-87ec-4992-a544-7c05c0b6abf2,1
15562,ea595b98-08b8-41d2-a4a0-b22fcd471aff,1
15563,ea5fa003-d24e-448f-8bab-1411bf7e6694,0
15564,ea676ff6-e924-4afa-9236-65487ebc70e5,1
15565,ea6a0a48-3df7-46cb-9b28-b282455495b9,1
15566,ea6bc3a4-3e77-43ef-b1c9-5f585a757645,1
15567,ea6d3c55-a30e-4f29-aa7a-7f177e8d587c,1
15568,ea76513b-4350-4652-b792-f5449cb4f8cf,1
15569,ea7720cb-612e-4348-845d-f28ddb0e9924,1
15570,ea7969b1-bd79-420c-95c3-a978d126c87c,1
15571,ea7f7300-7183-4e96-98f4-85c404b5358c,0
15572,ea801108-947b-4540-889c-30aed1791de0,1
15573,ea83c0e1-9726-402e-ba35-d3d343d9da36,1
15574,ea851af5-f49e-4c70-a475-5df0c673015d,1
15575,ea863354-ac10-4d24-8ea4-e1f94a9e204f,0
15576,ea93b10d-945e-4e9c-a5bf-b59d95d40786,1
15577,ea9c0bf8-2326-4a9f-a83a-391865a0d9bf,1
15578,ea9ddd17-7f70-4991-97c5-35a821f3ba64,1
15579,ea9f0637-4ccf-4daa-8632-747f9d325a46,0
15580,eaa29531-8c08-4abf-a701-57ad354e3fdf,1
15581,eaa636a5-5bc1-4390-be3f-ae02f056cbde,1
15582,eab07f88-3efa-4167-8d93-36cd4c378ddd,1
15583,eab0ff89-bd53-4c2f-9773-a4a09e104d59,1
15584,eab18bc5-196d-47ff-ba49-2673b884ebef,1
15585,eab19bfd-02cc-45f0-85f3-a1cd66cb8261,0
15586,eab2c4cb-0c08-4d58-b586-3e8ba58b2d8a,0
15587,eab46809-5b7b-4c80-8a4d-a42a6e3d087a,1
15588,eabc5c8f-8024-4075-a623-61451d06681a,1
15589,eac07e1a-50fe-44de-a8f9-6062063c7172,1
15590,eac33d6f-eda8-4a9d-a34f-0350c55e3af6,1
15591,eacb6962-7b71-4a4f-9eb8-b82b0af55daa,1
15592,eacbaa28-01e0-4a73-b5db-fb233059cc4a,1
15593,eace875e-b56b-4efe-881f-1ecbbbac4b03,1
15594,ead073ad-df6d-4564-b46c-886917b38941,1
15595,ead56b66-8510-4356-8cc9-50f76ae6f851,1
15596,ead6dc4a-dbd3-4418-a778-daa1855fe7ac,1
15597,ead9f98e-c286-43b8-997b-bf224a79226f,0
15598,eae146c6-f075-455d-a5ec-ce3e30a4e0f0,0
15599,eae424d2-a415-4826-8a87-67ea5ca60a86,1
15600,eae5419a-a1d8-4b19-a3c8-4eded4ca3839,1
15601,eaea8c37-5e8a-43a4-b9db-9bbb7cc760ff,1
15602,eaecff3d-1b28-479c-bdd5-048e7b78390e,1
15603,eaf2813b-4749-4dac-932f-a176bd3a271f,1
15604,eaf40b95-7ed2-43cf-963f-fa0268f40cb4,1
15605,eafa295b-f6e2-4bb9-adee-a8a0002d20fc,1
15606,eafb156d-cb59-4df8-ad4c-40c629d13dea,1
15607,eb01ff74-3d66-4db3-83b7-7df48b73459f,1
15608,eb04899b-61c9-4a5b-b3a9-da99ff6a1640,1
15609,eb0ae1ac-f525-46cf-bbcc-609972f8ae66,1
15610,eb0c840b-addd-4790-8da3-9bfe8319ce2a,0
15611,eb0e498b-7c9c-45fe-a009-9ba503317e5e,0
15612,eb1580ae-a48e-4eff-9466-16e4fc3303ec,1
15613,eb16716c-4ed9-4c80-bc36-1e65eeada454,1
15614,eb183582-f3a2-4f37-b663-47c483615292,1
15615,eb1c86db-eb3b-4c00-b841-925441a261ab,0
15616,eb1e9e03-408d-4df0-827b-959bebb7581a,1
15617,eb1fc528-9b87-4962-8c6a-7471723a26d7,1
15618,eb22def9-b45c-4a5a-8775-97a0d345485f,0
15619,eb255c92-8e3b-4358-a1f7-2e7ff9038a4f,0
15620,eb26794a-015f-47f1-8f5b-540d31ec8e50,0
15621,eb29dcce-1022-4d1e-80e2-34f6d866980e,1
15622,eb3fba4a-fa34-4e88-a53f-a4da9c4e0cb2,0
15623,eb40b6d4-4960-420b-83fe-51b240b3c321,1
15624,eb449221-f558-4d49-aad9-33a51fd0f72a,0
15625,eb47ddc0-58ff-4a54-9b29-f743c6e1d878,1
15626,eb578f95-74f7-43df-95af-82f8d32acabb,1
15627,eb583e9c-cbca-4c8b-9342-1ada0a1d344e,0
15628,eb5f488d-bf89-42f4-9f7c-533da86516dd,1
15629,eb643037-3247-4902-ad1f-421fb6b87225,1
15630,eb6675d3-2308-4b5d-be2e-5ad4d0bb7912,1
15631,eb6f222b-f3a2-4aae-8acf-80870656752f,1
15632,eb6f53a9-7d16-47bb-a94f-402ce8843ce4,1
15633,eb72274d-da2c-4ae3-b9a7-3f7de0db48c6,0
15634,eb778057-8cfe-4bca-9ac5-d0cfcfd3aab4,1
15635,eb77a451-4f0c-4ea3-9b21-25b1899bd254,1
15636,eb786e08-1c91-41df-bca9-8b8b64e1b28b,1
15637,eb7e10be-5027-4dcc-b244-cfdefaa05add,1
15638,eb8f8171-5110-497c-9536-52eada026d1d,1
15639,eb9196f4-5bf0-4841-9c3f-a29233a0d2f9,1
15640,eb952b8f-6e77-4cfd-be42-605db6ec265e,1
15641,eb9e5c47-4338-441f-9ec7-36255d3afe46,1
15642,eba14885-c9c5-470e-896d-2cfba84579bc,1
15643,eba2c5d1-7b28-480d-b86f-c919682723c4,1
15644,eba7827a-7407-4642-8694-b20b30ee3966,0
15645,eba89e24-d533-40b4-a987-25adcc18b998,1
15646,ebb22537-c3c2-4fa3-b9e8-f5ecf5a980f6,1
15647,ebba8065-8b79-486c-a960-f64d61f21bb6,1
15648,ebc0c2ad-0a8f-4283-8f65-b1e2f0741936,1
15649,ebc4825e-5cc5-42f9-90bf-5794a6222de4,1
15650,ebc54b55-2d95-43ef-8c6f-7ca2c30e24d5,1
15651,ebc7d61f-bab3-483d-9eed-95198c9149e7,1
15652,ebcaaa37-d78e-4fdd-aad4-a4f179f8c996,1
15653,ebcc41ca-4b17-4875-9726-6a29aef5c8a7,1
15654,ebd1015e-6762-4cc7-9cae-51acfb43c11e,1
15655,ebd3d457-3730-4e39-96da-15a97183c4c0,1
15656,ebd41efe-52f9-412a-840b-972ac9377c1b,1
15657,ebdb6393-98ae-487c-b78c-4c9b3ac0547c,0
15658,ebe3c8d2-8b5b-4ecc-8f40-c9ed93eefd38,1
15659,ebe89cc2-c996-43c3-8ab3-4308db34aff2,1
15660,ebe91e38-d355-4903-a0be-66286daa2e30,0
15661,ebec1fbb-cee5-4f2c-bc90-1702b237a17f,1
15662,ebef74dd-eae2-45ec-b9f6-aca694f17af0,0
15663,ebf0f655-ee31-4e18-86aa-a69cd5977b65,1
15664,ebf30141-be57-4e3a-b7c3-1b9c12192591,1
15665,ebfa39dc-4853-43a8-888a-3135f523a476,1
15666,ebffbfa9-e93a-4a76-9c60-0f8fdf324bc5,0
15667,ec01c57b-0630-43e9-9593-09c2c6dbb085,1
15668,ec01cd44-8308-4fba-b352-5c489be4c50a,1
15669,ec08e3d1-6c2e-42da-945a-f3a090048d06,1
15670,ec0fb2cb-857c-4eea-8c57-a936499a181a,0
15671,ec115d33-7d9b-4d92-8e8f-1611313ce9f7,1
15672,ec126267-e38a-4232-bf88-6c0e0b4784fd,1
15673,ec12a64c-eeab-4fb3-a2d9-cc44d84d5da5,1
15674,ec1464b5-0cf2-4529-a8f4-396b8a0711ce,1
15675,ec16093b-bbc9-4969-a0b2-a4fc0380461d,1
15676,ec22d8c6-0229-4bdf-9729-05df26f03810,1
15677,ec3543e7-af45-4d7a-9f46-54d43708b6f7,1
15678,ec3c45b7-28dd-4774-a2a1-17fb874b2608,1
15679,ec3e2e49-f8db-41a7-a488-8755c6a7fa55,1
15680,ec40574f-c4f4-4b97-a5ad-dbab7fe7ed70,1
15681,ec42d222-01f5-4a47-9a3e-dd1a5166d2d7,1
15682,ec4410a4-e63e-4047-9922-f4c46fc06090,1
15683,ec44ff0b-2025-4a6e-968a-705e8fd6a6f7,1
15684,ec4e645f-5ffc-4f1f-aacb-f83173d19cec,1
15685,ec552196-97f8-457c-9e30-20de8679bd81,0
15686,ec5cefd6-0f3a-432e-b4f4-930fa7b9a836,1
15687,ec5f5310-de4a-4c39-963c-eea9dbbfaa78,0
15688,ec625ab0-efcb-443f-938c-65682c5bb2ac,1
15689,ec76cd5b-b6eb-4f6d-8d09-cc472ee28224,0
15690,ec786814-d2f5-4c19-ad18-1b1600c06cc7,1
15691,ec7c14c8-ae5b-4b84-a470-cdabeab46c6a,1
15692,ec7e91c7-fe76-406f-bc74-2b7f16a63dae,0
15693,ec8007c4-1495-41e8-8275-0ddd5edc2219,0
15694,ec822b3c-4870-4865-8e4c-a9792a3d528e,1
15695,ec87454d-37de-42d8-87ae-736b1ddb50d0,1
15696,ec8a82fc-2453-49d1-a70f-eefda884d709,1
15697,ec9206bf-c32f-4429-b984-d871cdc3dd9e,0
15698,ec934e33-678b-469b-90d1-ff97e2e40e88,1
15699,ec93a4d5-2b9c-47d0-91f4-7e45b004cf85,1
15700,ec96e4d1-0439-4629-adb1-6e500091daba,1
15701,ec99596e-e259-4835-81f6-6b0281b670f7,0
15702,eca1300f-2f9b-4366-8f42-2035d9f837ce,1
15703,eca35905-f689-4146-ab13-f2156a2322ca,0
15704,eca67376-73e0-43d3-b99e-3eb147d187ac,1
15705,eca81294-0151-4151-9dd5-56702f102419,1
15706,ecb4739d-57b3-4f30-a8f8-528b791fc4fd,1
15707,ecb5140b-751e-4609-9730-bffcb2194e1f,1
15708,ecb5dc01-8391-4bb9-9899-a48adb465086,1
15709,ecc0b6a4-440d-42b2-9c71-a4f560d96ed9,1
15710,ecc3511d-8a29-49e0-9dbb-21c2bc403d5c,1
15711,ecc3bd16-64b0-4b75-97b6-3156aa0812f1,1
15712,ecc3edcd-31ce-4719-a4ed-bf166a60c4b8,1
15713,ecd5dc08-a34d-4df6-a7e4-9fa7f8a20fcc,0
15714,ecd61737-1f5d-44a6-b25f-d312852f09b4,0
15715,ecdc83bb-9146-4d0b-b501-cc2cec966652,1
15716,ecdf9591-d89f-4ea2-9b2b-cb127b574607,1
15717,ece0bcc6-67c7-4fba-af14-a5c55e14eb03,0
15718,ece36544-3907-42b5-8f72-807abae2a747,0
15719,eceb9fa5-0bdd-40b6-a434-b3ac514ca754,0
15720,ecfaaf23-3dbb-4464-867d-48d727f23bdd,1
15721,ecfb00a9-cfeb-40ce-94fa-abe1bc096ef1,0
15722,ecfbe888-6f46-48a4-9bdc-ac65198cff4e,1
15723,ecfc6bdc-c58b-4e54-b19a-2b4ce8df4340,0
15724,ecff11e6-8d04-4ed3-a696-691154850f36,0
15725,ed00a6de-fde6-41bc-9576-62cd6d316c5f,1
15726,ed034ba5-4e69-48df-86ca-a9cb22d43eff,1
15727,ed06fb00-8ce5-4277-b45d-388c49f38a78,0
15728,ed0c0ba4-cb68-4532-84ed-7b1abe00826e,1
15729,ed16d184-237b-4262-8c24-11a00679ffb6,1
15730,ed1b407c-f847-4441-ad5c-857e5ff7c32e,1
15731,ed1e6059-5b7d-4ce7-ad71-d60dc7b6cc41,0
15732,ed206692-ff4b-4940-8b7f-7d5b378ee036,0
15733,ed260d99-0a74-4526-beee-3b15d776205d,0
15734,ed26d2e5-0abb-46ff-a528-dcd5cc383739,1
15735,ed293ad6-bf07-477a-a210-18972f2edae7,0
15736,ed2d7f2b-f79a-49eb-be84-0eaa45ae53d4,0
15737,ed33f31d-6df1-478f-a0de-7e24fd7a930b,0
15738,ed36271f-fa60-44fc-8508-ece94f79f8a6,0
15739,ed36f49a-d3a3-4505-8232-a44e64d49cfa,1
15740,ed3992b5-5075-4e57-83cf-aa8285682ae8,1
15741,ed470c82-0b8a-4f4c-b972-14d794afef75,0
15742,ed5783bf-251b-4ec4-8d9d-369ae2a817c3,1
15743,ed59a183-2599-4969-b742-b5667defec76,1
15744,ed5ba5b2-0fe6-47e6-bb49-9df1686206a1,1
15745,ed5faa59-af6e-445d-a4cb-38345ae53255,0
15746,ed602d14-6af4-4d6e-a493-58727248a2f7,0
15747,ed6151df-cdd3-455f-8664-9da7117a94b7,1
15748,ed6643a1-8fb9-472a-8a4f-e78a77b59fef,1
15749,ed6942bd-bec9-47f4-b090-fe624f1c269a,0
15750,ed6d1221-0a6f-4e1a-ad27-2d6446cdbb11,1
15751,ed6d67b6-9d1a-453b-98f1-1b27e8929204,1
15752,ed71a101-c9c9-4850-aa12-b011a97a3979,1
15753,ed76975d-9772-4e81-8c56-fd3293b75396,1
15754,ed78d5b8-115a-48ef-a1b7-de97d9a2c126,1
15755,ed7d301b-09b0-4c96-9a00-e9e93b62bfd9,1
15756,ed7da53a-86ba-4d40-ac1a-c7fe6dd7cfbb,1
15757,ed8173c2-537c-4a1c-a230-7a0f63e4447c,0
15758,ed82ac7e-7d22-4f3a-bc8b-71c3e72731c6,0
15759,ed84dd1e-dc39-479d-94b8-9fd04f87494e,0
15760,ed85f326-9cac-44ff-9927-1aae095dc31a,1
15761,ed92c134-d03f-48c3-91f7-1d9eb63c1e5f,0
15762,ed97d218-5af3-4015-bbbe-82262a46d10c,1
15763,ed9b0f84-0dbb-405b-9f1e-de7b8bbd710f,1
15764,ed9b67b2-0f6a-4387-9c5f-68cc164d8025,1
15765,eda2052a-1578-4ec5-9cd3-adfe78f430de,1
15766,eda49416-b63e-4cf2-a477-905ef5ab2a87,0
15767,edb08f86-9a05-4b54-a031-514bea3c2209,0
15768,edb176fc-1e30-46e9-8050-025f5c070a1e,1
15769,edb7cac9-bcaa-4b52-bb6b-6f356993e58f,0
15770,edbe66b0-9d3e-4d93-a3a5-5ac0dabad886,1
15771,edc7f64f-e3b7-43ba-b995-871e0faea493,1
15772,edc82f9c-b6b7-4725-8f3b-a45904fd1a41,0
15773,edcab616-ebd1-4c95-b7a5-6698629e239b,1
15774,edcdbd8d-f101-464b-85c7-9076d5dcadd4,1
15775,edd62c3b-c387-45ae-914c-618b9c5c46d7,0
15776,edd92a05-5501-4403-b2da-e574127c606a,1
15777,ede4215f-63d0-4fbe-b140-fe702ce93742,1
15778,ede579fe-5b02-4a91-97ec-23c509d70d2c,1
15779,ede6f84c-2e2e-4dba-8ec7-7421e67b9bd7,1
15780,edeae419-7248-41f1-9a8b-dece78063247,1
15781,edeb312f-a3d7-4afc-b468-4ec10ee08652,1
15782,edee9044-e6eb-4a44-a04c-6f1147722287,0
15783,edfcefd4-c93a-4765-960b-4b9172d5d7a7,0
15784,edfd2351-1159-4605-8082-94983365941e,1
15785,edfddbcb-fd04-478a-b2d4-bfc008051713,0
15786,edfed0bf-9b9f-4bd0-be90-56f76040ded6,1
15787,ee011dad-4c0f-425e-bc73-e12f3d75aa9a,1
15788,ee096b5b-3e55-4576-b323-ffa61367ed71,1
15789,ee0ad27d-b5be-4363-a20b-590d6509b5e3,1
15790,ee0be43f-1e7d-4d85-8f41-5a48690ea3f0,0
15791,ee0cd2a0-cb2b-4933-a8e3-ef192d7c1ce4,1
15792,ee14cc86-fde0-43ea-8d0c-bbd10288ca8d,0
15793,ee1c0b16-0f89-460d-8b7e-fb4f15173b0f,1
15794,ee20b4e9-2278-4884-ba7d-63283beaf95e,1
15795,ee26bf14-17c7-48ea-8a2c-ba9122a0c308,1
15796,ee2feb93-a0e9-4659-b59a-0f79daec33d9,1
15797,ee317fe9-0da7-4e75-b20f-85af380cddf1,0
15798,ee3677d2-0019-4b4a-b475-ae001a309cae,1
15799,ee3b3de7-24ca-4016-93cd-91e665e70605,1
15800,ee3f572f-3bcd-4a75-b1d5-598c485f67c1,1
15801,ee3f6104-77c0-4e1a-84a7-88efbc5115b8,1
15802,ee47c1a6-e3cc-414f-a150-ebe3c0d3544a,1
15803,ee53be6a-1ba1-4a25-bc44-b8a7fcaf5cad,1
15804,ee60840e-ceb4-4407-9c87-1d13fe95d7f2,0
15805,ee6290d0-3592-4a6f-af87-a4eb6e20b045,1
15806,ee714bd6-a439-4cb4-a31c-eb455da4a793,1
15807,ee746edf-745b-40b4-97cd-c27ebbecd316,1
15808,ee74d8f8-4135-4d1b-9ec7-c8c4d0cbd154,1
15809,ee7b044c-83ce-4fc5-9da1-e7c896b9e33e,1
15810,ee7b4216-e99b-439c-804e-b0aa02768ec7,1
15811,ee7b95c4-1d75-44bd-9340-1fa863822507,1
15812,ee83f004-2224-4b02-80f3-fb52d3bc2f1a,0
15813,ee891be6-01c4-4cf2-a66e-73067337717f,0
15814,ee8eadd6-abe0-4563-b889-fb0bbd37fa03,0
15815,ee970435-1479-4390-b751-b76bae6ad8c4,1
15816,ee98bd63-b08e-495b-ba25-108dd268f19f,1
15817,ee98c1ea-b917-413d-85fd-179d753f3ba1,1
15818,ee99a5e3-7008-4a50-95a6-468d0915d929,1
15819,ee99dc68-1459-4b81-8b53-59e41183b8af,0
15820,ee9ccc9c-3179-414e-8677-5360dd4aaea7,1
15821,ee9e3cf9-f242-4650-b922-8cf571c9b2ae,1
15822,ee9e8f86-95a0-49a4-9d29-6d0e77485ede,1
15823,ee9fac23-61b0-4ef5-92d3-0bf9d4c21a84,0
15824,eea3f196-05fe-4dd1-8da6-2685111fae85,1
15825,eea4bce2-f927-4145-9a0d-ff2a5de18288,1
15826,eea6e904-da7f-472b-b85c-5ba265dbb11c,1
15827,eeab1b9b-1831-4ad4-97f2-8f91ee01af99,1
15828,eeb02e87-4e6f-475d-b296-ac611eb6060d,1
15829,eeb408e7-746d-4614-a2ef-142b1943ee3f,1
15830,eeb51c6f-6bac-4139-a90c-291d87615c6d,1
15831,eeb663fd-c637-4733-a6f9-7e6937d3bb5d,1
15832,eebdb643-298a-4180-859b-860cce3c0da2,0
15833,eec78ff4-fc08-468e-a5bd-5aa66786e595,1
15834,eec94e4b-8819-47f2-8810-1b4795d3c2dd,1
15835,eed37e31-ea42-42d7-8540-27a894549ab7,1
15836,eed4af70-46bb-4d49-ab35-f0167296aabc,1
15837,eed55185-1c85-4b9b-ac8a-a42bc4f391dc,0
15838,eeda811e-5ca9-4521-bae2-1eff78620d2c,1
15839,eedf838d-3c77-4eef-a884-3c05548b5cf2,0
15840,eee72bc2-4b2b-481b-b9d8-67ba4d24f8fe,1
15841,eee7d7a9-689b-4245-b2dd-c22749b8d6eb,1
15842,eeec71fe-9790-4fa4-b004-4ed63ea5c116,1
15843,eeed5877-9411-4dcd-ae6c-829d052a07cb,1
15844,eeeeb369-09d8-4c35-b8c1-bb08f49db82f,0
15845,eef505b9-1825-4350-9452-eb7d487a6467,1
15846,eefbfd2d-4265-43d6-967a-a0d71b554850,0
15847,eefc9f34-585f-4ff8-8f46-803052ded596,1
15848,ef01e9a6-0fce-4ec7-8eeb-a2aabf96eb66,1
15849,ef021b6c-d293-43f7-9658-99adae8d11a8,0
15850,ef08c5cc-dbfc-428d-868d-a27c58f02c21,0
15851,ef08ca9b-6816-449e-b846-e525b194ba9d,1
15852,ef0b2167-0898-4dc9-96eb-8a9a28584957,1
15853,ef0e70c0-6361-4d8a-8eb6-f7928559c981,1
15854,ef106c45-e232-4408-8014-40df8f0f53a7,1
15855,ef137d47-dfa9-42ea-b87f-542335a4fa73,1
15856,ef148fdc-b6c9-459e-951f-f6fb53a447d5,0
15857,ef181bd7-6bac-4616-a37b-8367f75075a9,1
15858,ef1b9522-a551-46bd-ac02-6794f0c10b38,1
15859,ef1d14d8-9983-4bb3-b6bf-4d92f4ca44c2,1
15860,ef1f0d42-b524-40b2-810b-67481195bbbc,0
15861,ef2bf5c1-eaff-4364-a2c9-c635d7b6cc6c,1
15862,ef2dc8d0-d589-4d05-b51b-fa0385bf6437,1
15863,ef340f31-f739-47bc-b0ef-b5f067b0c4f1,1
15864,ef3b4dd3-4c35-4db7-859b-2ed1607ef241,1
15865,ef3c755c-fe3b-419c-a4f3-839b042c8212,0
15866,ef3ca916-0273-46a7-9398-254f662b9144,0
15867,ef4225fd-6111-42f5-80b9-e64e1d5f5465,1
15868,ef43a23e-b3d2-4e43-9bbb-d33690e61ad3,1
15869,ef47cd77-0f96-4dc0-a5ba-0e668ad9cba7,1
15870,ef4a446c-7a32-4cea-b5f5-837e9e7726e1,1
15871,ef50e0a1-5f88-4fa0-9b68-3d6e7ec6b157,1
15872,ef522702-a44f-4300-86e2-8c50630a0e24,0
15873,ef56db87-eaa9-4694-9e6c-0426dbba9df5,1
15874,ef5a9476-2f14-46be-bf44-849775148afd,1
15875,ef5c8e05-e150-4101-aec1-8fb01bcaac37,1
15876,ef5ef4f2-e8e7-4182-8218-1921103cd020,0
15877,ef6110ec-ad4e-4357-9edc-bd60dc446f5c,1
15878,ef67e0b9-f1bc-4f65-97d7-4734e59756fd,1
15879,ef73ff6c-1354-4779-8bc8-a47b4655d7b4,1
15880,ef74e92e-5e0d-4fd7-a5e7-b433610397b3,1
15881,ef79bccb-8cc8-4e09-9947-d44e48d3e4da,1
15882,ef8286df-4290-471e-971c-4f63dda8e053,0
15883,ef8a075c-2e35-4f3a-bef0-95fb9746f79d,1
15884,ef8a63a9-27bb-4236-8763-f56339d682c8,1
15885,ef8f0bcc-4c22-48df-abf7-423183579faa,1
15886,ef900db5-d9e8-4ce7-9939-65d51682a3db,1
15887,ef911334-2883-48f9-afb4-e44b22dae13e,1
15888,ef913733-7325-4075-8a04-e2e5f2ff96d4,1
15889,ef931ccb-4955-4d31-8997-8cd5486d5aec,0
15890,ef96fcad-d584-4db7-b514-93626c33754b,1
15891,ef9ac405-1336-4722-9af4-35644bae168e,1
15892,efaa1c88-e59e-4394-803a-eeb0df394db0,1
15893,efabc78b-2cb1-4a75-8f4d-b498f078d1d7,1
15894,efad7d72-f1e9-40c4-92fb-b93923897be1,0
15895,efade878-5e11-499c-b56a-d5b5d2aefef1,0
15896,efb1a9e6-9d38-45e3-b799-ed361ba50842,1
15897,efb65130-c7e3-4c0d-8676-c455ea0b4ad6,1
15898,efb87317-9553-4b41-a3ab-673e088b4951,1
15899,efb98773-6e99-4901-a398-4abe40e7dc6c,0
15900,efb99607-0d6a-41ab-a801-d848180240c5,1
15901,efbbfd2e-8cd8-4ebc-9ed3-c84e55e918fd,1
15902,efbd2eda-9601-4e88-b72d-256e34c39c4b,1
15903,efbd5440-9bc3-422c-9ca3-5bd8dac5bf7e,1
15904,efbec0bc-9da0-4e3d-8bbd-732f5d19d705,1
15905,efc281b3-29a4-4e65-8fd9-3fef95e84dc9,1
15906,efcb3b62-e0fb-436a-a7f3-6302c6ee9230,1
15907,efcf174c-6959-485b-8834-aa7839fc56bd,1
15908,efd22fa2-c573-4c50-b4ff-215a5968bdd6,1
15909,efd37ebd-cbbe-486a-b138-2a30ce5adf6e,1
15910,efd7ba7f-2a89-4098-b448-7a8cd9e2c3f0,1
15911,efdad13c-3434-43b4-9d14-0817d18557e9,1
15912,efdd46b3-cebd-42d2-8591-0e65cdfb5626,0
15913,efe81474-3c85-4433-ba68-551e2bab698e,1
15914,efea6350-3475-40f8-8f03-2c8f9d659cd7,0
15915,efec45a8-e1ef-4fea-aa13-586daa11f3ef,1
15916,efed346c-e6f9-49e2-9072-ac3989378f1b,1
15917,eff43bd0-96c1-4acd-bd92-260245310539,1
15918,eff52b22-93fb-4dc8-84b3-55b35ba8563b,1
15919,efff4361-a1c2-4d41-bb5c-9c9cc5f212c4,1
15920,f0061b77-4042-468e-a6b2-e1b34705aec7,0
15921,f007c09f-b82c-4518-84a8-8338648825ac,1
15922,f00c508f-0d5b-4a08-b0eb-58c796260632,1
15923,f00d1f10-9706-41ec-bea3-a2ad9018f4af,1
15924,f00db860-9c43-4df3-92ea-a1415b1f993c,1
15925,f0164b95-6892-4970-a7c8-800dce2b0115,1
15926,f0166a12-0153-46b7-9ae9-f64b3e0205ac,0
15927,f0208188-cfb4-4352-a583-0358bf6b3c35,1
15928,f0214684-d4f4-4246-b4c9-f15cbdee1012,1
15929,f02179fd-ab23-4e64-866c-adb8bf6fa73d,1
15930,f02d1520-2f17-4f5b-8fc3-9ca61ab90890,1
15931,f034ff6a-d6fc-462b-946a-bdacbaef49c4,1
15932,f035bd95-e53e-4582-8108-fc446e4888bd,1
15933,f037edf4-d390-4fac-9b4c-e8e8c6dc0495,1
15934,f038b7b3-4d0c-4e59-a21c-646e8ba565e1,1
15935,f03f6f27-d28f-4ed2-8de5-0b439d78cd8f,0
15936,f0464115-29e9-40c3-a8ba-cc574ebe2516,0
15937,f04a2fc4-40b7-4e68-bec3-ebf2a8d071e5,1
15938,f04a560b-23f0-419e-8973-5871af23ae25,1
15939,f04baab1-f8df-4ec9-87de-7787d882a63a,1
15940,f05273b3-38ea-421e-8698-bbe43f50e054,1
15941,f067214b-6437-4b59-9482-2d2edb5187f0,1
15942,f068327a-5f53-47e3-bf7c-d620f27f8c0f,1
15943,f06f852e-5e3f-479d-8663-ef42cb3009ae,1
15944,f071f40d-ef4f-4c1b-93de-800948358b06,1
15945,f07386e7-878b-4c19-864b-5616cfbb61d5,1
15946,f073bc93-bbc5-4ef3-99b7-7ffbd4543624,0
15947,f075bdd5-bb61-42bc-a6eb-2681b8bc3dd0,1
15948,f07e9fd2-7167-4cd3-bbe3-34a0091e7988,0
15949,f083be57-8641-407e-81be-329a6a34fefa,1
15950,f0842ad0-59d1-41b3-9c78-90b4e0e8072b,0
15951,f0856b4c-2185-4d23-b05c-191223164100,0
15952,f08606fb-b900-449f-bff3-78161538f064,1
15953,f086ca7c-5c39-45d7-9e1f-20c15ae32bc5,0
15954,f08abb87-b711-4c56-9f85-0e1109b178f2,1
15955,f08d5661-f504-464d-ad7b-01d7a469550b,0
15956,f090082f-f2c5-419d-bec9-0f278cd68431,0
15957,f0941b10-030f-4a35-b285-fad2665aab31,1
15958,f0962f57-77dc-4adf-8e63-0bb099d7854e,0
15959,f099c175-b185-480d-ae02-04336233634f,0
15960,f09f03e6-3352-447b-9575-c9fcdfb8f08a,0
15961,f0aa24d8-7168-4073-8c6f-48582aad496c,1
15962,f0b7b3cb-e5a3-4ce8-a4be-25e0d053db70,1
15963,f0c04451-49df-4937-96c0-201cedc131a8,1
15964,f0c2814f-d5ad-47b2-89ff-2b1413a4322e,1
15965,f0c404aa-a1f4-4a86-9e92-9b6ab319d421,1
15966,f0c70708-34da-4a91-9a2c-67720db2dc8d,1
15967,f0c7b257-a21d-41be-b190-d127367cec6c,1
15968,f0c8680a-7581-4cdf-947a-45bf513619bd,1
15969,f0c87684-c1f6-4ce5-8438-2d866cd12b10,1
15970,f0cdd01f-1759-4142-adb6-1704c5b1c3d7,0
15971,f0ce6de7-d943-4721-8e1f-9eace7992f05,1
15972,f0d10074-9e8a-4936-a848-f65516e980e4,1
15973,f0d74ecd-8bc7-4be8-b25d-c27df9feb753,1
15974,f0de8c65-ec16-44f9-b165-4c715a83d8a5,0
15975,f0e09d8e-6950-4472-92af-a55f3eab276d,0
15976,f0e2d361-6aaf-41d0-a401-bf6799c671e1,1
15977,f0f00d1e-622d-4ea3-b254-3709ce4210a9,1
15978,f0f06a4e-ae23-4fae-acf1-3fbce3778118,0
15979,f0f25f51-97e2-468f-aff9-e24c90d3fa77,0
15980,f0f86a68-fa44-4687-a900-072603bd2517,1
15981,f0fb5156-07d9-45e3-98e5-ada0aa57bb7e,1
15982,f0fbbfa2-83db-4e57-a274-19d2ba8ca674,1
15983,f0fe5789-0af0-4a74-8054-9fa186e10ed6,1
15984,f0ffd893-9b23-4753-aecb-7f75d107a15b,1
15985,f1033d78-a5d1-4090-b874-2574eccb0c7a,1
15986,f104e2e0-8ad5-4e49-bfaf-9c10ca5160b9,1
15987,f107236d-7e1a-4109-bc30-59e71c16e021,1
15988,f10c16ca-30c8-4997-9184-8fe6a8530a29,1
15989,f113e0c8-e7fb-44c2-864e-cb690c606bc3,1
15990,f11d3f7d-3baa-4928-bf1d-68624dfc783e,1
15991,f11f86f5-84b4-4645-858c-c0331facc373,0
15992,f126f81e-a3a0-48e5-893e-a217676d4614,1
15993,f127b9e5-1ee7-4ba5-a2ae-f2af1a10dd43,1
15994,f12b8616-c804-4409-bcfe-663e82b4c011,0
15995,f12f8f92-dfb2-45ff-8983-e6b0fe30c7aa,0
15996,f12fde66-c801-4b7a-99fe-c1eb4b946543,1
15997,f1315cc4-edb3-4d82-a961-c5025726e1bc,1
15998,f149a256-3776-4711-b9a1-87024e317a88,1
15999,f149d806-7468-4b56-8d1e-ff78ed69e565,0
16000,f14ef7b7-f371-44e3-93d6-fe5b9735c40d,1
16001,f14f790c-7ee5-4836-950c-6be3142fda49,0
16002,f14fc4d1-00c6-438b-b1fc-8e9195a78504,1
16003,f15c5c53-03ed-458a-aaf5-2fc5b220098f,1
16004,f15d40e8-a4a3-4f87-99a5-6fe201929f0d,1
16005,f15dfe0c-e7b2-449d-841f-7162c9870005,1
16006,f15e20d5-52c6-45c1-8c36-9cd6b3cd0965,0
16007,f16948b1-3b2e-41f7-ad4b-0a8f97c1c117,1
16008,f1709287-fef9-45a4-ba48-a159271839fa,0
16009,f175559e-838f-4918-9931-adac0f269e44,0
16010,f175a6c8-5223-4bb6-8e49-9aa0e22d56a3,0
16011,f17cfeeb-9e02-48f5-b6f9-e77f59238bfd,1
16012,f17f75e0-6b0d-4944-88d2-c18e52017c73,1
16013,f183a435-e819-4f9e-a483-4d30981d8943,1
16014,f183c375-1338-4242-b22c-09cc1f093d9f,1
16015,f1853194-9f14-4c80-a866-6cc2884e8fab,1
16016,f18753e9-916a-45c2-9652-255bd037b494,0
16017,f192dfb3-ee42-4eba-a4cd-f7b6b17350a1,1
16018,f19356f7-b3c7-456e-a851-fc233e12db90,0
16019,f197eb36-3bb5-4b34-ba19-d7edb87c127b,0
16020,f1a2a0b2-d2de-4bca-9382-b1944edf8e62,1
16021,f1a7db54-131e-402d-b38b-685946ce8571,1
16022,f1a85d96-bde2-43e8-9d7f-77ccdebf6626,1
16023,f1abfe99-ac9d-4873-b540-2894e5ee17b1,1
16024,f1b44fa2-d5e2-46d5-9ad1-2e58f915f49e,1
16025,f1bba9c4-0dfb-4de0-af6f-87c0d6045ff9,1
16026,f1be2b1b-a9ed-44cf-834c-148108d2f450,1
16027,f1c068a2-995d-4e85-ba8d-c7ebdfd0052c,0
16028,f1c312c0-f420-46b7-a425-8fa7b74a9f30,1
16029,f1c3e5ff-33fa-4078-9587-76b9a89d65b5,1
16030,f1c688ad-c680-4aeb-8b66-04ed0d840264,1
16031,f1c7a03f-4940-40e1-bf58-bc8dec120af8,0
16032,f1c93507-8577-4546-91ad-a6728f508989,1
16033,f1ca8ae2-32a9-4c2c-9e6c-4cf68952b7a5,1
16034,f1cc14ec-db4b-4cbc-94d3-e440794897dc,1
16035,f1cce37b-18a0-407a-83d6-756afd6a8759,1
16036,f1d101e5-f884-4160-ba61-edb918b995e5,1
16037,f1d47e97-8c81-4a68-8663-3dda682bbf83,1
16038,f1d9ff0b-b0c2-4834-bbde-01c5a781ab35,0
16039,f1ddaca8-e32c-4959-a781-3b0567ba17cb,1
16040,f1e0203a-4acc-4731-838d-888f059fd78b,1
16041,f1e2a41a-0cac-4906-a046-a2c9dc8b76ec,1
16042,f1e728b8-802b-477b-87a3-70f8d6fab7d8,1
16043,f1eaad15-e361-43a0-a22a-d49378e97aa7,1
16044,f1f4c482-e380-41a5-9f3c-6699523f2d80,0
16045,f1f602f4-4a37-42f4-ac58-eec8fdadc705,0
16046,f1fb68bf-f78b-4242-a656-72e62563acf0,1
16047,f1fe2caf-24eb-4a59-aa4f-ddf8a62b3162,1
16048,f201168c-7472-41c5-acda-9da2215644fb,0
16049,f20134dc-6d22-4423-a44e-0f14e77f3d4d,0
16050,f205a187-d6de-434d-8dcb-7224a03ca25f,1
16051,f20a4a81-3848-47cc-9b9c-1fffea4244e7,1
16052,f2103ca7-6d9e-4217-9d19-531694465b3a,1
16053,f2136309-a63c-4480-a177-3ad6659a0e35,1
16054,f21b3bba-f0b6-41eb-97f9-1c442659c4e8,1
16055,f21d815f-47b2-4542-babb-819ca3cfada5,1
16056,f220ebf4-59ab-41fe-b54b-3d2c95d40c51,1
16057,f22446ba-2cdb-4fed-bca5-3e13c26981bd,1
16058,f22d1a65-1f92-41de-b521-2601b3470a34,1
16059,f2323004-6e58-40a2-a0c0-527a597e0a17,1
16060,f237a257-8e6a-4c19-ae61-3357ff71b323,0
16061,f23bd42c-bf71-429b-ab00-bdaf302cfd68,0
16062,f23c6775-5734-4c33-bfff-f59db29221ba,1
16063,f23ebcf8-2d4e-4dd2-8f07-fe854259db5b,1
16064,f2410c61-57e6-4be1-9d9b-2e856fff97f2,1
16065,f244e8f1-213f-4fdb-ac6c-8d0cbac6424c,1
16066,f247e2ed-a813-40d0-9c47-4861afedf013,1
16067,f2497a07-e739-401f-aed3-76f2f6789247,0
16068,f25af1de-cba8-4da3-b961-d2e1d6944f60,1
16069,f25bdeff-6260-4e76-9985-2ffdeb5c7fb6,1
16070,f25c5b4d-f780-4c76-a84f-bd7f84eb871a,1
16071,f25d941c-d640-46ff-88a3-b9bf41aae4a4,1
16072,f263d1e9-4c3f-4be0-85e9-8946729852cd,0
16073,f26726af-0467-4056-abd8-b2cf170e0a6a,1
16074,f268802e-60f5-4878-b067-58df7cf001c9,0
16075,f26b58dd-7f04-42ed-99a5-fba56cc8288f,1
16076,f278244f-4505-47b8-9512-b8c96dd1877e,0
16077,f27b4c15-67cf-4934-a25a-93cfa3c74de9,1
16078,f27cf340-5e03-4a48-83f8-384d4472c726,1
16079,f27ddc82-6269-4bb5-af67-96acaa528042,1
16080,f284a9cb-c1f3-4919-b29a-df65e409deef,0
16081,f2888332-2a1b-4baf-a408-720b51add605,0
16082,f289f594-3ea1-4d4b-8cc5-67e3c2ebffae,1
16083,f28af015-d750-4754-b13e-83481c804827,1
16084,f28cadad-1df0-4a6c-a9cb-3e207bdcc473,1
16085,f28daaf0-1e40-4a13-a8f2-b6cf0b036ae2,1
16086,f28f2723-993c-4357-b2cd-1e3e14f843e4,0
16087,f2941e2b-b382-4236-a176-3b8b0086ec52,1
16088,f2992583-6987-413c-be9e-80ca91567d09,1
16089,f29e5d5d-55da-485d-8f5e-a33337f99ae4,1
16090,f29f0f4b-1efe-40c1-a76b-64393dde6868,1
16091,f2a19e77-e55f-4f5e-a512-7283050e2533,1
16092,f2a36c84-294b-45f1-b93a-3c6066ea370a,1
16093,f2a5dff7-a8d5-4341-9c13-a9b22655fbc9,1
16094,f2abe988-894f-477f-8b44-4503da7cb576,1
16095,f2ada508-961a-4246-8109-4e90cba087e4,0
16096,f2b8b496-a6dc-4054-8f00-9fc6eab6aed9,1
16097,f2bb6122-d23c-420a-95bf-8062b774f3af,1
16098,f2bceafc-9761-4566-92ea-f1eea174077a,0
16099,f2bf1c87-78cd-4056-a3e3-fe89f2531441,1
16100,f2c7778a-8b61-48c6-b4f7-a2c742e2ebf3,1
16101,f2c7d170-e494-4889-bdb9-c82ed8e26680,0
16102,f2ca2315-4ac7-4d97-8d68-3a9a306c4adf,1
16103,f2d06396-9d22-41a1-81c5-1048f6dd8360,1
16104,f2d2cb94-fed7-409c-95e3-cc9192c3f5f5,1
16105,f2d5fcd0-083e-4af6-b32a-ecff0d7340a5,1
16106,f2d7f0f6-1366-4503-a7c0-f43b0c286bcd,0
16107,f2d86b45-3e35-4660-97f2-dd82f926ff20,1
16108,f2d8dd64-3846-4a02-8167-d4df9ceabdaf,1
16109,f2db8bdb-7bb8-4804-aaf2-ceac7748a770,1
16110,f2e6bc71-eb8f-4416-afa1-e6a9c568ffb1,1
16111,f2ebd99f-1c2b-487f-961b-436de87e2f77,1
16112,f2ef941f-2167-4732-a541-53b4e11da947,0
16113,f2f1376a-e562-4e6d-8a7c-2fd79843b704,0
16114,f2f540ed-b455-439b-8531-44d3c0be0a17,0
16115,f2f5f32f-ecb6-4692-b818-7e74799c594b,1
16116,f2f880af-987c-434e-a9df-e3b74018ed78,1
16117,f2fd5474-f2c6-45b7-b2b5-cb7fee45e11e,1
16118,f30891d7-a0df-44f7-8a0b-6691b7d7bc8a,1
16119,f308c894-a87c-4c04-9421-31d22ec0a751,1
16120,f309e35a-ffeb-4c25-8729-fcf5ffcc5018,1
16121,f30a3abe-41a4-4faa-9098-428e4240b24d,0
16122,f30b2537-5dd2-473d-9543-7b59e649233c,0
16123,f30b88db-3f0d-4492-a082-a17ec795f2b2,1
16124,f30e5e2e-3de3-41d3-9d35-3d1cf07c627f,1
16125,f317bf5a-0fea-48a6-ab12-d70dc2c8d609,0
16126,f31ffea7-0ed2-4290-8064-36d000eaecdb,1
16127,f320a4b8-ef58-4e94-a7d4-dc17409fa6ce,1
16128,f321b420-6869-49cf-b8eb-8d67b6ab56a6,0
16129,f321caa3-0b1c-4400-8f22-ef99f92cb60e,1
16130,f322b48c-2491-40ce-a136-856ec445d2ed,0
16131,f3273f76-b60a-4f05-87ef-d77d074d2ada,1
16132,f32885a1-a763-4813-ad76-e5023cd5b9e2,1
16133,f3294b28-017b-4b4f-b0cd-a8f77bdfe39e,0
16134,f329c4ac-b27e-421d-99ff-0569bae84219,1
16135,f32c64d2-43cb-4aa9-84fc-0da41b1f3061,0
16136,f33010a3-2dca-4188-ae32-2d472b040e09,1
16137,f33593ea-b9d3-4293-82d0-25977c547442,1
16138,f3367a4a-9770-4f18-95f5-55e901717a83,0
16139,f3398c73-480f-4440-991e-3149e4149afa,1
16140,f33b4c42-3917-45e8-9995-6a7240076aec,1
16141,f33c9347-1933-4f80-bf07-7526c1244d2b,1
16142,f34fd139-9205-41ab-a512-816ad66e63ba,1
16143,f3534f4f-06a4-43f7-a6c7-f8fb9aa08310,1
16144,f3539038-79dc-4c1a-9dcd-c2d8aab2c942,1
16145,f354d92d-5f93-43a3-8c65-02d8d31938d1,1
16146,f355156c-a501-4b5e-9a35-a582f318f7cc,1
16147,f3585c04-705b-4794-89e3-de26975f9fba,0
16148,f35c0083-71cb-4cb9-89cb-c5b0bbea5ab6,1
16149,f362172b-5b59-4ca4-869f-e485544a4c31,1
16150,f3669ec2-faf7-4b76-a790-67323da43416,0
16151,f36e3fe5-ac9e-43a9-8357-8df85895b483,1
16152,f3776a77-1fe1-49bb-9562-7d13362f57fc,1
16153,f37783e0-becb-4a80-8665-7326a2016fc8,0
16154,f3794d57-6b0c-4a2d-b980-f5d169b12c20,1
16155,f37b3b63-8608-49d4-bd3d-3574811289bd,1
16156,f37e4cec-af95-4ae6-88ac-c3b7f2caa4a2,1
16157,f37f36e6-e25e-4d65-90ab-c843f5a52a68,1
16158,f37f65af-b5c0-4dfd-a9c0-0f5a85543fbd,0
16159,f381b19a-fb7a-4b4d-b763-a63d5e472228,1
16160,f388a85d-bf8c-4eef-8926-bc17372a61e7,1
16161,f38b4c40-cb3d-49ac-a479-e9ef55260f9a,1
16162,f393b0e2-e97e-42fc-950b-f42a595b21c5,0
16163,f398bd62-d53f-4053-bb70-88ab016f975f,1
16164,f3990f6b-339f-4be1-b977-706917f6580f,1
16165,f3a04fa5-db75-47dd-9ab5-50c3649eaaee,1
16166,f3a2606f-a12e-4a61-a9e9-fe88e7284224,0
16167,f3a7c971-3a8f-4811-874e-52d7fe3d29d1,1
16168,f3a802b4-d487-4f97-884f-d0691213885c,1
16169,f3a8adee-e41d-4c36-b68a-e19b3fb10548,1
16170,f3a9670a-8508-427c-8d24-c0ebc75ecce6,1
16171,f3abe467-baa1-4cd1-8a4d-2f525b4a2cf4,1
16172,f3b2677f-7c8b-44f6-830e-ee5839ae5e78,1
16173,f3b95090-1b5f-4b7e-9d69-a3ee3ff2aa4d,1
16174,f3c48e34-920f-4622-bfe4-f1fb288a46e2,1
16175,f3d9d888-47af-402c-bafc-f9a281a7e20e,1
16176,f3dc3c60-7045-4a3c-8805-58a1fd713eb1,0
16177,f3dfb20e-7555-414e-8ff6-7c71b1f7c65b,1
16178,f3e119ee-9b1b-4953-a503-dd5fae5ddfff,1
16179,f3e17736-0260-41ea-96b4-67c4f32040f2,1
16180,f3e37dc1-ab45-4e15-a165-4954c3b977b6,1
16181,f3f40d16-c462-4dec-8f5c-c609b7b669ea,0
16182,f3f73d2f-bb03-4918-9342-53c6a79dbd4f,1
16183,f3f7fe05-8b3e-4324-a8e6-d3e431625259,1
16184,f3f8a1d4-cddf-4648-b8bc-a5c1a2f5bd81,1
16185,f3fbbfad-ed2a-4219-988b-8c7bdcce59e2,1
16186,f3fd1c56-178b-4d08-a3ad-7682d8a9b1b9,1
16187,f4042031-027a-4eab-89bf-a18a79a33a68,0
16188,f406e041-2a17-4b18-a343-056e46197edc,0
16189,f414f3b7-01d5-4bd2-b798-7b476e9568c3,1
16190,f4171d2a-ce9e-47e9-9a96-a224040d5b49,1
16191,f41b0b0a-80e4-4cd5-b740-bc30f544515b,1
16192,f41cd144-012d-49ac-bcc7-edc6b64263c2,1
16193,f41f3d1b-a8fd-4852-845d-ffc5e8c7d47b,1
16194,f42acbf4-b51f-4391-95f7-82a9f7bdcf7b,0
16195,f42cee20-dde1-4451-a18d-ee45c79bfb7b,0
16196,f42f4142-9ee0-4981-91ea-116f9c4ed5dd,1
16197,f42f7254-72d4-4b75-9a9e-0bbc27b75384,1
16198,f42fb43f-b3bd-4f41-8d2f-42cf21b03715,1
16199,f4320a79-6c86-4eac-b6f3-82a97fe15b80,1
16200,f432388a-ed20-4612-be2a-b864ffad1044,1
16201,f4339a5b-a2af-45fc-871e-3c3c6fbb882c,1
16202,f4374f3a-2852-4327-8b20-10f924558285,1
16203,f4376fe2-b192-42cb-9204-06272d4d5ca5,0
16204,f43c2fc0-0146-4d43-8bae-5cfccacf4f08,1
16205,f43ced28-7450-4fce-9466-b21969a202ce,0
16206,f43f9972-2c7c-4fcc-91bd-6f113de14bca,1
16207,f444d2ec-1aa5-4df3-b753-b5a0bccebddd,1
16208,f4473993-5ee7-489a-9b7b-e0005d3acd6c,1
16209,f4501fb9-914d-4723-9501-7d46865e0567,1
16210,f454075a-f14e-4de2-bc11-95ddee9b7616,1
16211,f4558a76-8ce4-4cd6-8703-a185cc1ff219,0
16212,f4582ccd-69d1-47d1-aac0-c69d7891e5d0,1
16213,f45a6825-fa12-4fab-b4ae-cae2eecb2632,1
16214,f45c48b6-5fc9-4992-bc2c-f84535ddfc5a,1
16215,f45dac99-f572-43a5-b8fe-7ebd04a851a2,1
16216,f45e032f-f7db-4819-9854-831c864725da,0
16217,f45e8195-1923-4e91-ac65-dbd52424c67c,1
16218,f4606ccc-0918-4126-a8b2-308ec44f6bab,1
16219,f47e7404-54e8-470e-be8a-09fc163e0543,1
16220,f480fe42-0932-4ae7-8703-ff74cf70973b,1
16221,f483ce85-0a99-4dbd-904a-2411126b81b4,1
16222,f4864e49-ecd5-4ca0-8765-6ba4a19a3cd1,1
16223,f48770e9-0ab6-4347-995d-c8b3b8279f9b,1
16224,f48884bd-93b7-4ab7-a084-80aaa3b20dde,1
16225,f48e7ef4-3342-4348-b189-54198317907e,0
16226,f48fac9a-ecd3-4425-9b9f-75135299359e,1
16227,f49090c3-7d1f-4c93-a16b-6b85bb7724c0,0
16228,f495ba06-07e0-4d27-bbb8-c865bd47db06,1
16229,f499a075-d522-447c-a550-d3b0cec0d60b,1
16230,f4a97105-114f-4469-b1d1-ca69c4860d46,1
16231,f4af9884-20ce-4f7c-80ff-c622589fbb41,0
16232,f4b96793-a118-4ed5-9115-5ab90437d70d,0
16233,f4c4215d-ac86-47e3-b230-587188155e14,1
16234,f4c86250-430e-48f5-8227-7e70ae2ba429,0
16235,f4ca5ec6-bc11-413a-a9ee-bee947a49b05,1
16236,f4cbd934-d404-4019-b974-a8598c49bd22,0
16237,f4cbefb7-97a8-4558-b3ec-97129870af62,1
16238,f4cfaf25-1f1a-4841-9ebd-856336572ec8,0
16239,f4cfc945-86f5-4257-be6c-220468cad617,1
16240,f4d6cac7-c278-4e93-afb7-4eda0dcc607e,0
16241,f4d6d62a-2c4f-4c65-b948-3d12fd04a139,0
16242,f4d828d3-a8f0-4673-b833-1b6409869a2c,1
16243,f4d83eef-3037-471d-9f0d-0620f15e9620,1
16244,f4df1abd-fd0c-42d0-9e24-643a34c6155f,1
16245,f4df4abf-e0bd-4894-ba08-8432203daa25,1
16246,f4e23c6a-1df4-46b7-aad3-e4d7732a1ded,0
16247,f4e6ae40-9d7b-42ec-9ca0-b9524003f84d,1
16248,f4e6dc43-726b-46a5-8b42-ae746c79b1ab,1
16249,f4e8f6f4-c6ea-4d3f-a442-f51460f472e4,1
16250,f4ecc7cb-e545-4fc8-a418-9cb5aded764b,1
16251,f4f11a8a-ba3b-485d-9eb5-b556a11f137d,1
16252,f4f14efc-1fa4-463b-8cd6-b9f5cfc1d438,1
16253,f4f57cc2-baf0-4087-b95e-808c0b1c5600,0
16254,f4f5d47b-0042-4bf1-9bf2-375d79ffa5f3,0
16255,f4f8d1e1-90e2-40b2-931d-f0eab36694cc,0
16256,f4f9c4f4-627e-447d-92f7-08c7101fa046,1
16257,f4fa31eb-899a-464b-b4a7-8da25481206a,1
16258,f4fc86eb-54c6-4702-b99c-147ec86ef5f2,0
16259,f5028cb5-afda-4d12-ad0b-bfbcc7112a16,1
16260,f5078e4c-fbea-4179-aca9-1cee2edca80e,0
16261,f507b398-85e3-463e-abfe-36967160bfee,0
16262,f5093abb-8fef-463e-9562-7d6fe6829311,1
16263,f51178b4-3f9f-4c14-b7a9-69c1b482d897,1
16264,f516c68f-8e56-47f3-b30d-f3f5e2ef1b1f,0
16265,f518cfe8-0d08-4703-a9d8-1eee47c3a332,0
16266,f51dfbd4-8c9c-49b3-871e-bcd171fdddac,1
16267,f521bf38-a226-410b-876c-bc3f7de435c6,1
16268,f521daea-3cae-4940-8bef-dbdf0446dab9,1
16269,f52456a6-2e1f-469c-bdaf-0e3229d88e60,1
16270,f52a096b-34e1-4037-99f2-b0a8ea99d60e,0
16271,f52c11f0-6543-4ddd-9e32-af53f33f68c2,1
16272,f5340a96-5bc5-4659-b744-b9497b22ad44,0
16273,f539cca5-90da-42df-840a-ad71df297be6,1
16274,f5443cfb-979b-43c6-9db4-6033a9090d6d,1
16275,f55465f7-d2fc-4fb9-a038-2eb2238bfc8b,0
16276,f556f0de-ef93-4342-b22b-3008d56159e0,1
16277,f557586d-505f-4f90-8d07-1552ffe861d0,1
16278,f560541e-fb86-46cf-90ab-f90f30912e13,1
16279,f561a125-ee1b-48ac-a7bd-364d3e6abbb1,1
16280,f567fec2-323f-4843-85fa-c56b521100b0,1
16281,f569a5b2-d58d-4e4b-95e7-70311bfa8189,1
16282,f56c3444-dfc2-445c-acd8-e58104a1f17b,0
16283,f56e45c5-5395-4a50-a17b-c9aa57e7541e,1
16284,f570db7d-429c-44a1-b200-b4bfc6a76d3e,1
16285,f571af7d-fbd5-4b94-80fd-5b86f06dd525,1
16286,f5773f31-ac08-4333-83df-575e385b4523,1
16287,f5785008-1816-4e71-bbeb-20548c365bf1,0
16288,f57f1957-1a06-41c4-a09f-4e3a0e4897ab,1
16289,f5809c85-a88e-4b44-869a-c1f977e1ee72,0
16290,f588a6d2-545f-4057-8c57-9bf38f9c312a,1
16291,f58ad188-96db-43ec-ac62-087113e402d2,0
16292,f58e8bb4-f068-43f0-88a8-02b4f05bc25a,1
16293,f5a18d70-c6a7-420b-a809-bc8e7aa44c56,1
16294,f5a391ce-9429-4e73-b946-1ddd9a8510eb,1
16295,f5a39ab2-565c-488d-9822-85a87811ecbc,1
16296,f5a39e56-6110-402a-a011-4bdac814835b,0
16297,f5a523fb-5ced-466c-b31b-886097397854,1
16298,f5a91b7b-dad4-4df6-9299-9ab61d0e73bd,1
16299,f5aec809-4bc0-4368-a11e-29cf4522628d,1
16300,f5af71db-b0c9-437b-baff-27d73c691c8b,1
16301,f5b192f2-59b5-4365-8272-9110e668cd00,0
16302,f5b95247-f306-4753-876e-d6f042235d09,1
16303,f5bc1c0b-6f57-4e85-a2cc-469bde5fb56b,1
16304,f5bd21bd-c4a2-4ea2-b1d4-3f0f2feabaf1,0
16305,f5bec57d-95c2-4ad0-81cd-86cc7db4478b,1
16306,f5c18e2f-5f41-4d50-aeff-41f064826fc6,1
16307,f5c21252-fcde-455b-bde9-2d897c379087,1
16308,f5c64f2f-73b1-4b0e-b074-e81a8565bea7,0
16309,f5c8e3da-e272-46af-bed2-a9b9782baf4a,1
16310,f5c8fa40-4e29-4c01-a870-5a12639e9afb,0
16311,f5c9ccaf-9bb4-4633-a7df-84fe322ba224,1
16312,f5cfdebf-b142-415b-b754-0bcba64ca015,1
16313,f5d2ceab-b83f-47f0-a973-9998d9c47e3a,1
16314,f5d3ba64-657b-4c84-a9af-54dc8716f5f6,1
16315,f5d5296d-47b5-4bed-8de4-a791b2fa1f2a,1
16316,f5d6af62-7dd1-4b90-b361-a0fc159772de,1
16317,f5dbf049-158c-48a5-bdca-435afad8252f,1
16318,f5ddf1b3-57df-4244-8aca-64ab4de894b6,0
16319,f5df5189-4b70-47d6-b260-797a33f23f24,1
16320,f5e279ef-45a9-444f-abda-44679f095f44,1
16321,f5e3d3d1-d735-4fb8-9747-71d85b530269,1
16322,f5e40347-644f-4286-ac95-514ddcfcea05,1
16323,f5e50600-2e64-46a1-83e1-a88fd9f7e95f,1
16324,f5ef0828-df22-4a3c-bfc3-c26d553f2243,1
16325,f5f35219-873c-404b-8429-a32990235220,0
16326,f5f8a6d5-6e73-43d2-894f-177e07b46b44,1
16327,f5f97a85-9f02-4152-91cb-e5242950c6e6,1
16328,f5fd4e9c-08e4-4c99-a96d-df71925c88bf,1
16329,f604f3e2-c380-48a0-b03f-0df46d221882,1
16330,f611b4f0-a050-4433-b117-163ddf785140,1
16331,f6171b46-9c45-4721-bbf1-6d7e73a9f296,0
16332,f61eb781-841a-400e-b0f7-dd4daece5954,1
16333,f6210a79-47e5-469a-b712-5bc039f53a73,1
16334,f62a6e7b-70f8-4e5f-973d-390b9c3ab4d4,1
16335,f62dbc12-5207-4579-b305-3f7a201ec952,0
16336,f633f32e-f3b0-4844-b375-6e5d12e3cf69,0
16337,f639e5aa-4882-4242-8730-53b432187a23,1
16338,f6446847-5363-44fa-8314-58e649ef7e9a,1
16339,f647e229-499b-4c3e-9c24-72f92f6835cf,0
16340,f64c6a4f-23db-40d7-9c05-5459064268d7,1
16341,f656e632-27e5-4b71-9e8e-86556ff99a55,1
16342,f6572320-ac1c-41e4-8a63-161cb4cb9585,1
16343,f65cb0a2-e66f-40c5-84a3-c6ba99549482,1
16344,f65cda66-775d-47e9-a5a9-678c60fc9775,1
16345,f6634d17-6013-485d-b57b-03a6323674ac,1
16346,f664a384-4e35-4ab9-8ea7-a1d77c730570,1
16347,f66b375d-c351-4618-8a1c-8082ee134e0b,1
16348,f66e80c9-d39b-4a03-8824-59d693d1920b,0
16349,f678e100-0c92-4fff-b2d1-2ace6994af4e,0
16350,f6793373-16ad-4c4e-8672-878dc7d27584,1
16351,f67d108f-7ebb-4fbe-951f-9cced373b096,1
16352,f680cfc2-46e8-40d0-9e4a-3336b74fd0be,0
16353,f6877fac-af0b-40fe-97db-d531cc85ff7e,1
16354,f688d3ee-c397-4ac3-9971-2fa089b67a4c,0
16355,f689585e-77ce-47ee-9ca9-5ac5713f9a5a,1
16356,f6897fa5-525e-4589-b4c5-e22c6c517558,1
16357,f69068df-c3dd-4db6-b4e9-4012e2633aef,1
16358,f696fae4-ce9e-410b-8126-046522bc615f,0
16359,f697c281-33ad-4325-82f3-671979959dff,1
16360,f69e369e-667b-44c1-bc12-46232e0d386b,1
16361,f6a45570-d4b4-4793-a188-504f611645fb,1
16362,f6a53022-4c22-4edf-b829-3aab615e3e8a,1
16363,f6b0c7b1-a60b-4f07-b327-6847e490d825,1
16364,f6b89e35-9734-4d96-a7c7-f2233b058f8d,1
16365,f6bc8ada-05fe-45cf-9ba8-5168da4ce31c,1
16366,f6bd7a45-485e-4a03-ba8f-671968368f3b,1
16367,f6bd992b-52cd-47bc-bd2b-6828d9015826,0
16368,f6be0a07-84fb-492a-a00e-92008fea7778,1
16369,f6c5795b-68df-469d-96d0-b307ff893220,0
16370,f6c8ebaf-c690-4db6-8911-a0a20d025597,1
16371,f6c99133-2559-4db1-8979-87cb2febf93a,1
16372,f6c9ded2-791e-4e68-ade8-080f4faaf8b4,1
16373,f6cbe7ea-67d6-4b6f-9142-e2c199946d01,1
16374,f6d38244-074a-4844-ba81-0ce20cffee66,1
16375,f6d62120-b19f-4684-8086-e5eca79bf77b,1
16376,f6dde1e8-8aa0-44c3-9f44-9a8338fa7a67,0
16377,f6e460be-e2e7-4ddc-9144-eeace0e94942,1
16378,f6e562b0-a0eb-4d89-b691-a0ac397e8b08,1
16379,f6fa826c-66c8-462d-a1f5-ad3b917c5ebc,1
16380,f70cb31e-27fa-4302-a1a2-3d8fab20f960,1
16381,f714e46e-aaa2-45e2-87f7-069edeacf8c6,0
16382,f71b3f65-6bbb-41c7-925d-bce301c2019b,1
16383,f72b5015-8eb9-48a4-8ab9-0d5c38351dc9,1
16384,f72dea4c-8dca-4736-a2e3-dad219fcb878,1
16385,f72f5cdd-45b4-4cf1-8a86-6e454d167796,1
16386,f732ecc8-6157-4fb3-9c17-388241bf2a70,1
16387,f7383c2f-6059-4232-90c0-e9e7c6c3a243,1
16388,f73cd2f6-fde9-4a8c-b61c-19dee24ac12d,1
16389,f73cdca1-84fb-4c7c-b9ef-c8aa7066bc15,1
16390,f7469067-ef6b-44e6-b924-8eb6076425d2,1
16391,f746ff83-3d42-4a26-bb7f-1b4c61c8b751,1
16392,f74e1065-3282-451b-9e19-adcefe59bd60,1
16393,f74fba0a-02c8-4005-964a-dc5286e67f31,1
16394,f7504c3e-b181-4b0b-9a29-1f5dd51b7b53,1
16395,f758d8e8-da9f-45d2-997a-a1bc09a5dc7a,0
16396,f75c05f0-d706-4382-91c2-899ad1ddae04,1
16397,f75d1060-4b65-408c-926b-550290db2fc5,1
16398,f75f5af5-c723-437c-9036-0c04e6dd140d,1
16399,f762848f-4c53-4714-b902-ce373bfc60c6,1
16400,f762d19b-e940-4f98-a934-fb4c9b9df693,1
16401,f767d061-162f-41ff-9d3e-4fca22e7fe65,0
16402,f771da41-3556-4106-9cd0-11ace0a0963f,1
16403,f772406e-a833-4999-b7ac-ad73403931ae,1
16404,f7724eaa-9750-4c6a-9471-700f6b7c918d,0
16405,f7729376-51bd-4ca4-bba0-09e9a53998ff,1
16406,f77e823f-5103-41a9-8ac9-8fc8b8099dc6,1
16407,f7800426-5ac4-47a8-b4e5-8e59f0a65a0c,0
16408,f7848d41-e4f1-42dc-b026-11b23dccff96,1
16409,f7851407-b775-4a39-833c-ea9f9a879aa0,1
16410,f7880f03-2cd7-4287-8a0b-92a9090fa5e1,1
16411,f79ad423-21f6-4dfc-aa53-474a49681ef7,0
16412,f79c73c0-e110-4ebf-8e96-1843802fa093,0
16413,f79fb586-e44c-4827-97ed-a2a019e7ff42,1
16414,f7a75cfb-2183-462c-8f09-4e3d410c8191,0
16415,f7afbb25-1e76-4d0a-b06e-63c18f8de4b4,0
16416,f7b00a03-dc8c-4fb7-862a-8f3c4414b730,1
16417,f7b2d9b9-5dbc-4fd3-a92e-cceb0f8aa149,1
16418,f7b6d265-3b09-4bf6-802f-bdfbe682c4b4,1
16419,f7ba4fc8-534d-489c-98e7-8a9fd0a4ee74,0
16420,f7be26ed-589f-4d08-966d-e0fbf3828843,1
16421,f7c1c8f8-f30e-4ff9-8ccc-99f309d33330,0
16422,f7c4c133-86df-47dd-8238-53d92a910780,1
16423,f7c57701-bd84-4198-b2ab-fc2d16170752,1
16424,f7c7ec2d-bda4-46dc-870d-95a0c2a0910f,1
16425,f7c8d7a0-7bf9-4c79-9ea9-94b4a93458d9,0
16426,f7c8dd1d-b1a7-4741-9e0c-cc27eaf79f8f,1
16427,f7d04285-2606-4d6b-b2d5-dd4db38014b4,1
16428,f7d08ba6-b87e-46e3-9075-0f2aad1c4a49,1
16429,f7d1edbc-6605-4264-a20b-ad52930ea0da,0
16430,f7d901e9-3e54-4bf9-be5a-ad9c4dcb36e4,0
16431,f7dd5e4a-7b51-479c-b38c-0042d87c6a75,1
16432,f7dd8586-af94-4eca-ba66-766fcf299bb4,0
16433,f7e127b9-3d98-4581-a69f-3e1b0607c7ec,1
16434,f7e3d1d6-1aca-4699-ad4d-671a47424ad4,1
16435,f7e44e58-e48e-46b8-9695-d5164b522f81,1
16436,f7e6db34-c4a0-4dcb-a6fe-78bfa2c58a32,1
16437,f7ec8c6c-f38a-47af-bb2e-a75cb8a87d41,1
16438,f7edf7cc-80ad-491f-b2ea-60eaaac470a2,0
16439,f7f1a580-2496-4775-b05f-9a2af5d4cc07,1
16440,f7fcc5af-80a5-45a7-bf67-08d5373c6fec,1
16441,f804cc31-47c3-4968-9547-c8b9068bdd10,1
16442,f8072aab-84bd-402c-9f90-04250191c12a,1
16443,f807328e-aea8-4ff4-8bbb-d86af10e4710,1
16444,f80d23ba-cb5d-4b0b-9e98-d6359083486d,0
16445,f80d2a27-3109-4063-b954-22b870042fed,1
16446,f80f0634-956b-4d04-94f0-c8f0ef8841b4,0
16447,f81f2f90-ff75-4020-95ab-9be8140c1f55,1
16448,f8247c82-b4a4-4d90-a161-6ba318f1e826,0
16449,f825a5f4-3adf-46fd-920d-b72eb36f8ad8,1
16450,f826e6ba-f199-40e8-bfdc-2a0f0fa43e18,1
16451,f82b52b2-e8dd-431b-9798-54dcc04f8f59,1
16452,f82cd5ff-671f-469e-9de6-0125b9f01928,1
16453,f82e1161-bbdf-4c90-be76-62c0636b35af,0
16454,f833b568-7b8a-4d83-8946-db151041f808,1
16455,f837c55c-c2ae-4ae9-8a86-f73ac5e92e57,1
16456,f83a250a-1f24-4930-a249-e58e50f56d1d,1
16457,f83aea64-5e71-4136-839e-927387b3b7b5,0
16458,f83ca669-349a-4358-8256-0069df4e6f2c,0
16459,f83db142-a028-49ae-8c6a-792c0faf89f2,1
16460,f83eda2c-b644-4f71-8d2d-65ab48c144b7,0
16461,f83fd032-2400-472d-875c-d797d1640b35,1
16462,f8402629-193c-4cdc-8c8c-33ee5a9fbde2,1
16463,f8480079-8c6d-493d-836e-37c92c002989,1
16464,f84a73a1-3c0f-4939-99d4-0ea2599741a5,1
16465,f853da63-9bc6-47ec-8706-0d0d0ed9c92e,0
16466,f8567d89-c321-4045-91a3-8390c44e34bb,1
16467,f8582ee3-0663-407c-926a-c35d1048a52a,1
16468,f869f341-5d63-4f15-9145-24a903011231,1
16469,f874a3f1-c3cb-4c80-a33f-d0fa9b3b9c78,1
16470,f874c5a7-dceb-46ed-a448-7ecd0fd0ad71,0
16471,f87569bb-e1f0-4308-9ef7-81cb436a8794,1
16472,f87f61b4-bdd4-4be4-88f0-04f5dd9291f0,1
16473,f889896c-fc32-403b-8027-020f5f944cbc,0
16474,f88be3dc-16f5-46fa-9daf-ad980837494b,1
16475,f8900587-9468-4e13-80cc-1d0e739b1633,1
16476,f8926543-e30e-416a-964b-7431b21158c4,0
16477,f89d5a4c-8814-49b9-aef0-7ad16cba46cd,1
16478,f89ec4e4-a90b-43df-9ecd-6620a489a37f,1
16479,f8a83fd5-9401-4c11-ace9-fe3bc14e5dee,1
16480,f8ab575c-d931-4498-bb2d-bc4eeede4d61,0
16481,f8b8139b-3d63-4c05-9acf-f859a0c59f43,1
16482,f8ba5066-42b5-4e7c-b7d1-0171f6abc1c0,1
16483,f8bafad1-fab5-40b2-a411-3372f9e341b9,1
16484,f8bbec25-8d31-400a-bf4d-8708a2261ba5,1
16485,f8c559fb-0f8e-465f-93e6-3d1eccc63ff4,1
16486,f8c716dc-3ca1-4545-8b8a-a6dc8612e3e0,1
16487,f8c78bf0-45d6-4132-aa04-6a92c5a49289,0
16488,f8c7918a-4102-48c3-8a60-e0c26bc73d61,0
16489,f8caefc0-62da-4862-9b1b-63a4c5e2377c,0
16490,f8d0fd71-432e-4b22-bf40-0b85f0e88de1,0
16491,f8d19647-ffdc-483a-be89-bc1c94187089,0
16492,f8d4a4f3-4f91-497b-a8a5-b0c7cc2889db,1
16493,f8d64136-feea-4754-8ee3-187a8b2634ca,1
16494,f8d934e4-7679-4f26-9927-6bd53cc004af,1
16495,f8d99f29-ffff-4889-8ad6-18ec5db55d93,1
16496,f8da6935-83b2-4e75-aedb-07ac7e4b1e97,1
16497,f8dbee66-0ee4-407b-9765-8b0f9a6565dc,1
16498,f8dd081f-af65-4abf-af4a-0c61947e8ed7,1
16499,f8e050ce-795b-4d14-8d73-379ec575c0cf,1
16500,f8e2915f-539d-4ad1-888b-57e396453f4c,0
16501,f8e5e2e0-d283-4ec2-8f05-607ae8f1c059,1
16502,f8ee90cf-e91e-461c-bd4e-1621e74a9e0c,1
16503,f8eee2f3-fa73-4451-b187-bae38b0b9e1c,0
16504,f8eeed81-5363-4d69-a000-7c9ff5faf303,1
16505,f8eeefd2-45e0-4b9b-a036-bd0cd6a5c218,1
16506,f8faaf96-10c9-4044-b1e1-403c8237562f,0
16507,f8ffeaba-9c95-4bbd-9153-c0c88d6ed33c,1
16508,f907896f-fc63-439a-8090-8bd5853129fb,1
16509,f9080d28-99ac-4572-b317-f86a59074f73,1
16510,f90b04a6-a989-4d41-9430-ecc857f2986a,1
16511,f910f72f-f40a-4de3-a9bb-2e6093d570cc,1
16512,f9140e34-3a06-45f5-b38d-c1839c80b936,1
16513,f9160d9d-85db-4f6b-beca-7b9263fb9d75,0
16514,f916682c-4b0b-4e30-bd49-7066c1a9dbd6,1
16515,f9169324-339a-4698-a009-94f687661488,0
16516,f9194676-25d2-4fe9-9408-4894bd4cc36b,1
16517,f91a4021-a42a-4340-9c34-d62dff19119c,0
16518,f91a4cbf-4782-4c26-9cf9-144216e29ad5,1
16519,f91ad12e-4d33-4a55-9c52-c90357b979c2,1
16520,f91ae05c-01d1-4a78-83a5-5ce3cee89dc1,1
16521,f91da450-ffc7-443e-8927-4f5430bf8eb2,0
16522,f92b8dca-958e-4f77-b7aa-6e88e09b0768,1
16523,f92e0b98-a3aa-4b9f-a8fb-9e1a68618107,0
16524,f9328103-1139-4730-b992-8ef524f90d8b,1
16525,f9342bbf-bafa-424c-94be-a1c12dd4e4cf,1
16526,f934ee38-39cb-4e70-866e-b3ec653ee6fc,1
16527,f9361275-2e7e-4b6d-9525-816276791e50,1
16528,f93b02fd-7c80-460c-b196-d55a3b569dc9,0
16529,f93c73c1-0248-43c0-b250-9f255280e770,0
16530,f93dba7e-8f0c-49ef-9e71-27e32028227e,1
16531,f940e495-f259-4bc7-abaf-2d215d919645,1
16532,f940fc2d-890e-4c28-972f-5c5ac43374d6,1
16533,f9457d00-ebdd-40d2-aa3a-5be934ba71df,1
16534,f945fcf1-4666-44ef-b306-c76bec8628fb,1
16535,f948397b-7461-4be8-97ad-38415985fdf6,1
16536,f9491b78-9d0d-41a3-bfba-f430ae7d76f6,0
16537,f94adbfc-edd1-4d9d-8979-d8b20076ae73,0
16538,f94da437-653b-46e2-9b2e-338d2f716107,1
16539,f956cce3-f75f-4f4a-8922-f676757e65db,1
16540,f9638d38-b12b-414b-8cca-eeaca5e101c5,1
16541,f966c2bc-f037-4ee4-9e25-c6c79f25fcc6,1
16542,f967b7e9-6f67-4de8-ad9a-a9dfcffd66ff,1
16543,f96e0054-35f7-4e44-9c09-a4a2852c3898,0
16544,f972a379-7a93-45ff-9ad5-885bada91074,1
16545,f972a702-8ded-4e47-a0b9-34c9ae83559b,1
16546,f97378b7-75db-4f15-93f5-9c33141d737f,1
16547,f9797435-0334-486b-a228-a7d32685d352,0
16548,f97a48ad-11d3-42ce-b6a5-5094c6e23c99,1
16549,f97c4d3f-57b2-4f19-8ef3-d1b05dcec74a,1
16550,f97e2134-780e-4da7-8cbd-035a54aff615,1
16551,f97e29f0-9ba8-4577-8fe9-656dda039bcb,1
16552,f97e7202-3e97-4687-bcc6-e9d13940a188,1
16553,f980acf1-2a39-4d19-bcba-bd4020bf67d2,1
16554,f98b9f2c-a6d0-47aa-b60d-48d32d72df70,1
16555,f98cdb82-1c56-4774-8fbf-aa8c63ffee89,0
16556,f99fced5-a76b-4f2d-a7c1-56ccc899e442,0
16557,f9a8df8f-c29e-448e-b4f8-e0eba4440b06,1
16558,f9a915c7-ed63-4822-83c4-3fbe90236d68,1
16559,f9ab4abb-1324-4381-9263-0c372999bcb5,0
16560,f9ad4db5-1069-4fe1-929b-309383f55d94,1
16561,f9aec0c4-911a-4309-9288-04e6cfec128c,1
16562,f9b22c89-85c6-4140-9de9-c740ef6fb4f8,1
16563,f9b4a5fa-82db-46cc-827e-619aed141a8d,1
16564,f9b62b2c-f725-4a0b-9390-195d3c359d54,1
16565,f9ba275b-628b-40fa-9425-876a912452d6,0
16566,f9bac9a5-1ec2-445d-8ab3-0ce51b387f7a,1
16567,f9bf1f14-2e9e-421e-b220-841a6e1019c1,1
16568,f9c3140b-fb16-47f9-8ca0-a8ae70659a65,1
16569,f9c38775-9ca3-4d85-a5fb-d33945f914b0,0
16570,f9c6880e-a772-465f-88b3-19bc90e70812,1
16571,f9cb7fd9-71cd-468a-9a04-4ff9a87c156d,1
16572,f9d17769-29b6-4edb-8337-1bc238387e95,1
16573,f9d57b57-1746-48cc-841c-2e888a7a3411,0
16574,f9d7a1fb-6904-400c-a622-4eeb4af8f9fe,1
16575,f9d885bd-4a6b-412b-bab4-804dba144be6,0
16576,f9dcdc28-d997-4df3-bb37-cfda783f1940,1
16577,f9dd70bb-4a1e-4d68-8118-a9eee09fbbd5,1
16578,f9dd7f88-5012-4ac1-8d88-b01a3573a8b2,1
16579,f9dfde1d-79a3-43ef-8816-f88cfbf4158b,1
16580,f9e117b8-9d71-4993-8d0e-072d0364ff54,0
16581,f9e32765-8fb1-4ab2-b766-d4e9ddc194a3,0
16582,f9e5505d-7c29-475a-9924-34157dbaea04,1
16583,f9e9e791-5499-4af2-98b6-9cee228478e4,1
16584,f9ea5e1a-bcc6-4caa-b045-91f889328880,0
16585,f9ef4fa6-5152-456c-bb6d-97a933d164cf,1
16586,f9f1a3c8-2aef-4b1d-9d9f-172ae5781b2f,1
16587,f9f46b6e-3250-412e-a5a7-4a7580d58579,1
16588,f9f53c09-36d7-473c-82b3-ca01982fd429,1
16589,f9f983ba-2501-498f-9ac1-33b05509edc1,1
16590,f9fb299b-2e63-45b4-84ba-4d29c58667cd,1
16591,f9fda701-c80a-4c92-97e2-dea70998b699,1
16592,f9fef741-7314-45c2-a5e7-ef4198ee50d1,1
16593,fa06d76c-8de1-4f4c-aae6-2169f87ca41d,0
16594,fa07cb2b-0ea3-43e2-b769-7eaefa253478,1
16595,fa0a3cbe-45bf-4461-aceb-a9d6f1d88a5b,1
16596,fa0cc64c-0192-4176-a5f0-1f576d9bf0a8,1
16597,fa1272a9-b531-439b-a4b8-49f70d41afb6,1
16598,fa1825c2-d90d-4106-9e2f-679fd34062f1,0
16599,fa19e3e3-4977-43f1-9e2b-4fd701dba5a7,1
16600,fa1fc727-458c-4230-88d0-8c44038864c6,1
16601,fa2127da-f5c9-4d9b-8413-508cc0ba20db,1
16602,fa223c83-a807-475c-a393-2aee98bbda22,0
16603,fa2822e0-13fd-46c5-b782-d17d66abab2f,1
16604,fa283e65-6cd0-4dc9-846f-6b956ee8441b,1
16605,fa2f649c-c59b-42a2-b2e3-e53a9fc86c03,0
16606,fa318c9c-44ee-4d0f-a5c6-5d2e634100b8,1
16607,fa331f58-1dd4-4513-b221-48720fe4edde,1
16608,fa3464f9-b8ef-45b1-9f39-925dfd209d91,1
16609,fa34ffbc-dfde-40d1-aeba-70bcf258e281,1
16610,fa38d62a-28b0-4bef-8e75-a2fdc2cb8592,1
16611,fa3c9289-fc16-4a6f-b79d-cb7fc94bdf98,1
16612,fa4602a9-d180-4f94-9a1c-d523da78727a,1
16613,fa48ce63-ac9a-44b9-902e-844a7a0dc3bb,1
16614,fa4fcb49-e639-4c43-8c4d-b2e0dcbd7e00,1
16615,fa519312-3e1a-4961-a269-18a435b318fa,1
16616,fa531106-7b35-46ed-9a6d-67cbcb597629,1
16617,fa54365d-1a07-44c7-974f-453472fde6fb,1
16618,fa60253e-5b54-4022-9d72-a57c246a48c0,1
16619,fa6247e5-5f8b-4b7a-b319-ec5398ac1788,1
16620,fa68ad46-8b48-47df-a754-a4442e47fb46,1
16621,fa6ba181-a801-4c6c-b058-669787173a60,1
16622,fa6ee1ee-8329-401f-8814-6862d8b0019a,1
16623,fa7134c0-934f-4b52-b752-8a2e6a9189c9,0
16624,fa74e609-4408-40df-9ea0-7cf5fd6dd7bb,1
16625,fa79473b-e216-4dd6-ab46-e79d7a5b1813,0
16626,fa7a5d2c-ee59-41db-aaf1-381022d41953,1
16627,fa7de347-fafc-4888-8bd4-a3c3a7a47813,1
16628,fa865565-f6ed-4911-966c-f99f6b0fb957,0
16629,fa889d54-10f1-4c91-a6b8-e0d35511dc47,1
16630,fa8decb0-e514-4cda-8f35-c1a6c5811fe8,0
16631,fa91629a-7002-404e-860f-622d4836efc3,0
16632,fa979093-aa43-481d-a8c8-f634205b377f,1
16633,faa238af-3c2e-4fb0-91fe-c73d772e4e48,1
16634,faaad3fc-bee0-437e-b3b6-0533b204a84e,1
16635,faad2ff8-1c93-4c1e-a290-3fda30db96ed,1
16636,fab16796-22f5-4085-a9d3-680e64861993,1
16637,fab81e71-f3eb-4ca6-8b3a-d10068ac4823,1
16638,fabd4450-0ddd-44ab-b46b-ee21239ed006,1
16639,fac522ec-abdc-4e93-8d74-11fd3e60f7f0,1
16640,faca1be0-e663-4d32-bf27-0e4cd45619fb,1
16641,facd7c4d-853f-44ef-a3b2-47fddfb6dfae,1
16642,fad52e1f-7569-4a96-8118-8cec0b31dfbd,1
16643,fad846ee-f0b8-4399-b89a-366f9495e186,1
16644,fadf96b6-fafe-4191-a565-ff275e9f5e5b,0
16645,fae463ec-279f-45c1-a943-b8e99852a504,1
16646,faf8cfe8-dd0b-4750-b83a-0283388f5136,1
16647,fafa0f04-4f76-43e5-9989-0c48cda199d1,1
16648,fafaaff4-4cf8-465d-a8a4-9d16c0194525,1
16649,fafc81ea-4012-4761-b38b-351cc71697cf,1
16650,fb0397c8-1984-42dd-846c-51f7242a0b45,1
16651,fb17f887-0d69-4893-a969-b0ad6ff37e50,0
16652,fb196dff-47de-4d4f-a1e6-04e340a22d09,1
16653,fb1ec43c-6e41-431b-8b13-6db31ba90e40,1
16654,fb26613e-f606-4c43-9057-364acbfb543c,1
16655,fb2808ab-4b83-4c61-ac28-9c38c1054c8f,1
16656,fb2fbd9a-2228-4c57-8c60-4ca83e98fcb6,1
16657,fb2fbeca-c388-4919-a296-470fd2871e4d,0
16658,fb35b14f-53c5-49e6-a9b5-4ef2ccdb4102,1
16659,fb37106e-430f-496d-97ad-b195c60544ba,1
16660,fb47f6f4-90a3-4dd2-a612-ebbec2b8041d,1
16661,fb4bfefa-fb4a-462e-a38d-f55dc3f333dd,1
16662,fb4e47c0-33f3-4fac-a5e2-6464079f903b,1
16663,fb4e7627-992a-4b4e-ac58-40232d44dac2,1
16664,fb53cb20-9971-4c6a-a5e4-6d067c0b89cb,1
16665,fb53cc03-9aec-4b14-af3e-8df6913ba357,1
16666,fb54d346-8c14-4c03-ad2d-9579c0abd1e4,1
16667,fb568dfb-ff61-43ec-8f47-b82fce2fa0f7,1
16668,fb5b621d-d6fd-486e-9f94-6e954e9530e9,1
16669,fb5b664e-946e-44fe-ae5e-57662e3a3c5f,0
16670,fb5b8aa5-dbaa-4346-813c-aa5e044a002f,1
16671,fb5be528-6250-4421-8c85-984e5c7f7492,1
16672,fb61d04f-cb49-49e9-97aa-d85d4228cd04,1
16673,fb654195-23ac-432d-9727-a79493f613da,1
16674,fb66ccc7-83bd-4abd-9f89-2c0552099520,1
16675,fb66d679-919c-4f66-9e99-c1b9cd794e6d,1
16676,fb6736aa-8f51-4761-88e4-d28c4d1a68ed,1
16677,fb6a0aa5-3d5e-4709-ae14-3c15ae42c3a1,1
16678,fb6fbf2c-11e9-4bc2-a8b3-29a82e040a33,1
16679,fb74804f-86b3-4db5-b196-000ec21c790b,0
16680,fb7486cb-1165-4f96-9fcd-d3d51a6cfe61,1
16681,fb7a75a0-ad72-4600-8797-9d0b34f4b90e,1
16682,fb7d8ebf-a990-42cd-9489-5d483f9d2c29,1
16683,fb816d83-8bc6-4c92-a80a-a89f348cf14b,1
16684,fb8d4e15-28e8-446a-9ba2-c78aa250b2e7,1
16685,fb914170-a880-4f88-a143-d3056ed95dac,1
16686,fb93bcee-3b0c-4a76-b59b-27c55becd82f,1
16687,fb999010-3f3d-40f6-b3fd-37a48f5f8d5d,1
16688,fb9cb557-9b05-4de6-bdad-7ba7622788c4,1
16689,fba02d21-f14e-4ee9-aab6-ef0ec00cde1a,0
16690,fba55a5d-3515-45ce-937b-88cd2876e781,1
16691,fbb6221b-7443-4209-baea-97d71a797fa7,0
16692,fbbff8e2-e41a-4cbd-b76b-78391dfa3f53,0
16693,fbc107ea-f4b0-4857-932d-43d61275948a,1
16694,fbc38b15-ed6b-468b-8722-28840f846889,1
16695,fbc4f4f8-3a97-4752-b26e-1ecdc1c839f1,1
16696,fbc8739b-05f5-45f9-aa1a-f1fcf1c157b2,1
16697,fbd3355d-308d-4352-8665-321d6aedfde6,1
16698,fbd39f1f-63de-4534-a75c-1fa97ff0c54a,1
16699,fbd97594-12c3-4874-8853-0641611bbf97,1
16700,fbdff058-f44b-4b53-bb3e-b602fa4df5c3,1
16701,fbe05995-94c8-4bba-b167-26beb234b94f,1
16702,fbe29b04-1dd8-4969-ba61-8621aeb4ca6e,1
16703,fbea6e62-3445-46da-8263-3a0dd1272302,1
16704,fbee357f-3dbc-4864-95f5-1c06fb05615a,1
16705,fbf5a735-830b-4e97-80ba-e6fea1843a4a,1
16706,fbf697cc-a2ec-41d0-93d8-7d150640a27c,1
16707,fbf6ec6c-9c55-41e1-b553-f13e66960f01,1
16708,fbf9726c-af4a-432a-983b-899d695f9893,1
16709,fbffb9cc-91f1-4143-b696-e98124ee7223,1
16710,fc000ded-ef11-47c2-a120-7a9d2dfdff1c,1
16711,fc03b1a5-7b5b-4be6-939c-e9d32ffbd42c,0
16712,fc06e167-a60c-4457-8149-7bdf37984104,1
16713,fc0878d1-7da9-4e91-87e8-41934260519a,0
16714,fc10d30c-8825-43d6-9145-181f843b4c40,1
16715,fc140760-de4c-432f-9423-e65fe3dd4da2,1
16716,fc14beef-9886-4684-a273-c8cb79f5046f,1
16717,fc2d1462-8970-4abe-bbf3-52344b320b6f,1
16718,fc32c675-57e2-4dae-a68c-fa0eabb9fc97,0
16719,fc38d0c5-a4d3-43f7-8b11-2263be43840e,1
16720,fc398a94-58d8-4d03-9e59-b400fdc3a704,0
16721,fc3c5e88-59fe-4bc9-b410-cc3adc571833,0
16722,fc435dd0-ab15-4b93-9720-c796e940697f,1
16723,fc43875a-64f6-4e50-a9c8-0af82485c599,1
16724,fc471518-2940-41f2-9efb-470ed0d3a90c,1
16725,fc4b3c12-202d-4887-ae02-665a22601b32,1
16726,fc4fe6a4-6034-47a8-b808-5d4516d9b2df,1
16727,fc502757-0ac0-4d28-bb27-164efa9b1c5d,1
16728,fc573524-d543-4c7d-a4f5-2fa93043e27f,1
16729,fc5a5ef5-9c77-41e0-a36d-24aea5de6268,1
16730,fc62ddf7-a473-4b4b-84c1-d68eb9d06393,1
16731,fc64b356-67a4-40dc-85e1-7fe479edbc9c,1
16732,fc687c8e-77b7-49de-a023-f6f2d58f3d8f,1
16733,fc6dbb9a-1354-4874-897f-edac52a3c13a,1
16734,fc72b890-e995-4d63-992f-f9ab3431b788,1
16735,fc76fdba-52a3-4164-8084-ab8fb4b2e284,1
16736,fc7b5aac-912c-4cca-a76b-df51e8ff83f8,1
16737,fc801ff8-03ce-44ac-a35d-214db727da4b,1
16738,fc80b3ac-c8c8-4a3b-aeed-453944b1a140,1
16739,fc81da2b-a9da-4b0a-823b-bbe02b308a51,1
16740,fc82233e-b5a0-49ad-a572-4400b6f15555,1
16741,fc8c947d-e317-4640-87cc-0869a55f3a37,1
16742,fc90ca7b-9a51-42d1-a561-c845eb4e4ef2,1
16743,fc913332-2b3b-44c4-ab0c-0722d50f0208,1
16744,fc9715af-d1bd-4525-a292-37d147d4b2c2,0
16745,fc97c27b-8f16-484c-8d48-459545e6accb,1
16746,fc9849f6-4458-4782-ba05-40a29f8046d2,1
16747,fc99dfe0-8dca-465a-b8d2-ab71dbfd3d35,1
16748,fc9b0337-82ed-4ec0-a48f-bf49d2af158d,1
16749,fca136bc-ba65-46b4-9931-bbe153677915,1
16750,fca34d17-0207-4de5-8f57-91d838b147f3,0
16751,fca74e79-fe67-4095-994c-54f82e31aec8,1
16752,fca9b36a-89b6-4b5e-bf58-3de3e873f766,1
16753,fcb19a9f-2f32-45ee-ba84-c6e371092173,0
16754,fcb5920a-c9b2-44ed-a8bb-94ca0d4b07d3,1
16755,fcb991cf-6da5-4a66-8dce-f39966e40b0d,1
16756,fcba37af-e0dc-4881-99cb-914a9d56c870,1
16757,fcbe89a4-168c-4478-90ad-ed2239b5b80a,1
16758,fcc3231a-2c01-4410-9c8e-f35e0ba14f85,1
16759,fcc76570-a180-4e6f-a086-c693ab8edef4,0
16760,fcc94718-f95c-41c4-a6d2-632e755e7461,1
16761,fcca0477-bbae-4082-b799-a810bf9b86a5,1
16762,fccb266d-2cb9-41b3-acb2-62f9e2e934a3,1
16763,fccbda82-8384-4fcd-8c9b-4a6338705ff8,1
16764,fccbeec5-f893-49ea-a8af-f81c86161c26,1
16765,fccf72e3-7231-42f1-a726-a48ea361b817,1
16766,fcd4a2f7-fed6-4ae0-8cad-06a0e0ad6340,1
16767,fcd4d954-5c20-4176-8a6a-2515edaaf801,1
16768,fcd50478-bb1e-418b-ab96-fe7e720fc5be,1
16769,fcd53b7e-c31f-4b96-9e14-bb603693f19a,1
16770,fcd5d68e-3e85-4423-b80d-1f7e8bd3f41b,1
16771,fcdd1ca5-bb1e-4a8a-a65a-46cd95285266,1
16772,fcdd9823-21c5-48d1-950b-eb4c85f8d54e,0
16773,fcdf71a6-ec27-4139-bf22-626c169d6081,1
16774,fce7914b-3eec-415a-b4b2-b1259ba5d431,1
16775,fce7e590-a9ef-4edc-b4cb-a9ba4216add4,0
16776,fcf3a97e-a34f-49d8-a154-594375d5b435,1
16777,fcf70c52-c3bf-485f-97a0-1d8a2c9150f1,1
16778,fcf7d94d-1027-4ff2-98ab-3a38e1d879b5,1
16779,fd05a168-2990-472a-bab9-e174f3e88607,1
16780,fd062244-e2ae-4340-98bb-1a0ea71f3ce7,0
16781,fd076096-3593-4f48-a4a6-7fb751f8ae0b,1
16782,fd093fc7-b35e-429c-932c-c53d60f1664e,1
16783,fd0f40d0-5bc1-42bf-bfe3-a7fe73f3edaa,1
16784,fd10bf3c-fd61-4f57-b9c4-1163b5d55546,0
16785,fd16286a-7f8c-4379-904a-89909f2af1c8,0
16786,fd16a849-1836-4de3-9b03-cc3e9a49769c,1
16787,fd184f8d-6e8c-4535-b30d-ca47f4c50e89,1
16788,fd195318-842b-49ad-9993-30c095a0f1d7,1
16789,fd1ca052-a568-468a-ad8b-18bfa7c03dbc,1
16790,fd2cd342-03bd-4d5d-b964-ada99ec9f304,1
16791,fd383ad4-6028-4f0d-a2f7-5c06960e0615,1
16792,fd3f1dad-0240-413c-9dc6-b2ac9c28bddc,1
16793,fd458944-da4d-41d2-a623-e05c8518cfc8,1
16794,fd4afced-33cc-4a95-941f-bc0958bb6b75,1
16795,fd4f8003-583f-4037-92c4-623041a3f7d5,1
16796,fd4fd4e4-006e-4788-9305-b584964f60f7,0
16797,fd52fbc4-a944-437e-bb62-0de14c4c0ddd,1
16798,fd53176d-0f81-49db-8e81-2d0f746ae1c6,1
16799,fd56c3c7-7f53-49f5-99b8-1aaa374435fb,1
16800,fd59680c-32fc-4628-9e0e-7c6c56d5771e,1
16801,fd59f077-9324-4f75-8a7d-e3a064de29cc,1
16802,fd5ab74d-f2ae-4280-9774-e46cbb60eb0d,1
16803,fd5d2a46-84c0-45c1-9bd8-9a08871d1c2c,1
16804,fd5de458-b7e5-449e-9678-d106894565a3,0
16805,fd5e9511-6fc1-4902-bfed-06b60b0ab887,1
16806,fd6ef0da-a9c3-4d7f-9486-a203e0e79303,0
16807,fd734eec-3806-4edd-a8a6-e6337504d3d5,1
16808,fd77a796-ad9f-4b9b-9144-dc1693c58af3,1
16809,fd795659-b7f7-451a-ac39-4cc751fe5c1d,1
16810,fd797720-b0ac-499e-9ab1-433fc087d24b,1
16811,fd7bc145-ff4b-4dc3-926a-d032ec5ebac3,0
16812,fd7ec252-76d6-43ac-8532-cf9bbe1ea24e,0
16813,fd804a60-77b4-4c7c-84e2-6b9088a44f1e,1
16814,fd80bd00-29c4-4366-815b-27e56c6bbf0d,0
16815,fd82e799-9f67-4709-983b-33e55d5d3d1e,0
16816,fd85bfdd-6d45-4de9-94e5-c29cd26038fa,1
16817,fd8cc35a-86d8-49c7-b476-6e06e93f8f2e,1
16818,fd8e81a9-3924-4431-a0fa-80a5099a3f2f,1
16819,fd923bde-b0c4-4404-bebf-b2db92a11027,1
16820,fda29f1c-1253-43dc-a69e-ae7572496de2,1
16821,fda3c3fa-7fb4-4c9b-9c8a-e7ebfb3b8ab2,1
16822,fda6a58f-9192-42bd-ae5f-5b709349af85,0
16823,fda8457e-db66-42d3-98de-dd6bbfdd7ddd,1
16824,fdaa5bb5-6c3f-4389-b804-8ede77142969,1
16825,fdb8e5b8-c08d-48d7-9221-47d64fcc762f,0
16826,fdbb7e43-038e-4a24-b6fe-b781ddb64bb8,1
16827,fdbb906f-9e27-40ba-b7d3-d0aeff6e670f,1
16828,fdc7666b-5640-422f-bd83-c51f325753b5,1
16829,fdc89bc6-dd05-447b-bf1c-b486230a73fd,0
16830,fdc954aa-f6a3-478b-9b61-3017005756c0,1
16831,fdc9a770-d4b2-4ae3-bfae-2ced0c8c833c,1
16832,fdcb3cad-b67c-402b-a306-2de84f83b826,1
16833,fdcd1b8f-6f4f-4ae1-8b30-58e5b53c7f9f,1
16834,fdcddf8e-434b-4088-aef6-a4c63fe6ad2f,1
16835,fdd3d0ea-e1c9-4c07-ad2f-6c0e0b1cb792,0
16836,fdd44cc9-3c97-4853-aecc-d54abfd75596,1
16837,fdd59e36-2ae9-4ab7-a47c-7678734c4ba4,0
16838,fdd8f5b0-9405-4b49-b3ae-28fad04e7d27,1
16839,fdde0979-0d4b-48d1-854d-6139a16b666e,1
16840,fde66972-b77d-404e-a8ae-159ecd08e036,1
16841,fde9ff0b-7287-4918-9685-3ec7e028bb2f,1
16842,fdebf5b7-f7b8-4367-98e9-98de0f1b29bf,1
16843,fdee0af0-1471-479e-933a-1333b0c0f304,1
16844,fdf2d91b-9b53-4ed4-add1-a0e99d0518a0,1
16845,fdf32588-e044-4eea-ab04-6f557ea52d13,1
16846,fdf738e7-a989-4817-a824-711f087515cb,1
16847,fdfa4bf6-0775-4a9e-aaae-996f79a1f43e,1
16848,fdfb0595-fe3f-43e4-9a03-aaaa0d5127b4,1
16849,fe09a48a-5dc2-4438-a6e5-88f68b09f80c,0
16850,fe0f3411-3c35-4e5a-9812-7c3bcfb78078,1
16851,fe194bce-846d-4db8-bb3a-e3456fd6c678,1
16852,fe1a63d0-0c32-4564-b1dc-b7e45157e657,1
16853,fe1bce7b-dd3f-4fae-b74a-86c651798090,1
16854,fe1f1d5d-501f-471d-a03e-af83ee2fcbdf,1
16855,fe1ffc10-50ce-4d2e-be63-714a4a1e0386,1
16856,fe213365-ecef-4a7b-866d-03d9f8e82ae1,1
16857,fe241ff3-841b-40d8-9cc9-a45957913fba,1
16858,fe268a25-fc75-48aa-ae46-f1565ed165c5,1
16859,fe2a2c93-d616-4c2f-a103-da08c9a6d2d3,1
16860,fe2dcde7-cc4c-4dac-a83f-86e7ade887d4,1
16861,fe414e19-08c0-4de1-9c90-dcb70f2b8e19,0
16862,fe41b472-08e3-49d5-936a-b485f18bba3b,0
16863,fe448cbf-4c6e-47b2-9211-9093062728cb,1
16864,fe45c8a6-c341-4429-bb64-a74a43ab534b,1
16865,fe4c9fe8-fca1-4d95-b2dc-24f98601ea34,0
16866,fe4fe082-9ccb-4fcc-baea-f2699f77cfcc,0
16867,fe557eed-5707-4ef7-adf7-edd0dd3a2152,1
16868,fe5a513f-9727-43b9-b397-c64396081f2d,1
16869,fe5f33aa-f0ce-4553-99a4-83337408ab5f,1
16870,fe5ffe27-91b6-4c20-ae99-bbc088917505,1
16871,fe64f38e-4aed-4693-b444-bf19e4bcefb1,0
16872,fe6d75d7-8970-435d-9673-994fdc574f45,0
16873,fe71a8b8-beee-41f5-84ec-12c1236ae4a4,1
16874,fe71eb42-75d3-4355-a8ae-059902389410,1
16875,fe723f9b-20d3-4eb8-a2f6-972dfa667b36,1
16876,fe778ba3-4a08-4263-8b26-b4b01532fa56,0
16877,fe793183-7b38-4f48-8660-fe6f336148be,1
16878,fe7b4f80-555c-4c28-a45a-ec01a064c965,1
16879,fe7b92ab-9f02-4f1a-8f02-5a2e67f82aff,1
16880,fe7dade5-b206-46e1-8326-65f7415cec95,0
16881,fe84dad2-3c74-4cc4-814a-cc5395b3eb9e,0
16882,fe852a2e-f243-46fb-a6cc-7c0f8d74dd21,0
16883,fe9062b9-687d-4368-ad14-ca238e99c7cb,1
16884,fe91ebcd-fe8d-4600-bcef-3ba8f18f1665,1
16885,fe99afc3-8c1e-498c-bb38-181d0cc8ac4f,0
16886,fe9a905e-6db2-4204-818e-22cfcb5c8fe6,0
16887,fe9b61e6-19df-4394-9626-c8adc7dd799f,1
16888,fe9d4b81-8244-4cc1-a3c8-949a70948351,1
16889,fe9dbc56-2b7a-486b-a054-ed7931772cc0,1
16890,fea1fc8c-56d1-44cb-a5ce-0a914f15aa41,1
16891,fea42bd3-3ab0-4d50-8fff-4ef16bb74908,0
16892,feaa6b38-68ed-4069-9ef5-12c79ccff358,0
16893,feaaefd7-150f-4c59-a268-47b6cb91c426,1
16894,feadef08-c820-4346-bd45-751b8cbdd25c,1
16895,feaeae77-3544-4ba6-a6a3-680a7bdc9616,0
16896,feb252d2-2323-4136-8cb4-c76e0353307a,1
16897,feb56108-5aca-4858-be04-5779b2150de9,1
16898,feb71aa0-f1eb-4a33-98bc-5fadea51d31b,1
16899,fec00bb6-bfd9-4b44-ab59-0d20c02bd34c,0
16900,fec030b8-bcc7-4441-9517-1ba824431ab8,1
16901,fec14c91-4730-43b9-887f-e6f892cfb606,1
16902,fec734aa-4a46-4690-a4ef-20eeed6464f2,0
16903,fecb9ccf-bc78-4a02-bf4c-e3fe67d81208,0
16904,fecc6409-6563-4f87-b9ac-d348f4d80624,1
16905,fedcf9f5-6b07-4d36-b4eb-aff3c3c509e2,1
16906,fede462a-6bc0-494a-af62-7fe7a5e3daca,1
16907,fee33ac5-26d6-4563-9537-97c0ff8fa62c,0
16908,fee5750d-32d5-46af-aec8-57ff7aeefb94,1
16909,fee78099-6430-42f0-b405-3cbd99d20ead,1
16910,fee81eb2-ee20-4e0c-a94c-b73a9fa3b1d8,1
16911,feea5107-b59c-497d-bf74-aaae9d6006a0,1
16912,feeaf1c0-ed33-498c-8d9e-043221c8d058,1
16913,feeb0a6f-8575-4263-b42a-e32152455af4,1
16914,feee4917-a5bf-4845-81d2-88ced68e05f9,1
16915,feee9d55-5987-4038-9f84-5705b54d7726,0
16916,fef527c3-7a48-462f-a2dc-a1f3e53aac38,0
16917,fef636cd-433c-4e92-bfe1-528efc75c28e,1
16918,fef6725e-440d-41de-8a10-569f595f46d5,1
16919,fef914fe-376c-46c4-9796-562b1922f9e2,1
16920,ff0619f0-e027-455a-8244-3388d53ca9a5,1
16921,ff0cc177-1e5e-4320-a391-d6cc1b86695c,0
16922,ff147f8a-8d62-4e56-9243-cc07d78f745e,1
16923,ff1e114b-e56f-44e1-87bc-a4115fdae3cd,1
16924,ff1e96b8-a4f1-4164-8696-6757aff0ce8d,1
16925,ff1f04fa-44d8-4868-a4fa-efa3603cc859,1
16926,ff1f70a9-e802-4fee-8bb9-672cc9d30dd4,1
16927,ff1f9d95-3189-4cac-8121-309ee730ce2b,1
16928,ff22ffed-21ef-41f6-9f59-b38ee82fd2e1,1
16929,ff230264-de06-4500-882f-bd70bda43ddb,1
16930,ff23a009-7a90-4d68-a3e7-69f209ac5572,0
16931,ff24deb7-a4bb-4ebe-bc3a-56991c994a30,0
16932,ff2815bf-c195-4c31-87a5-229e8372666c,1
16933,ff2d22fa-c45b-4ec2-94c8-7d187996a40d,1
16934,ff308ac5-6ad8-41fa-af14-c5cfc4b05690,1
16935,ff310f98-9076-4649-ae86-8a84ae492757,1
16936,ff32ffc1-9b2d-450c-a047-698bbb9d830e,1
16937,ff472597-d42d-4279-905e-38f326666cba,1
16938,ff486440-8a54-42ab-b56b-7e2c37368ef8,1
16939,ff4c34ec-c61f-4323-8152-8842554608c0,0
16940,ff4e3bdc-3265-4efc-8709-decb60a374a4,0
16941,ff4f45ff-e9a5-4392-9077-ba07ebce29cb,1
16942,ff5069f4-b235-4cb8-914f-1fb3d879aa08,1
16943,ff56da52-f1de-4ad4-b12b-3c29e0170cd0,1
16944,ff595171-b65b-4b13-8f7d-0a7f360b0803,1
16945,ff5a9bbf-31b5-42e7-97a4-3efe36c8faf9,1
16946,ff5b0aad-6928-4074-aed9-101b46855bfe,1
16947,ff5d8ad6-0496-4f73-a75a-431b617aada1,1
16948,ff5fbc88-d40c-45a7-85cd-46038306c990,1
16949,ff65a435-b635-4b1b-b050-3118e1f9b21e,1
16950,ff65a5a0-de26-4545-a1f6-8b2cb52cc81c,1
16951,ff6635dd-72ce-424b-ae0e-08bd27fa0912,1
16952,ff6b2f42-87ac-45ca-8bea-416ebb8d4673,1
16953,ff6f8331-6661-4cd5-93c1-f0fe0bfeabe3,1
16954,ff726838-1ec4-4c43-9847-9d3ad4026d0c,1
16955,ff72ca1a-74ca-4aaf-b715-f83515209e03,0
16956,ff73b1c0-635a-493c-a641-35826475a213,1
16957,ff73f497-b399-4c9e-ba89-4230c6429efa,1
16958,ff7e4f72-c541-46b2-ad4e-fd52ffaacb21,1
16959,ff8472b1-7a3f-4be3-ba6e-d9129aba0f77,1
16960,ff8799b5-6fee-4a44-8de9-d5cec143b043,1
16961,ff885ae1-bd67-4320-be37-4bbaede5dc40,1
16962,ff8a8ef3-d70a-4a45-9e8f-22ac70f7ccc5,1
16963,ff8e41d1-2fc7-44fb-b97b-347b15734dc0,0
16964,ff8f1dcd-6699-4864-8481-2785dcac089d,1
16965,ff9608c1-c75d-482e-b277-19072aa1480f,1
16966,ff96aa3c-b617-4384-96b1-0b22406761f5,1
16967,ff98148e-851e-45fb-a955-042820208d99,1
16968,ff9846e0-a75d-465f-a374-895a43988fb7,1
16969,ff99915c-a8e8-4dbf-ae4a-68149dcd2e25,1
16970,ff9fbe04-f319-4137-b313-948af5d08a34,0
16971,ffa2004e-3a0d-445d-982f-f10450228c9c,1
16972,ffa5d7da-f8fd-40ce-897e-5a0925f655ad,0
16973,ffa82f88-4793-4aee-8db2-8a1e83a3d336,1
16974,ffb1da6b-e223-40ea-9a4d-89cd79818eb2,0
16975,ffb2623f-e366-4987-8693-51b7eee36536,0
16976,ffb41071-7296-44ec-93a7-e17cd6c66916,1
16977,ffb47c26-b52d-435e-bce2-bf5e878ebd71,1
16978,ffbcbea6-1c53-4f34-9587-6c0e66479353,1
16979,ffbff0c1-f92d-485d-b8cd-1a4bb72babfb,1
16980,ffc2eda4-4560-4381-91dc-0cd4ce342263,1
16981,ffc57846-b15d-42c0-9854-a201e4d43401,1
16982,ffc67ccd-8784-462a-bca9-ed9ea754e2d6,1
16983,ffcdbc4a-0826-4487-a02c-57fdef727abb,1
16984,ffd23147-cff7-4b64-8ba2-b447d101e498,1
16985,ffd29fcc-0230-4050-9414-a4320ba6b9ff,1
16986,ffd4e2f4-c6f0-4a80-8988-64c619779f56,0
16987,ffd5f6d5-abf5-48f9-9331-5568fa9fadb2,1
16988,ffd7024f-a6f5-4f3d-8b23-43fc0a8f1137,1
16989,ffd70832-c6f1-4843-bbe1-4fcf0da9bda6,1
16990,ffdb2f18-8420-4bf4-842a-3bb522f4ff28,1
16991,ffdbbb2d-1dac-4d97-84a1-456d25d1cda3,1
16992,ffdd2457-59ce-4703-8ba2-f2eb13482f06,1
16993,ffdd656f-bc80-470c-b0ae-748893b1bd0f,1
16994,ffe398bb-08eb-4570-be61-fa9792534075,1
16995,ffe3b785-d4a2-4548-93de-1d5cc9ce8b1c,1
16996,ffe954a8-04dc-49ed-bdce-307956f59816,1
16997,ffe9b6f8-a2df-4619-a403-942eae6e57bf,1
16998,ffeb113a-f705-4383-b804-34e9bb446f67,1
16999,fffa2453-fb42-4b5b-a68a-aeae8134e153,1
17000,fffa3e6d-8f23-483e-9d1d-01fa70e08bab,1
17001,fffe2a21-2db8-4402-b21e-4bf824900493,1
17002,fffefa7e-31b7-4d2c-abaa-50304ed774d5,0
